id_comanda,nume_restaurant,nume_produs,categorie_standard,cantitate,pret_unitar_ron,total_linie_ron
ORD-202608-00001,Restaurantul Nostru,Cappuccino cu Spumă de Lapte,Băuturi Răcoritoare & Cafea,2,15.0,30.0
ORD-202608-00001,Restaurantul Nostru,Frăție de Mici & Cârnați,Preparate la Grătar & Mici,1,54.0,54.0
ORD-202608-00001,Restaurantul Nostru,Salată de Vinete Coapte pe Plită,Aperitive & Gustări,2,24.0,48.0
ORD-202608-00001,Restaurantul Nostru,Cârnați Picanți de Pleșcoi,Cârnați & Platouri,1,42.0,42.0
ORD-202608-00001,Restaurantul Nostru,Limonadă Proaspătă cu Miere și Mentă 0.5L,Băuturi Răcoritoare & Cafea,1,20.0,20.0
ORD-202608-00002,Restaurantul Nostru,Bere Ciuc Premium la Draught 0.4L,Băuturi Alcoolice & Bere,1,14.0,14.0
ORD-202608-00002,Restaurantul Nostru,Platou Boieresc (2-3 persoane),Cârnați & Platouri,1,145.0,145.0
ORD-202608-00003,Restaurantul Nostru,Cartofi Prăjiți cu Usturoi și Parmezan,Garnituri,1,18.0,18.0
ORD-202608-00003,Restaurantul Nostru,Cappuccino cu Spumă de Lapte,Băuturi Răcoritoare & Cafea,2,15.0,30.0
ORD-202608-00003,Restaurantul Nostru,Burger Casei cu Cartofi Prăjiți,Mâncăruri Gătite & Specialități,1,49.0,49.0
ORD-202608-00003,Restaurantul Nostru,Ciorbă de Văcuță,Ciorbe & Supe,1,25.0,25.0
ORD-202608-00003,Restaurantul Nostru,Smântână Proaspătă 20%,Sosuri & Extra,1,5.0,5.0
ORD-202608-00004,Restaurantul Nostru,Bere Nepasteurizată Zăganu 0.5L,Băuturi Alcoolice & Bere,1,22.0,22.0
ORD-202608-00004,Restaurantul Nostru,Varză Călită în Vin cu Chimen,Garnituri,1,15.0,15.0
ORD-202608-00004,Restaurantul Nostru,Salată Caesar cu Pui la Grătar,Salate,3,38.0,114.0
ORD-202608-00005,Restaurantul Nostru,Platou Boieresc (2-3 persoane),Cârnați & Platouri,1,145.0,145.0
ORD-202608-00005,Restaurantul Nostru,Bere Ciuc Premium la Draught 0.4L,Băuturi Alcoolice & Bere,1,14.0,14.0
ORD-202608-00005,Restaurantul Nostru,Ciorbă Rădăuțeană de Pui,Ciorbe & Supe,1,26.0,26.0
ORD-202608-00005,Restaurantul Nostru,Sarmale Românești în Foi de Varză (4 buc),Mâncăruri Gătite & Specialități,1,44.0,44.0
ORD-202608-00005,Restaurantul Nostru,Bere Heineken 0.33L,Băuturi Alcoolice & Bere,1,16.0,16.0
ORD-202608-00006,Restaurantul Nostru,Ștrudel de Mere cu Sos de Vanilie,Desert,1,25.0,25.0
ORD-202608-00006,Restaurantul Nostru,Ciorbă de Văcuță,Ciorbe & Supe,1,25.0,25.0
ORD-202608-00006,Restaurantul Nostru,Frăție de Mici & Cârnați,Preparate la Grătar & Mici,1,54.0,54.0
ORD-202608-00007,Restaurantul Nostru,Ciorbă de Burtiță Tradițională,Ciorbe & Supe,1,28.0,28.0
ORD-202608-00007,Restaurantul Nostru,Pastramă de Oaie la Tigaie cu Mămăligă,Mâncăruri Gătite & Specialități,1,56.0,56.0
ORD-202608-00007,Restaurantul Nostru,Țuică de Prune Ardelenească 50ml,Băuturi Alcoolice & Bere,2,18.0,36.0
ORD-202608-00008,Restaurantul Nostru,Tochitură Moldovenească cu Mămăligă,Mâncăruri Gătite & Specialități,1,48.0,48.0
ORD-202608-00008,Restaurantul Nostru,Salată Caesar cu Pui la Grătar,Salate,3,38.0,114.0
ORD-202608-00008,Restaurantul Nostru,Bulz Ardelenesc la Grătar,Aperitive & Gustări,1,32.0,32.0
ORD-202608-00008,Restaurantul Nostru,Ceafă de Porc la Grătar,Preparate la Grătar & Mici,2,38.0,76.0
ORD-202608-00009,Restaurantul Nostru,Limonadă Proaspătă cu Miere și Mentă 0.5L,Băuturi Răcoritoare & Cafea,1,20.0,20.0
ORD-202608-00009,Restaurantul Nostru,Bere Heineken 0.33L,Băuturi Alcoolice & Bere,1,16.0,16.0
ORD-202608-00009,Restaurantul Nostru,Cappuccino cu Spumă de Lapte,Băuturi Răcoritoare & Cafea,1,15.0,15.0
ORD-202608-00009,Restaurantul Nostru,Salată Caesar cu Pui la Grătar,Salate,2,38.0,76.0
ORD-202608-00010,Restaurantul Nostru,Smântână Proaspătă 20%,Sosuri & Extra,1,5.0,5.0
ORD-202608-00010,Restaurantul Nostru,Șnițel Gigant de Pui Pane,Mâncăruri Gătite & Specialități,1,36.0,36.0
ORD-202608-00010,Restaurantul Nostru,Muștar Clasic,Sosuri & Extra,1,4.0,4.0
ORD-202608-00011,Restaurantul Nostru,Sarmale Românești în Foi de Varză (4 buc),Mâncăruri Gătite & Specialități,1,44.0,44.0
ORD-202608-00011,Restaurantul Nostru,Ciorbă de Perișoare,Ciorbe & Supe,1,24.0,24.0
ORD-202608-00011,Restaurantul Nostru,Varză Călită în Vin cu Chimen,Garnituri,1,15.0,15.0
ORD-202608-00011,Restaurantul Nostru,Salată de Ardei Copți,Salate,1,16.0,16.0
ORD-202608-00012,Restaurantul Nostru,Cârnați Picanți de Pleșcoi,Cârnați & Platouri,3,42.0,126.0
ORD-202608-00012,Restaurantul Nostru,Varză Călită în Vin cu Chimen,Garnituri,1,15.0,15.0
ORD-202608-00012,Restaurantul Nostru,Platou Boieresc (2-3 persoane),Cârnați & Platouri,1,145.0,145.0
ORD-202608-00012,Restaurantul Nostru,Platou Cârnați Asortați,Cârnați & Platouri,2,95.0,190.0
ORD-202608-00013,Restaurantul Nostru,Lava Cake cu Înghețată de Vanilie,Desert,1,28.0,28.0
ORD-202608-00013,Restaurantul Nostru,Fasole Bătută cu Ceapă Călită,Aperitive & Gustări,1,20.0,20.0
ORD-202608-00014,Restaurantul Nostru,Salată Caesar cu Pui la Grătar,Salate,1,38.0,38.0
ORD-202608-00014,Restaurantul Nostru,Șnițel Gigant de Pui Pane,Mâncăruri Gătite & Specialități,1,36.0,36.0
ORD-202608-00014,Restaurantul Nostru,Iahnie de Fasole cu Bacon,Garnituri,3,16.0,48.0
ORD-202608-00014,Restaurantul Nostru,Frigărui de Berbecuț,Preparate la Grătar & Mici,1,58.0,58.0
ORD-202608-00014,Restaurantul Nostru,Salată Grecească,Salate,1,34.0,34.0
ORD-202608-00015,Restaurantul Nostru,Varză Călită în Vin cu Chimen,Garnituri,1,15.0,15.0
ORD-202608-00015,Restaurantul Nostru,Sos Barbeque,Sosuri & Extra,1,6.0,6.0
ORD-202608-00015,Restaurantul Nostru,Frăție de Mici & Cârnați,Preparate la Grătar & Mici,1,54.0,54.0
ORD-202608-00015,Restaurantul Nostru,Smântână Proaspătă 20%,Sosuri & Extra,1,5.0,5.0
ORD-202608-00015,Restaurantul Nostru,Salată de Ardei Copți,Salate,1,16.0,16.0
ORD-202608-00016,Restaurantul Nostru,Platou Gustări Rece Tradiționale,Cârnați & Platouri,1,85.0,85.0
ORD-202608-00016,Restaurantul Nostru,Bere Ciuc Premium la Draught 0.4L,Băuturi Alcoolice & Bere,1,14.0,14.0
ORD-202608-00016,Restaurantul Nostru,Smântână Proaspătă 20%,Sosuri & Extra,1,5.0,5.0
ORD-202608-00016,Restaurantul Nostru,Pastramă de Oaie la Tigaie cu Mămăligă,Mâncăruri Gătite & Specialități,1,56.0,56.0
ORD-202608-00017,Restaurantul Nostru,Platou Boieresc (2-3 persoane),Cârnați & Platouri,1,145.0,145.0
ORD-202608-00017,Restaurantul Nostru,Tochitură Moldovenească cu Mămăligă,Mâncăruri Gătite & Specialități,1,48.0,48.0
ORD-202608-00017,Restaurantul Nostru,Fasole Bătută cu Ceapă Călită,Aperitive & Gustări,1,20.0,20.0
ORD-202608-00017,Restaurantul Nostru,Platou Cârnați Asortați,Cârnați & Platouri,1,95.0,95.0
ORD-202608-00017,Restaurantul Nostru,Țuică de Prune Ardelenească 50ml,Băuturi Alcoolice & Bere,1,18.0,18.0
ORD-202608-00018,Restaurantul Nostru,Țuică de Prune Ardelenească 50ml,Băuturi Alcoolice & Bere,1,18.0,18.0
ORD-202608-00018,Restaurantul Nostru,Sarmale Românești în Foi de Varză (4 buc),Mâncăruri Gătite & Specialități,2,44.0,88.0
ORD-202608-00019,Restaurantul Nostru,Cașcaval Pane Crocant,Aperitive & Gustări,1,28.0,28.0
ORD-202608-00019,Restaurantul Nostru,Sarmale Românești în Foi de Varză (4 buc),Mâncăruri Gătite & Specialități,1,44.0,44.0
ORD-202608-00019,Restaurantul Nostru,Platou Cârnați Asortați,Cârnați & Platouri,1,95.0,95.0
ORD-202608-00019,Restaurantul Nostru,Țuică de Prune Ardelenească 50ml,Băuturi Alcoolice & Bere,2,18.0,36.0
ORD-202608-00020,Restaurantul Nostru,Mici Românești de Vită-Porc (1 buc),Preparate la Grătar & Mici,1,7.5,7.5
ORD-202608-00020,Restaurantul Nostru,Platou Boieresc (2-3 persoane),Cârnați & Platouri,1,145.0,145.0
ORD-202608-00020,Restaurantul Nostru,Vin Purcari Rară Neagră Sticlă 0.75L,Băuturi Alcoolice & Bere,2,95.0,190.0
ORD-202608-00020,Restaurantul Nostru,Cașcaval Pane Crocant,Aperitive & Gustări,2,28.0,56.0
ORD-202608-00020,Restaurantul Nostru,Pastramă de Oaie la Tigaie cu Mămăligă,Mâncăruri Gătite & Specialități,2,56.0,112.0
ORD-202608-00021,Restaurantul Nostru,Piept de Pui la Grătar,Preparate la Grătar & Mici,1,34.0,34.0
ORD-202608-00021,Restaurantul Nostru,Ciorbă de Burtiță Tradițională,Ciorbe & Supe,1,28.0,28.0
ORD-202608-00021,Restaurantul Nostru,Limonadă Proaspătă cu Miere și Mentă 0.5L,Băuturi Răcoritoare & Cafea,1,20.0,20.0
ORD-202608-00021,Restaurantul Nostru,Clătite cu Finetti și Banane (2 buc),Desert,1,22.0,22.0
ORD-202608-00021,Restaurantul Nostru,Ceafă de Porc la Grătar,Preparate la Grătar & Mici,1,38.0,38.0
ORD-202608-00022,Restaurantul Nostru,Bere Heineken 0.33L,Băuturi Alcoolice & Bere,2,16.0,32.0
ORD-202608-00022,Restaurantul Nostru,Piure de Cartofi cu Unt,Garnituri,1,16.0,16.0
ORD-202608-00022,Restaurantul Nostru,Coș de Pâine de Casă,Sosuri & Extra,1,7.0,7.0
ORD-202608-00022,Restaurantul Nostru,Supă Cremă de Legume cu Crutoane,Ciorbe & Supe,1,22.0,22.0
ORD-202608-00022,Restaurantul Nostru,Lava Cake cu Înghețată de Vanilie,Desert,1,28.0,28.0
ORD-202608-00023,Restaurantul Nostru,Coș de Pâine de Casă,Sosuri & Extra,1,7.0,7.0
ORD-202608-00023,Restaurantul Nostru,Muștar Clasic,Sosuri & Extra,2,4.0,8.0
ORD-202608-00024,Restaurantul Nostru,Cartofi Prăjiți cu Usturoi și Parmezan,Garnituri,3,18.0,54.0
ORD-202608-00024,Restaurantul Nostru,Lava Cake cu Înghețată de Vanilie,Desert,1,28.0,28.0
ORD-202608-00024,Restaurantul Nostru,Mămăliguță Caldă,Garnituri,1,8.0,8.0
ORD-202608-00024,Restaurantul Nostru,Cârnați Picanți de Pleșcoi,Cârnați & Platouri,1,42.0,42.0
ORD-202608-00025,Restaurantul Nostru,Țuică de Prune Ardelenească 50ml,Băuturi Alcoolice & Bere,1,18.0,18.0
ORD-202608-00025,Restaurantul Nostru,Mici de Oaie și Vită (1 buc),Preparate la Grătar & Mici,1,8.5,8.5
ORD-202608-00025,Restaurantul Nostru,Sarmale Românești în Foi de Varză (4 buc),Mâncăruri Gătite & Specialități,1,44.0,44.0
ORD-202608-00025,Restaurantul Nostru,Frăție de Mici & Cârnați,Preparate la Grătar & Mici,1,54.0,54.0
ORD-202608-00026,Restaurantul Nostru,Salată Caesar cu Pui la Grătar,Salate,1,38.0,38.0
ORD-202608-00026,Restaurantul Nostru,Platou Boieresc (2-3 persoane),Cârnați & Platouri,1,145.0,145.0
ORD-202608-00026,Restaurantul Nostru,Bere Nepasteurizată Zăganu 0.5L,Băuturi Alcoolice & Bere,1,22.0,22.0
ORD-202608-00026,Restaurantul Nostru,Fasole Bătută cu Ceapă Călită,Aperitive & Gustări,1,20.0,20.0
ORD-202608-00027,Restaurantul Nostru,Mujdei de Usturoi Tradițional,Sosuri & Extra,1,5.0,5.0
ORD-202608-00027,Restaurantul Nostru,Lava Cake cu Înghețată de Vanilie,Desert,1,28.0,28.0
ORD-202608-00028,Restaurantul Nostru,Bulz Ardelenesc la Grătar,Aperitive & Gustări,1,32.0,32.0
ORD-202608-00028,Restaurantul Nostru,Tochitură Moldovenească cu Mămăligă,Mâncăruri Gătite & Specialități,1,48.0,48.0
ORD-202608-00028,Restaurantul Nostru,Limonadă Proaspătă cu Miere și Mentă 0.5L,Băuturi Răcoritoare & Cafea,1,20.0,20.0
ORD-202608-00029,Restaurantul Nostru,Sos Barbeque,Sosuri & Extra,1,6.0,6.0
ORD-202608-00029,Restaurantul Nostru,Smântână Proaspătă 20%,Sosuri & Extra,2,5.0,10.0
ORD-202608-00029,Restaurantul Nostru,Bulz Ardelenesc la Grătar,Aperitive & Gustări,2,32.0,64.0
ORD-202608-00030,Restaurantul Nostru,Bere Ciuc Premium la Draught 0.4L,Băuturi Alcoolice & Bere,1,14.0,14.0
ORD-202608-00030,Restaurantul Nostru,Lava Cake cu Înghețată de Vanilie,Desert,1,28.0,28.0
ORD-202608-00031,Restaurantul Nostru,Salată de Vinete Coapte pe Plită,Aperitive & Gustări,2,24.0,48.0
ORD-202608-00031,Restaurantul Nostru,Apă Minerală / Plată Borsec 0.5L,Băuturi Răcoritoare & Cafea,1,10.0,10.0
ORD-202608-00031,Restaurantul Nostru,Ciorbă de Văcuță,Ciorbe & Supe,1,25.0,25.0
ORD-202608-00031,Restaurantul Nostru,Coca-Cola / Coca-Cola Zero 0.33L,Băuturi Răcoritoare & Cafea,1,12.0,12.0
ORD-202608-00032,Restaurantul Nostru,Fasole Bătută cu Ceapă Călită,Aperitive & Gustări,2,20.0,40.0
ORD-202608-00032,Restaurantul Nostru,Muștar Clasic,Sosuri & Extra,1,4.0,4.0
ORD-202608-00032,Restaurantul Nostru,Coș de Pâine de Casă,Sosuri & Extra,1,7.0,7.0
ORD-202608-00032,Restaurantul Nostru,Ciorbă de Burtiță Tradițională,Ciorbe & Supe,1,28.0,28.0
ORD-202608-00032,Restaurantul Nostru,Ciorbă de Văcuță,Ciorbe & Supe,1,25.0,25.0
ORD-202608-00033,Restaurantul Nostru,Apă Minerală / Plată Borsec 0.5L,Băuturi Răcoritoare & Cafea,1,10.0,10.0
ORD-202608-00033,Restaurantul Nostru,Cârnați Picanți de Pleșcoi,Cârnați & Platouri,1,42.0,42.0
ORD-202608-00033,Restaurantul Nostru,Limonadă Proaspătă cu Miere și Mentă 0.5L,Băuturi Răcoritoare & Cafea,1,20.0,20.0
ORD-202608-00033,Restaurantul Nostru,Pastramă de Oaie la Tigaie cu Mămăligă,Mâncăruri Gătite & Specialități,1,56.0,56.0
ORD-202608-00033,Restaurantul Nostru,Mămăliguță Caldă,Garnituri,3,8.0,24.0
ORD-202608-00034,Restaurantul Nostru,Salată Grecească,Salate,1,34.0,34.0
ORD-202608-00034,Restaurantul Nostru,Coș de Pâine de Casă,Sosuri & Extra,1,7.0,7.0
ORD-202608-00034,Restaurantul Nostru,Varză Călită în Vin cu Chimen,Garnituri,1,15.0,15.0
ORD-202608-00035,Restaurantul Nostru,Bere Heineken 0.33L,Băuturi Alcoolice & Bere,1,16.0,16.0
ORD-202608-00035,Restaurantul Nostru,Clătite cu Finetti și Banane (2 buc),Desert,3,22.0,66.0
ORD-202608-00035,Restaurantul Nostru,Espresso Scurt / Lung Julius Meinl,Băuturi Răcoritoare & Cafea,1,12.0,12.0
ORD-202608-00035,Restaurantul Nostru,Cârnați Picanți de Pleșcoi,Cârnați & Platouri,1,42.0,42.0
ORD-202608-00036,Restaurantul Nostru,Pachet Vinul Casei Fetească Regală 1L,Băuturi Alcoolice & Bere,1,55.0,55.0
ORD-202608-00036,Restaurantul Nostru,Cârnați Picanți de Pleșcoi,Cârnați & Platouri,1,42.0,42.0
ORD-202608-00037,Restaurantul Nostru,Platou Cârnați Asortați,Cârnați & Platouri,2,95.0,190.0
ORD-202608-00037,Restaurantul Nostru,Clătite cu Finetti și Banane (2 buc),Desert,1,22.0,22.0
ORD-202608-00037,Restaurantul Nostru,Frăție de Mici & Cârnați,Preparate la Grătar & Mici,1,54.0,54.0
ORD-202608-00037,Restaurantul Nostru,Salată de Vinete Coapte pe Plită,Aperitive & Gustări,2,24.0,48.0
ORD-202608-00038,Restaurantul Nostru,Sos Barbeque,Sosuri & Extra,1,6.0,6.0
ORD-202608-00038,Restaurantul Nostru,Bulz Ardelenesc la Grătar,Aperitive & Gustări,1,32.0,32.0
ORD-202608-00038,Restaurantul Nostru,Frăție de Mici & Cârnați,Preparate la Grătar & Mici,3,54.0,162.0
ORD-202608-00038,Restaurantul Nostru,Bere Nepasteurizată Zăganu 0.5L,Băuturi Alcoolice & Bere,2,22.0,44.0
ORD-202608-00039,Restaurantul Nostru,Ciorbă de Văcuță,Ciorbe & Supe,1,25.0,25.0
ORD-202608-00039,Restaurantul Nostru,Ciolan de Porc Rumexit la Cuptor,Mâncăruri Gătite & Specialități,1,78.0,78.0
ORD-202608-00039,Restaurantul Nostru,Țuică de Prune Ardelenească 50ml,Băuturi Alcoolice & Bere,1,18.0,18.0
ORD-202608-00040,Restaurantul Nostru,Apă Minerală / Plată Borsec 0.5L,Băuturi Răcoritoare & Cafea,1,10.0,10.0
ORD-202608-00040,Restaurantul Nostru,Clătite cu Finetti și Banane (2 buc),Desert,1,22.0,22.0
ORD-202608-00040,Restaurantul Nostru,Bere Nepasteurizată Zăganu 0.5L,Băuturi Alcoolice & Bere,1,22.0,22.0
ORD-202608-00040,Restaurantul Nostru,Salată de Murături Asortate,Salate,1,14.0,14.0
ORD-202608-00041,Restaurantul Nostru,Iahnie de Fasole cu Bacon,Garnituri,2,16.0,32.0
ORD-202608-00041,Restaurantul Nostru,Fasole Bătută cu Ceapă Călită,Aperitive & Gustări,1,20.0,20.0
ORD-202608-00041,Restaurantul Nostru,Piure de Cartofi cu Unt,Garnituri,1,16.0,16.0
ORD-202608-00041,Restaurantul Nostru,Tochitură Moldovenească cu Mămăligă,Mâncăruri Gătite & Specialități,1,48.0,48.0
ORD-202608-00041,Restaurantul Nostru,Smântână Proaspătă 20%,Sosuri & Extra,1,5.0,5.0
ORD-202608-00042,Restaurantul Nostru,Șnițel Gigant de Pui Pane,Mâncăruri Gătite & Specialități,1,36.0,36.0
ORD-202608-00042,Restaurantul Nostru,Salată de Ardei Copți,Salate,1,16.0,16.0
ORD-202608-00042,Restaurantul Nostru,Mămăliguță Caldă,Garnituri,1,8.0,8.0
ORD-202608-00042,Restaurantul Nostru,Supă Cremă de Legume cu Crutoane,Ciorbe & Supe,1,22.0,22.0
ORD-202608-00043,Restaurantul Nostru,Coca-Cola / Coca-Cola Zero 0.33L,Băuturi Răcoritoare & Cafea,1,12.0,12.0
ORD-202608-00043,Restaurantul Nostru,Mămăliguță Caldă,Garnituri,1,8.0,8.0
ORD-202608-00043,Restaurantul Nostru,Varză Călită în Vin cu Chimen,Garnituri,1,15.0,15.0
ORD-202608-00043,Restaurantul Nostru,Iahnie de Fasole cu Bacon,Garnituri,1,16.0,16.0
ORD-202608-00044,Restaurantul Nostru,Lava Cake cu Înghețată de Vanilie,Desert,3,28.0,84.0
ORD-202608-00044,Restaurantul Nostru,Bere Nepasteurizată Zăganu 0.5L,Băuturi Alcoolice & Bere,1,22.0,22.0
ORD-202608-00045,Restaurantul Nostru,Salată Caesar cu Pui la Grătar,Salate,1,38.0,38.0
ORD-202608-00045,Restaurantul Nostru,Ciorbă de Burtiță Tradițională,Ciorbe & Supe,2,28.0,56.0
ORD-202608-00045,Restaurantul Nostru,Bere Heineken 0.33L,Băuturi Alcoolice & Bere,1,16.0,16.0
ORD-202608-00045,Restaurantul Nostru,Sos Barbeque,Sosuri & Extra,1,6.0,6.0
ORD-202608-00046,Restaurantul Nostru,Limonadă Proaspătă cu Miere și Mentă 0.5L,Băuturi Răcoritoare & Cafea,1,20.0,20.0
ORD-202608-00046,Restaurantul Nostru,Țuică de Prune Ardelenească 50ml,Băuturi Alcoolice & Bere,1,18.0,18.0
ORD-202608-00046,Restaurantul Nostru,Coș de Pâine de Casă,Sosuri & Extra,1,7.0,7.0
ORD-202608-00046,Restaurantul Nostru,Mici Românești de Vită-Porc (1 buc),Preparate la Grătar & Mici,2,7.5,15.0
ORD-202608-00046,Restaurantul Nostru,Pachet Vinul Casei Fetească Regală 1L,Băuturi Alcoolice & Bere,1,55.0,55.0
ORD-202608-00047,Restaurantul Nostru,Coca-Cola / Coca-Cola Zero 0.33L,Băuturi Răcoritoare & Cafea,1,12.0,12.0
ORD-202608-00047,Restaurantul Nostru,Lava Cake cu Înghețată de Vanilie,Desert,1,28.0,28.0
ORD-202608-00047,Restaurantul Nostru,Apă Minerală / Plată Borsec 0.5L,Băuturi Răcoritoare & Cafea,1,10.0,10.0
ORD-202608-00048,Restaurantul Nostru,Salată de Ardei Copți,Salate,1,16.0,16.0
ORD-202608-00048,Restaurantul Nostru,Frigărui de Berbecuț,Preparate la Grătar & Mici,1,58.0,58.0
ORD-202608-00048,Restaurantul Nostru,Ciolan de Porc Rumexit la Cuptor,Mâncăruri Gătite & Specialități,1,78.0,78.0
ORD-202608-00048,Restaurantul Nostru,Cașcaval Pane Crocant,Aperitive & Gustări,1,28.0,28.0
ORD-202608-00048,Restaurantul Nostru,Salată Grecească,Salate,1,34.0,34.0
ORD-202608-00049,Restaurantul Nostru,Ciolan de Porc Rumexit la Cuptor,Mâncăruri Gătite & Specialități,1,78.0,78.0
ORD-202608-00049,Restaurantul Nostru,Muștar Clasic,Sosuri & Extra,1,4.0,4.0
ORD-202608-00049,Restaurantul Nostru,Supă Cremă de Legume cu Crutoane,Ciorbe & Supe,1,22.0,22.0
ORD-202608-00050,Restaurantul Nostru,Cartofi Prăjiți cu Usturoi și Parmezan,Garnituri,2,18.0,36.0
ORD-202608-00050,Restaurantul Nostru,Mici de Oaie și Vită (1 buc),Preparate la Grătar & Mici,1,8.5,8.5
ORD-202608-00050,Restaurantul Nostru,Cappuccino cu Spumă de Lapte,Băuturi Răcoritoare & Cafea,1,15.0,15.0
ORD-202608-00050,Restaurantul Nostru,Iahnie de Fasole cu Bacon,Garnituri,3,16.0,48.0
ORD-202608-00051,Restaurantul Nostru,Ceafă de Porc la Grătar,Preparate la Grătar & Mici,1,38.0,38.0
ORD-202608-00051,Restaurantul Nostru,Smântână Proaspătă 20%,Sosuri & Extra,2,5.0,10.0
ORD-202608-00052,Restaurantul Nostru,Limonadă Proaspătă cu Miere și Mentă 0.5L,Băuturi Răcoritoare & Cafea,1,20.0,20.0
ORD-202608-00052,Restaurantul Nostru,Platou Cârnați Asortați,Cârnați & Platouri,1,95.0,95.0
ORD-202608-00052,Restaurantul Nostru,Pastramă de Oaie la Tigaie cu Mămăligă,Mâncăruri Gătite & Specialități,2,56.0,112.0
ORD-202608-00052,Restaurantul Nostru,Mici de Oaie și Vită (1 buc),Preparate la Grătar & Mici,1,8.5,8.5
ORD-202608-00052,Restaurantul Nostru,Șnițel Gigant de Pui Pane,Mâncăruri Gătite & Specialități,1,36.0,36.0
ORD-202608-00053,Restaurantul Nostru,Iahnie de Fasole cu Bacon,Garnituri,1,16.0,16.0
ORD-202608-00053,Restaurantul Nostru,Ciorbă de Perișoare,Ciorbe & Supe,1,24.0,24.0
ORD-202608-00054,Restaurantul Nostru,Clătite cu Finetti și Banane (2 buc),Desert,1,22.0,22.0
ORD-202608-00054,Restaurantul Nostru,Piure de Cartofi cu Unt,Garnituri,1,16.0,16.0
ORD-202608-00054,Restaurantul Nostru,Cârnați Picanți de Pleșcoi,Cârnați & Platouri,1,42.0,42.0
ORD-202608-00054,Restaurantul Nostru,Papanași cu Smântână și Dulceață de Afine (2 buc),Desert,1,32.0,32.0
ORD-202608-00055,Restaurantul Nostru,Sos Barbeque,Sosuri & Extra,1,6.0,6.0
ORD-202608-00055,Restaurantul Nostru,Papanași cu Smântână și Dulceață de Afine (2 buc),Desert,1,32.0,32.0
ORD-202608-00055,Restaurantul Nostru,Tochitură Moldovenească cu Mămăligă,Mâncăruri Gătite & Specialități,1,48.0,48.0
ORD-202608-00055,Restaurantul Nostru,Coș de Pâine de Casă,Sosuri & Extra,1,7.0,7.0
ORD-202608-00056,Restaurantul Nostru,Ciorbă Rădăuțeană de Pui,Ciorbe & Supe,1,26.0,26.0
ORD-202608-00056,Restaurantul Nostru,Ceafă de Porc la Grătar,Preparate la Grătar & Mici,1,38.0,38.0
ORD-202608-00056,Restaurantul Nostru,Salată de Murături Asortate,Salate,2,14.0,28.0
ORD-202608-00056,Restaurantul Nostru,Salată Grecească,Salate,1,34.0,34.0
ORD-202608-00057,Restaurantul Nostru,Platou Boieresc (2-3 persoane),Cârnați & Platouri,1,145.0,145.0
ORD-202608-00057,Restaurantul Nostru,Bere Ciuc Premium la Draught 0.4L,Băuturi Alcoolice & Bere,1,14.0,14.0
ORD-202608-00057,Restaurantul Nostru,Pachet Vinul Casei Fetească Regală 1L,Băuturi Alcoolice & Bere,1,55.0,55.0
ORD-202608-00058,Restaurantul Nostru,Papanași cu Smântână și Dulceață de Afine (2 buc),Desert,1,32.0,32.0
ORD-202608-00058,Restaurantul Nostru,Platou Gustări Rece Tradiționale,Cârnați & Platouri,1,85.0,85.0
ORD-202608-00059,Restaurantul Nostru,Ciorbă de Perișoare,Ciorbe & Supe,1,24.0,24.0
ORD-202608-00059,Restaurantul Nostru,Papanași cu Smântână și Dulceață de Afine (2 buc),Desert,1,32.0,32.0
ORD-202608-00059,Restaurantul Nostru,Platou Gustări Rece Tradiționale,Cârnați & Platouri,1,85.0,85.0
ORD-202608-00059,Restaurantul Nostru,Espresso Scurt / Lung Julius Meinl,Băuturi Răcoritoare & Cafea,2,12.0,24.0
ORD-202608-00059,Restaurantul Nostru,Platou Cârnați Asortați,Cârnați & Platouri,1,95.0,95.0
ORD-202608-00060,Restaurantul Nostru,Bulz Ardelenesc la Grătar,Aperitive & Gustări,1,32.0,32.0
ORD-202608-00060,Restaurantul Nostru,Vin Purcari Rară Neagră Sticlă 0.75L,Băuturi Alcoolice & Bere,1,95.0,95.0
ORD-202608-00061,Restaurantul Nostru,Țuică de Prune Ardelenească 50ml,Băuturi Alcoolice & Bere,1,18.0,18.0
ORD-202608-00061,Restaurantul Nostru,Ciolan de Porc Rumexit la Cuptor,Mâncăruri Gătite & Specialități,1,78.0,78.0
ORD-202608-00061,Restaurantul Nostru,Cașcaval Pane Crocant,Aperitive & Gustări,3,28.0,84.0
ORD-202608-00061,Restaurantul Nostru,Ceafă de Porc la Grătar,Preparate la Grătar & Mici,1,38.0,38.0
ORD-202608-00062,Restaurantul Nostru,Apă Minerală / Plată Borsec 0.5L,Băuturi Răcoritoare & Cafea,1,10.0,10.0
ORD-202608-00062,Restaurantul Nostru,Cartofi Prăjiți cu Usturoi și Parmezan,Garnituri,1,18.0,18.0
ORD-202608-00062,Restaurantul Nostru,Cappuccino cu Spumă de Lapte,Băuturi Răcoritoare & Cafea,1,15.0,15.0
ORD-202608-00062,Restaurantul Nostru,Salată de Ardei Copți,Salate,1,16.0,16.0
ORD-202608-00062,Restaurantul Nostru,Coca-Cola / Coca-Cola Zero 0.33L,Băuturi Răcoritoare & Cafea,2,12.0,24.0
ORD-202608-00063,Restaurantul Nostru,Pastramă de Oaie la Tigaie cu Mămăligă,Mâncăruri Gătite & Specialități,3,56.0,168.0
ORD-202608-00063,Restaurantul Nostru,Ciorbă de Perișoare,Ciorbe & Supe,1,24.0,24.0
ORD-202608-00064,Restaurantul Nostru,Limonadă Proaspătă cu Miere și Mentă 0.5L,Băuturi Răcoritoare & Cafea,1,20.0,20.0
ORD-202608-00064,Restaurantul Nostru,Ciorbă Rădăuțeană de Pui,Ciorbe & Supe,2,26.0,52.0
ORD-202608-00064,Restaurantul Nostru,Muștar Clasic,Sosuri & Extra,2,4.0,8.0
ORD-202608-00064,Restaurantul Nostru,Salată Grecească,Salate,3,34.0,102.0
ORD-202608-00064,Restaurantul Nostru,Bere Ciuc Premium la Draught 0.4L,Băuturi Alcoolice & Bere,1,14.0,14.0
ORD-202608-00065,Restaurantul Nostru,Mici Românești de Vită-Porc (1 buc),Preparate la Grătar & Mici,1,7.5,7.5
ORD-202608-00065,Restaurantul Nostru,Varză Călită în Vin cu Chimen,Garnituri,1,15.0,15.0
ORD-202608-00065,Restaurantul Nostru,Vin Purcari Rară Neagră Sticlă 0.75L,Băuturi Alcoolice & Bere,1,95.0,95.0
ORD-202608-00065,Restaurantul Nostru,Frăție de Mici & Cârnați,Preparate la Grătar & Mici,1,54.0,54.0
ORD-202608-00066,Restaurantul Nostru,Bere Ciuc Premium la Draught 0.4L,Băuturi Alcoolice & Bere,2,14.0,28.0
ORD-202608-00066,Restaurantul Nostru,Bere Nepasteurizată Zăganu 0.5L,Băuturi Alcoolice & Bere,1,22.0,22.0
ORD-202608-00066,Restaurantul Nostru,Supă Cremă de Legume cu Crutoane,Ciorbe & Supe,1,22.0,22.0
ORD-202608-00066,Restaurantul Nostru,Espresso Scurt / Lung Julius Meinl,Băuturi Răcoritoare & Cafea,1,12.0,12.0
ORD-202608-00067,Restaurantul Nostru,Cârnați Picanți de Pleșcoi,Cârnați & Platouri,1,42.0,42.0
ORD-202608-00067,Restaurantul Nostru,Burger Casei cu Cartofi Prăjiți,Mâncăruri Gătite & Specialități,3,49.0,147.0
ORD-202608-00067,Restaurantul Nostru,Salată de Vinete Coapte pe Plită,Aperitive & Gustări,1,24.0,24.0
ORD-202608-00067,Restaurantul Nostru,Tochitură Moldovenească cu Mămăligă,Mâncăruri Gătite & Specialități,1,48.0,48.0
ORD-202608-00067,Restaurantul Nostru,Vin Purcari Rară Neagră Sticlă 0.75L,Băuturi Alcoolice & Bere,2,95.0,190.0
ORD-202608-00068,Restaurantul Nostru,Mujdei de Usturoi Tradițional,Sosuri & Extra,2,5.0,10.0
ORD-202608-00068,Restaurantul Nostru,Sarmale Românești în Foi de Varză (4 buc),Mâncăruri Gătite & Specialități,1,44.0,44.0
ORD-202608-00068,Restaurantul Nostru,Cartofi Prăjiți cu Usturoi și Parmezan,Garnituri,1,18.0,18.0
ORD-202608-00069,Restaurantul Nostru,Salată Grecească,Salate,1,34.0,34.0
ORD-202608-00069,Restaurantul Nostru,Coș de Pâine de Casă,Sosuri & Extra,1,7.0,7.0
ORD-202608-00069,Restaurantul Nostru,Pastramă de Oaie la Tigaie cu Mămăligă,Mâncăruri Gătite & Specialități,1,56.0,56.0
ORD-202608-00069,Restaurantul Nostru,Cartofi Prăjiți cu Usturoi și Parmezan,Garnituri,1,18.0,18.0
ORD-202608-00069,Restaurantul Nostru,Apă Minerală / Plată Borsec 0.5L,Băuturi Răcoritoare & Cafea,1,10.0,10.0
ORD-202608-00070,Restaurantul Nostru,Burger Casei cu Cartofi Prăjiți,Mâncăruri Gătite & Specialități,1,49.0,49.0
ORD-202608-00070,Restaurantul Nostru,Ștrudel de Mere cu Sos de Vanilie,Desert,1,25.0,25.0
ORD-202608-00070,Restaurantul Nostru,Ceafă de Porc la Grătar,Preparate la Grătar & Mici,1,38.0,38.0
ORD-202608-00071,Restaurantul Nostru,Ciorbă Rădăuțeană de Pui,Ciorbe & Supe,1,26.0,26.0
ORD-202608-00071,Restaurantul Nostru,Burger Casei cu Cartofi Prăjiți,Mâncăruri Gătite & Specialități,1,49.0,49.0
ORD-202608-00071,Restaurantul Nostru,Lava Cake cu Înghețată de Vanilie,Desert,1,28.0,28.0
ORD-202608-00071,Restaurantul Nostru,Sos Barbeque,Sosuri & Extra,1,6.0,6.0
ORD-202608-00071,Restaurantul Nostru,Mici de Oaie și Vită (1 buc),Preparate la Grătar & Mici,2,8.5,17.0
ORD-202608-00072,Restaurantul Nostru,Clătite cu Finetti și Banane (2 buc),Desert,1,22.0,22.0
ORD-202608-00072,Restaurantul Nostru,Coca-Cola / Coca-Cola Zero 0.33L,Băuturi Răcoritoare & Cafea,1,12.0,12.0
ORD-202608-00072,Restaurantul Nostru,Mici de Oaie și Vită (1 buc),Preparate la Grătar & Mici,1,8.5,8.5
ORD-202608-00072,Restaurantul Nostru,Mămăliguță Caldă,Garnituri,1,8.0,8.0
ORD-202608-00073,Restaurantul Nostru,Supă Cremă de Legume cu Crutoane,Ciorbe & Supe,1,22.0,22.0
ORD-202608-00073,Restaurantul Nostru,Frigărui de Berbecuț,Preparate la Grătar & Mici,1,58.0,58.0
ORD-202608-00074,Restaurantul Nostru,Ștrudel de Mere cu Sos de Vanilie,Desert,2,25.0,50.0
ORD-202608-00074,Restaurantul Nostru,Papanași cu Smântână și Dulceață de Afine (2 buc),Desert,1,32.0,32.0
ORD-202608-00074,Restaurantul Nostru,Platou Cârnați Asortați,Cârnați & Platouri,1,95.0,95.0
ORD-202608-00074,Restaurantul Nostru,Muștar Clasic,Sosuri & Extra,1,4.0,4.0
ORD-202608-00074,Restaurantul Nostru,Smântână Proaspătă 20%,Sosuri & Extra,1,5.0,5.0
ORD-202608-00075,Restaurantul Nostru,Cașcaval Pane Crocant,Aperitive & Gustări,2,28.0,56.0
ORD-202608-00075,Restaurantul Nostru,Tochitură Moldovenească cu Mămăligă,Mâncăruri Gătite & Specialități,1,48.0,48.0
ORD-202608-00075,Restaurantul Nostru,Mici Românești de Vită-Porc (1 buc),Preparate la Grătar & Mici,1,7.5,7.5
ORD-202608-00075,Restaurantul Nostru,Salată Grecească,Salate,2,34.0,68.0
ORD-202608-00075,Restaurantul Nostru,Coș de Pâine de Casă,Sosuri & Extra,1,7.0,7.0
ORD-202608-00076,Restaurantul Nostru,Piept de Pui la Grătar,Preparate la Grătar & Mici,2,34.0,68.0
ORD-202608-00076,Restaurantul Nostru,Smântână Proaspătă 20%,Sosuri & Extra,1,5.0,5.0
ORD-202608-00076,Restaurantul Nostru,Ciolan de Porc Rumexit la Cuptor,Mâncăruri Gătite & Specialități,1,78.0,78.0
ORD-202608-00076,Restaurantul Nostru,Frigărui de Berbecuț,Preparate la Grătar & Mici,1,58.0,58.0
ORD-202608-00076,Restaurantul Nostru,Bere Heineken 0.33L,Băuturi Alcoolice & Bere,1,16.0,16.0
ORD-202608-00077,Restaurantul Nostru,Ciorbă Rădăuțeană de Pui,Ciorbe & Supe,1,26.0,26.0
ORD-202608-00077,Restaurantul Nostru,Frăție de Mici & Cârnați,Preparate la Grătar & Mici,1,54.0,54.0
ORD-202608-00077,Restaurantul Nostru,Salată de Murături Asortate,Salate,1,14.0,14.0
ORD-202608-00078,Restaurantul Nostru,Papanași cu Smântână și Dulceață de Afine (2 buc),Desert,1,32.0,32.0
ORD-202608-00078,Restaurantul Nostru,Smântână Proaspătă 20%,Sosuri & Extra,2,5.0,10.0
ORD-202608-00078,Restaurantul Nostru,Bulz Ardelenesc la Grătar,Aperitive & Gustări,1,32.0,32.0
ORD-202608-00078,Restaurantul Nostru,Ciorbă de Burtiță Tradițională,Ciorbe & Supe,1,28.0,28.0
ORD-202608-00079,Restaurantul Nostru,Tochitură Moldovenească cu Mămăligă,Mâncăruri Gătite & Specialități,1,48.0,48.0
ORD-202608-00079,Restaurantul Nostru,Platou Boieresc (2-3 persoane),Cârnați & Platouri,2,145.0,290.0
ORD-202608-00080,Restaurantul Nostru,Papanași cu Smântână și Dulceață de Afine (2 buc),Desert,2,32.0,64.0
ORD-202608-00080,Restaurantul Nostru,Țuică de Prune Ardelenească 50ml,Băuturi Alcoolice & Bere,1,18.0,18.0
ORD-202608-00080,Restaurantul Nostru,Smântână Proaspătă 20%,Sosuri & Extra,1,5.0,5.0
ORD-202608-00080,Restaurantul Nostru,Salată Grecească,Salate,1,34.0,34.0
ORD-202608-00080,Restaurantul Nostru,Fasole Bătută cu Ceapă Călită,Aperitive & Gustări,1,20.0,20.0
ORD-202608-00081,Restaurantul Nostru,Platou Cârnați Asortați,Cârnați & Platouri,1,95.0,95.0
ORD-202608-00081,Restaurantul Nostru,Clătite cu Finetti și Banane (2 buc),Desert,1,22.0,22.0
ORD-202608-00082,Restaurantul Nostru,Muștar Clasic,Sosuri & Extra,1,4.0,4.0
ORD-202608-00082,Restaurantul Nostru,Ciorbă de Burtiță Tradițională,Ciorbe & Supe,1,28.0,28.0
ORD-202608-00083,Restaurantul Nostru,Iahnie de Fasole cu Bacon,Garnituri,1,16.0,16.0
ORD-202608-00083,Restaurantul Nostru,Vin Purcari Rară Neagră Sticlă 0.75L,Băuturi Alcoolice & Bere,1,95.0,95.0
ORD-202608-00084,Restaurantul Nostru,Piept de Pui la Grătar,Preparate la Grătar & Mici,1,34.0,34.0
ORD-202608-00084,Restaurantul Nostru,Lava Cake cu Înghețată de Vanilie,Desert,1,28.0,28.0
ORD-202608-00085,Restaurantul Nostru,Lava Cake cu Înghețată de Vanilie,Desert,1,28.0,28.0
ORD-202608-00085,Restaurantul Nostru,Cartofi Prăjiți cu Usturoi și Parmezan,Garnituri,1,18.0,18.0
ORD-202608-00085,Restaurantul Nostru,Bere Heineken 0.33L,Băuturi Alcoolice & Bere,1,16.0,16.0
ORD-202608-00085,Restaurantul Nostru,Bulz Ardelenesc la Grătar,Aperitive & Gustări,1,32.0,32.0
ORD-202608-00086,Restaurantul Nostru,Ștrudel de Mere cu Sos de Vanilie,Desert,2,25.0,50.0
ORD-202608-00086,Restaurantul Nostru,Cappuccino cu Spumă de Lapte,Băuturi Răcoritoare & Cafea,1,15.0,15.0
ORD-202608-00086,Restaurantul Nostru,Sos Barbeque,Sosuri & Extra,1,6.0,6.0
ORD-202608-00087,Restaurantul Nostru,Coș de Pâine de Casă,Sosuri & Extra,1,7.0,7.0
ORD-202608-00087,Restaurantul Nostru,Fasole Bătută cu Ceapă Călită,Aperitive & Gustări,1,20.0,20.0
ORD-202608-00087,Restaurantul Nostru,Vin Purcari Rară Neagră Sticlă 0.75L,Băuturi Alcoolice & Bere,1,95.0,95.0
ORD-202608-00088,Restaurantul Nostru,Cartofi Prăjiți cu Usturoi și Parmezan,Garnituri,1,18.0,18.0
ORD-202608-00088,Restaurantul Nostru,Pachet Vinul Casei Fetească Regală 1L,Băuturi Alcoolice & Bere,1,55.0,55.0
ORD-202608-00089,Restaurantul Nostru,Bere Heineken 0.33L,Băuturi Alcoolice & Bere,2,16.0,32.0
ORD-202608-00089,Restaurantul Nostru,Șnițel Gigant de Pui Pane,Mâncăruri Gătite & Specialități,1,36.0,36.0
ORD-202608-00090,Restaurantul Nostru,Platou Boieresc (2-3 persoane),Cârnați & Platouri,1,145.0,145.0
ORD-202608-00090,Restaurantul Nostru,Salată de Vinete Coapte pe Plită,Aperitive & Gustări,1,24.0,24.0
ORD-202608-00091,Restaurantul Nostru,Salată de Vinete Coapte pe Plită,Aperitive & Gustări,1,24.0,24.0
ORD-202608-00091,Restaurantul Nostru,Burger Casei cu Cartofi Prăjiți,Mâncăruri Gătite & Specialități,1,49.0,49.0
ORD-202608-00091,Restaurantul Nostru,Salată de Ardei Copți,Salate,1,16.0,16.0
ORD-202608-00092,Restaurantul Nostru,Supă Cremă de Legume cu Crutoane,Ciorbe & Supe,2,22.0,44.0
ORD-202608-00092,Restaurantul Nostru,Iahnie de Fasole cu Bacon,Garnituri,2,16.0,32.0
ORD-202608-00092,Restaurantul Nostru,Burger Casei cu Cartofi Prăjiți,Mâncăruri Gătite & Specialități,2,49.0,98.0
ORD-202608-00092,Restaurantul Nostru,Limonadă Proaspătă cu Miere și Mentă 0.5L,Băuturi Răcoritoare & Cafea,1,20.0,20.0
ORD-202608-00093,Restaurantul Nostru,Ciorbă de Perișoare,Ciorbe & Supe,1,24.0,24.0
ORD-202608-00093,Restaurantul Nostru,Lava Cake cu Înghețată de Vanilie,Desert,1,28.0,28.0
ORD-202608-00093,Restaurantul Nostru,Smântână Proaspătă 20%,Sosuri & Extra,1,5.0,5.0
ORD-202608-00093,Restaurantul Nostru,Fasole Bătută cu Ceapă Călită,Aperitive & Gustări,1,20.0,20.0
ORD-202608-00094,Restaurantul Nostru,Salată Caesar cu Pui la Grătar,Salate,1,38.0,38.0
ORD-202608-00094,Restaurantul Nostru,Fasole Bătută cu Ceapă Călită,Aperitive & Gustări,1,20.0,20.0
ORD-202608-00094,Restaurantul Nostru,Varză Călită în Vin cu Chimen,Garnituri,1,15.0,15.0
ORD-202608-00094,Restaurantul Nostru,Ciorbă Rădăuțeană de Pui,Ciorbe & Supe,2,26.0,52.0
ORD-202608-00095,Restaurantul Nostru,Cașcaval Pane Crocant,Aperitive & Gustări,1,28.0,28.0
ORD-202608-00095,Restaurantul Nostru,Mici de Oaie și Vită (1 buc),Preparate la Grătar & Mici,1,8.5,8.5
ORD-202608-00096,Restaurantul Nostru,Muștar Clasic,Sosuri & Extra,2,4.0,8.0
ORD-202608-00096,Restaurantul Nostru,Supă Cremă de Legume cu Crutoane,Ciorbe & Supe,1,22.0,22.0
ORD-202608-00096,Restaurantul Nostru,Bere Heineken 0.33L,Băuturi Alcoolice & Bere,1,16.0,16.0
ORD-202608-00097,Restaurantul Nostru,Lava Cake cu Înghețată de Vanilie,Desert,1,28.0,28.0
ORD-202608-00097,Restaurantul Nostru,Cappuccino cu Spumă de Lapte,Băuturi Răcoritoare & Cafea,1,15.0,15.0
ORD-202608-00097,Restaurantul Nostru,Piure de Cartofi cu Unt,Garnituri,2,16.0,32.0
ORD-202608-00098,Restaurantul Nostru,Mujdei de Usturoi Tradițional,Sosuri & Extra,1,5.0,5.0
ORD-202608-00098,Restaurantul Nostru,Salată de Murături Asortate,Salate,1,14.0,14.0
ORD-202608-00098,Restaurantul Nostru,Muștar Clasic,Sosuri & Extra,1,4.0,4.0
ORD-202608-00099,Restaurantul Nostru,Sarmale Românești în Foi de Varză (4 buc),Mâncăruri Gătite & Specialități,1,44.0,44.0
ORD-202608-00099,Restaurantul Nostru,Cașcaval Pane Crocant,Aperitive & Gustări,1,28.0,28.0
ORD-202608-00099,Restaurantul Nostru,Ciolan de Porc Rumexit la Cuptor,Mâncăruri Gătite & Specialități,1,78.0,78.0
ORD-202608-00099,Restaurantul Nostru,Cârnați Picanți de Pleșcoi,Cârnați & Platouri,1,42.0,42.0
ORD-202608-00100,Restaurantul Nostru,Ciorbă Rădăuțeană de Pui,Ciorbe & Supe,1,26.0,26.0
ORD-202608-00100,Restaurantul Nostru,Tochitură Moldovenească cu Mămăligă,Mâncăruri Gătite & Specialități,1,48.0,48.0
ORD-202608-00100,Restaurantul Nostru,Cappuccino cu Spumă de Lapte,Băuturi Răcoritoare & Cafea,1,15.0,15.0
ORD-202608-00100,Restaurantul Nostru,Țuică de Prune Ardelenească 50ml,Băuturi Alcoolice & Bere,1,18.0,18.0
ORD-202608-00100,Restaurantul Nostru,Espresso Scurt / Lung Julius Meinl,Băuturi Răcoritoare & Cafea,1,12.0,12.0
ORD-202608-00101,Restaurantul Nostru,Ciorbă de Perișoare,Ciorbe & Supe,1,24.0,24.0
ORD-202608-00101,Restaurantul Nostru,Piure de Cartofi cu Unt,Garnituri,2,16.0,32.0
ORD-202608-00102,Restaurantul Nostru,Cappuccino cu Spumă de Lapte,Băuturi Răcoritoare & Cafea,1,15.0,15.0
ORD-202608-00102,Restaurantul Nostru,Salată de Vinete Coapte pe Plită,Aperitive & Gustări,1,24.0,24.0
ORD-202608-00102,Restaurantul Nostru,Piure de Cartofi cu Unt,Garnituri,2,16.0,32.0
ORD-202608-00103,Restaurantul Nostru,Ciorbă Rădăuțeană de Pui,Ciorbe & Supe,1,26.0,26.0
ORD-202608-00103,Restaurantul Nostru,Varză Călită în Vin cu Chimen,Garnituri,1,15.0,15.0
ORD-202608-00103,Restaurantul Nostru,Clătite cu Finetti și Banane (2 buc),Desert,1,22.0,22.0
ORD-202608-00103,Restaurantul Nostru,Salată de Ardei Copți,Salate,1,16.0,16.0
ORD-202608-00104,Restaurantul Nostru,Frăție de Mici & Cârnați,Preparate la Grătar & Mici,1,54.0,54.0
ORD-202608-00104,Restaurantul Nostru,Bulz Ardelenesc la Grătar,Aperitive & Gustări,2,32.0,64.0
ORD-202608-00104,Restaurantul Nostru,Clătite cu Finetti și Banane (2 buc),Desert,1,22.0,22.0
ORD-202608-00105,Restaurantul Nostru,Pastramă de Oaie la Tigaie cu Mămăligă,Mâncăruri Gătite & Specialități,1,56.0,56.0
ORD-202608-00105,Restaurantul Nostru,Apă Minerală / Plată Borsec 0.5L,Băuturi Răcoritoare & Cafea,1,10.0,10.0
ORD-202608-00106,Restaurantul Nostru,Mici de Oaie și Vită (1 buc),Preparate la Grătar & Mici,2,8.5,17.0
ORD-202608-00106,Restaurantul Nostru,Smântână Proaspătă 20%,Sosuri & Extra,1,5.0,5.0
ORD-202608-00106,Restaurantul Nostru,Fasole Bătută cu Ceapă Călită,Aperitive & Gustări,2,20.0,40.0
ORD-202608-00106,Restaurantul Nostru,Ciolan de Porc Rumexit la Cuptor,Mâncăruri Gătite & Specialități,1,78.0,78.0
ORD-202608-00106,Restaurantul Nostru,Sos Barbeque,Sosuri & Extra,1,6.0,6.0
ORD-202608-00107,Restaurantul Nostru,Mici de Oaie și Vită (1 buc),Preparate la Grătar & Mici,1,8.5,8.5
ORD-202608-00107,Restaurantul Nostru,Pastramă de Oaie la Tigaie cu Mămăligă,Mâncăruri Gătite & Specialități,1,56.0,56.0
ORD-202608-00107,Restaurantul Nostru,Limonadă Proaspătă cu Miere și Mentă 0.5L,Băuturi Răcoritoare & Cafea,1,20.0,20.0
ORD-202608-00107,Restaurantul Nostru,Salată de Vinete Coapte pe Plită,Aperitive & Gustări,1,24.0,24.0
ORD-202608-00107,Restaurantul Nostru,Varză Călită în Vin cu Chimen,Garnituri,1,15.0,15.0
ORD-202608-00108,Restaurantul Nostru,Salată Grecească,Salate,1,34.0,34.0
ORD-202608-00108,Restaurantul Nostru,Bere Nepasteurizată Zăganu 0.5L,Băuturi Alcoolice & Bere,1,22.0,22.0
ORD-202608-00108,Restaurantul Nostru,Mici Românești de Vită-Porc (1 buc),Preparate la Grătar & Mici,1,7.5,7.5
ORD-202608-00109,Restaurantul Nostru,Sos Barbeque,Sosuri & Extra,1,6.0,6.0
ORD-202608-00109,Restaurantul Nostru,Cașcaval Pane Crocant,Aperitive & Gustări,1,28.0,28.0
ORD-202608-00109,Restaurantul Nostru,Cappuccino cu Spumă de Lapte,Băuturi Răcoritoare & Cafea,1,15.0,15.0
ORD-202608-00110,Restaurantul Nostru,Vin Purcari Rară Neagră Sticlă 0.75L,Băuturi Alcoolice & Bere,1,95.0,95.0
ORD-202608-00110,Restaurantul Nostru,Muștar Clasic,Sosuri & Extra,1,4.0,4.0
ORD-202608-00110,Restaurantul Nostru,Ceafă de Porc la Grătar,Preparate la Grătar & Mici,1,38.0,38.0
ORD-202608-00111,Restaurantul Nostru,Supă Cremă de Legume cu Crutoane,Ciorbe & Supe,1,22.0,22.0
ORD-202608-00111,Restaurantul Nostru,Ciorbă de Perișoare,Ciorbe & Supe,1,24.0,24.0
ORD-202608-00111,Restaurantul Nostru,Cartofi Prăjiți cu Usturoi și Parmezan,Garnituri,1,18.0,18.0
ORD-202608-00111,Restaurantul Nostru,Iahnie de Fasole cu Bacon,Garnituri,1,16.0,16.0
ORD-202608-00112,Restaurantul Nostru,Platou Boieresc (2-3 persoane),Cârnați & Platouri,1,145.0,145.0
ORD-202608-00112,Restaurantul Nostru,Țuică de Prune Ardelenească 50ml,Băuturi Alcoolice & Bere,2,18.0,36.0
ORD-202608-00113,Restaurantul Nostru,Fasole Bătută cu Ceapă Călită,Aperitive & Gustări,1,20.0,20.0
ORD-202608-00113,Restaurantul Nostru,Platou Boieresc (2-3 persoane),Cârnați & Platouri,1,145.0,145.0
ORD-202608-00113,Restaurantul Nostru,Coca-Cola / Coca-Cola Zero 0.33L,Băuturi Răcoritoare & Cafea,1,12.0,12.0
ORD-202608-00114,Restaurantul Nostru,Salată Grecească,Salate,1,34.0,34.0
ORD-202608-00114,Restaurantul Nostru,Muștar Clasic,Sosuri & Extra,1,4.0,4.0
ORD-202608-00114,Restaurantul Nostru,Piure de Cartofi cu Unt,Garnituri,1,16.0,16.0
ORD-202608-00115,Restaurantul Nostru,Coca-Cola / Coca-Cola Zero 0.33L,Băuturi Răcoritoare & Cafea,1,12.0,12.0
ORD-202608-00115,Restaurantul Nostru,Cașcaval Pane Crocant,Aperitive & Gustări,2,28.0,56.0
ORD-202608-00115,Restaurantul Nostru,Ciorbă de Burtiță Tradițională,Ciorbe & Supe,1,28.0,28.0
ORD-202608-00115,Restaurantul Nostru,Salată de Murături Asortate,Salate,1,14.0,14.0
ORD-202608-00115,Restaurantul Nostru,Burger Casei cu Cartofi Prăjiți,Mâncăruri Gătite & Specialități,1,49.0,49.0
ORD-202608-00116,Restaurantul Nostru,Clătite cu Finetti și Banane (2 buc),Desert,3,22.0,66.0
ORD-202608-00116,Restaurantul Nostru,Smântână Proaspătă 20%,Sosuri & Extra,1,5.0,5.0
ORD-202608-00117,Restaurantul Nostru,Burger Casei cu Cartofi Prăjiți,Mâncăruri Gătite & Specialități,2,49.0,98.0
ORD-202608-00117,Restaurantul Nostru,Ștrudel de Mere cu Sos de Vanilie,Desert,1,25.0,25.0
ORD-202608-00117,Restaurantul Nostru,Piept de Pui la Grătar,Preparate la Grătar & Mici,1,34.0,34.0
ORD-202608-00118,Restaurantul Nostru,Vin Purcari Rară Neagră Sticlă 0.75L,Băuturi Alcoolice & Bere,1,95.0,95.0
ORD-202608-00118,Restaurantul Nostru,Salată de Vinete Coapte pe Plită,Aperitive & Gustări,1,24.0,24.0
ORD-202608-00118,Restaurantul Nostru,Limonadă Proaspătă cu Miere și Mentă 0.5L,Băuturi Răcoritoare & Cafea,2,20.0,40.0
ORD-202608-00119,Restaurantul Nostru,Ciorbă Rădăuțeană de Pui,Ciorbe & Supe,2,26.0,52.0
ORD-202608-00119,Restaurantul Nostru,Coca-Cola / Coca-Cola Zero 0.33L,Băuturi Răcoritoare & Cafea,1,12.0,12.0
ORD-202608-00119,Restaurantul Nostru,Sos Barbeque,Sosuri & Extra,1,6.0,6.0
ORD-202608-00120,Restaurantul Nostru,Cârnați Picanți de Pleșcoi,Cârnați & Platouri,2,42.0,84.0
ORD-202608-00120,Restaurantul Nostru,Espresso Scurt / Lung Julius Meinl,Băuturi Răcoritoare & Cafea,1,12.0,12.0
ORD-202608-00120,Restaurantul Nostru,Smântână Proaspătă 20%,Sosuri & Extra,1,5.0,5.0
ORD-202608-00120,Restaurantul Nostru,Mici de Oaie și Vită (1 buc),Preparate la Grătar & Mici,1,8.5,8.5
ORD-202608-00120,Restaurantul Nostru,Varză Călită în Vin cu Chimen,Garnituri,1,15.0,15.0
ORD-202608-00121,Restaurantul Nostru,Frigărui de Berbecuț,Preparate la Grătar & Mici,1,58.0,58.0
ORD-202608-00121,Restaurantul Nostru,Muștar Clasic,Sosuri & Extra,2,4.0,8.0
ORD-202608-00122,Restaurantul Nostru,Salată de Murături Asortate,Salate,2,14.0,28.0
ORD-202608-00122,Restaurantul Nostru,Muștar Clasic,Sosuri & Extra,1,4.0,4.0
ORD-202608-00122,Restaurantul Nostru,Piure de Cartofi cu Unt,Garnituri,1,16.0,16.0
ORD-202608-00123,Restaurantul Nostru,Sos Barbeque,Sosuri & Extra,1,6.0,6.0
ORD-202608-00123,Restaurantul Nostru,Cașcaval Pane Crocant,Aperitive & Gustări,1,28.0,28.0
ORD-202608-00123,Restaurantul Nostru,Ștrudel de Mere cu Sos de Vanilie,Desert,1,25.0,25.0
ORD-202608-00123,Restaurantul Nostru,Apă Minerală / Plată Borsec 0.5L,Băuturi Răcoritoare & Cafea,1,10.0,10.0
ORD-202608-00123,Restaurantul Nostru,Ciorbă de Burtiță Tradițională,Ciorbe & Supe,1,28.0,28.0
ORD-202608-00124,Restaurantul Nostru,Țuică de Prune Ardelenească 50ml,Băuturi Alcoolice & Bere,1,18.0,18.0
ORD-202608-00124,Restaurantul Nostru,Bere Heineken 0.33L,Băuturi Alcoolice & Bere,1,16.0,16.0
ORD-202608-00125,Restaurantul Nostru,Limonadă Proaspătă cu Miere și Mentă 0.5L,Băuturi Răcoritoare & Cafea,1,20.0,20.0
ORD-202608-00125,Restaurantul Nostru,Clătite cu Finetti și Banane (2 buc),Desert,1,22.0,22.0
ORD-202608-00125,Restaurantul Nostru,Platou Gustări Rece Tradiționale,Cârnați & Platouri,1,85.0,85.0
ORD-202608-00125,Restaurantul Nostru,Burger Casei cu Cartofi Prăjiți,Mâncăruri Gătite & Specialități,1,49.0,49.0
ORD-202608-00126,Restaurantul Nostru,Supă Cremă de Legume cu Crutoane,Ciorbe & Supe,2,22.0,44.0
ORD-202608-00126,Restaurantul Nostru,Clătite cu Finetti și Banane (2 buc),Desert,2,22.0,44.0
ORD-202608-00127,Restaurantul Nostru,Cârnați Picanți de Pleșcoi,Cârnați & Platouri,1,42.0,42.0
ORD-202608-00127,Restaurantul Nostru,Ceafă de Porc la Grătar,Preparate la Grătar & Mici,2,38.0,76.0
ORD-202608-00128,Restaurantul Nostru,Espresso Scurt / Lung Julius Meinl,Băuturi Răcoritoare & Cafea,1,12.0,12.0
ORD-202608-00128,Restaurantul Nostru,Frăție de Mici & Cârnați,Preparate la Grătar & Mici,1,54.0,54.0
ORD-202608-00129,Restaurantul Nostru,Țuică de Prune Ardelenească 50ml,Băuturi Alcoolice & Bere,1,18.0,18.0
ORD-202608-00129,Restaurantul Nostru,Cappuccino cu Spumă de Lapte,Băuturi Răcoritoare & Cafea,1,15.0,15.0
ORD-202608-00130,Restaurantul Nostru,Șnițel Gigant de Pui Pane,Mâncăruri Gătite & Specialități,1,36.0,36.0
ORD-202608-00130,Restaurantul Nostru,Ștrudel de Mere cu Sos de Vanilie,Desert,1,25.0,25.0
ORD-202608-00131,Restaurantul Nostru,Frăție de Mici & Cârnați,Preparate la Grătar & Mici,1,54.0,54.0
ORD-202608-00131,Restaurantul Nostru,Ciorbă de Văcuță,Ciorbe & Supe,1,25.0,25.0
ORD-202608-00131,Restaurantul Nostru,Piure de Cartofi cu Unt,Garnituri,1,16.0,16.0
ORD-202608-00131,Restaurantul Nostru,Ciolan de Porc Rumexit la Cuptor,Mâncăruri Gătite & Specialități,1,78.0,78.0
ORD-202608-00131,Restaurantul Nostru,Platou Gustări Rece Tradiționale,Cârnați & Platouri,1,85.0,85.0
ORD-202608-00132,Restaurantul Nostru,Platou Gustări Rece Tradiționale,Cârnați & Platouri,1,85.0,85.0
ORD-202608-00132,Restaurantul Nostru,Salată Grecească,Salate,1,34.0,34.0
ORD-202608-00133,Restaurantul Nostru,Fasole Bătută cu Ceapă Călită,Aperitive & Gustări,2,20.0,40.0
ORD-202608-00133,Restaurantul Nostru,Mici Românești de Vită-Porc (1 buc),Preparate la Grătar & Mici,1,7.5,7.5
ORD-202608-00133,Restaurantul Nostru,Sarmale Românești în Foi de Varză (4 buc),Mâncăruri Gătite & Specialități,2,44.0,88.0
ORD-202608-00133,Restaurantul Nostru,Smântână Proaspătă 20%,Sosuri & Extra,1,5.0,5.0
ORD-202608-00133,Restaurantul Nostru,Platou Cârnați Asortați,Cârnați & Platouri,1,95.0,95.0
ORD-202608-00134,Restaurantul Nostru,Cappuccino cu Spumă de Lapte,Băuturi Răcoritoare & Cafea,1,15.0,15.0
ORD-202608-00134,Restaurantul Nostru,Tochitură Moldovenească cu Mămăligă,Mâncăruri Gătite & Specialități,1,48.0,48.0
ORD-202608-00134,Restaurantul Nostru,Ciorbă de Văcuță,Ciorbe & Supe,1,25.0,25.0
ORD-202608-00134,Restaurantul Nostru,Platou Gustări Rece Tradiționale,Cârnați & Platouri,1,85.0,85.0
ORD-202608-00135,Restaurantul Nostru,Limonadă Proaspătă cu Miere și Mentă 0.5L,Băuturi Răcoritoare & Cafea,1,20.0,20.0
ORD-202608-00135,Restaurantul Nostru,Muștar Clasic,Sosuri & Extra,2,4.0,8.0
ORD-202608-00135,Restaurantul Nostru,Supă Cremă de Legume cu Crutoane,Ciorbe & Supe,1,22.0,22.0
ORD-202608-00136,Restaurantul Nostru,Mămăliguță Caldă,Garnituri,1,8.0,8.0
ORD-202608-00136,Restaurantul Nostru,Espresso Scurt / Lung Julius Meinl,Băuturi Răcoritoare & Cafea,2,12.0,24.0
ORD-202608-00136,Restaurantul Nostru,Limonadă Proaspătă cu Miere și Mentă 0.5L,Băuturi Răcoritoare & Cafea,1,20.0,20.0
ORD-202608-00136,Restaurantul Nostru,Vin Purcari Rară Neagră Sticlă 0.75L,Băuturi Alcoolice & Bere,1,95.0,95.0
ORD-202608-00137,Restaurantul Nostru,Fasole Bătută cu Ceapă Călită,Aperitive & Gustări,2,20.0,40.0
ORD-202608-00137,Restaurantul Nostru,Frăție de Mici & Cârnați,Preparate la Grătar & Mici,1,54.0,54.0
ORD-202608-00137,Restaurantul Nostru,Salată de Murături Asortate,Salate,1,14.0,14.0
ORD-202608-00138,Restaurantul Nostru,Salată Caesar cu Pui la Grătar,Salate,2,38.0,76.0
ORD-202608-00138,Restaurantul Nostru,Mici de Oaie și Vită (1 buc),Preparate la Grătar & Mici,1,8.5,8.5
ORD-202608-00139,Restaurantul Nostru,Salată de Ardei Copți,Salate,3,16.0,48.0
ORD-202608-00139,Restaurantul Nostru,Bulz Ardelenesc la Grătar,Aperitive & Gustări,2,32.0,64.0
ORD-202608-00139,Restaurantul Nostru,Espresso Scurt / Lung Julius Meinl,Băuturi Răcoritoare & Cafea,1,12.0,12.0
ORD-202608-00139,Restaurantul Nostru,Cașcaval Pane Crocant,Aperitive & Gustări,1,28.0,28.0
ORD-202608-00139,Restaurantul Nostru,Coca-Cola / Coca-Cola Zero 0.33L,Băuturi Răcoritoare & Cafea,1,12.0,12.0
ORD-202608-00140,Restaurantul Nostru,Frigărui de Berbecuț,Preparate la Grătar & Mici,1,58.0,58.0
ORD-202608-00140,Restaurantul Nostru,Piept de Pui la Grătar,Preparate la Grătar & Mici,1,34.0,34.0
ORD-202608-00140,Restaurantul Nostru,Varză Călită în Vin cu Chimen,Garnituri,1,15.0,15.0
ORD-202608-00141,Restaurantul Nostru,Bulz Ardelenesc la Grătar,Aperitive & Gustări,1,32.0,32.0
ORD-202608-00141,Restaurantul Nostru,Platou Cârnați Asortați,Cârnați & Platouri,1,95.0,95.0
ORD-202608-00142,Restaurantul Nostru,Smântână Proaspătă 20%,Sosuri & Extra,1,5.0,5.0
ORD-202608-00142,Restaurantul Nostru,Sos Barbeque,Sosuri & Extra,1,6.0,6.0
ORD-202608-00142,Restaurantul Nostru,Salată de Vinete Coapte pe Plită,Aperitive & Gustări,1,24.0,24.0
ORD-202608-00142,Restaurantul Nostru,Pachet Vinul Casei Fetească Regală 1L,Băuturi Alcoolice & Bere,1,55.0,55.0
ORD-202608-00142,Restaurantul Nostru,Bere Ciuc Premium la Draught 0.4L,Băuturi Alcoolice & Bere,1,14.0,14.0
ORD-202608-00143,Restaurantul Nostru,Ciorbă de Perișoare,Ciorbe & Supe,1,24.0,24.0
ORD-202608-00143,Restaurantul Nostru,Bere Heineken 0.33L,Băuturi Alcoolice & Bere,1,16.0,16.0
ORD-202608-00144,Restaurantul Nostru,Muștar Clasic,Sosuri & Extra,2,4.0,8.0
ORD-202608-00144,Restaurantul Nostru,Șnițel Gigant de Pui Pane,Mâncăruri Gătite & Specialități,1,36.0,36.0
ORD-202608-00144,Restaurantul Nostru,Bere Ciuc Premium la Draught 0.4L,Băuturi Alcoolice & Bere,1,14.0,14.0
ORD-202608-00144,Restaurantul Nostru,Clătite cu Finetti și Banane (2 buc),Desert,1,22.0,22.0
ORD-202608-00145,Restaurantul Nostru,Ștrudel de Mere cu Sos de Vanilie,Desert,3,25.0,75.0
ORD-202608-00145,Restaurantul Nostru,Ciorbă de Perișoare,Ciorbe & Supe,1,24.0,24.0
ORD-202608-00145,Restaurantul Nostru,Limonadă Proaspătă cu Miere și Mentă 0.5L,Băuturi Răcoritoare & Cafea,2,20.0,40.0
ORD-202608-00146,Restaurantul Nostru,Papanași cu Smântână și Dulceață de Afine (2 buc),Desert,1,32.0,32.0
ORD-202608-00146,Restaurantul Nostru,Pachet Vinul Casei Fetească Regală 1L,Băuturi Alcoolice & Bere,1,55.0,55.0
ORD-202608-00146,Restaurantul Nostru,Piept de Pui la Grătar,Preparate la Grătar & Mici,2,34.0,68.0
ORD-202608-00146,Restaurantul Nostru,Limonadă Proaspătă cu Miere și Mentă 0.5L,Băuturi Răcoritoare & Cafea,1,20.0,20.0
ORD-202608-00146,Restaurantul Nostru,Frigărui de Berbecuț,Preparate la Grătar & Mici,1,58.0,58.0
ORD-202608-00147,Restaurantul Nostru,Fasole Bătută cu Ceapă Călită,Aperitive & Gustări,1,20.0,20.0
ORD-202608-00147,Restaurantul Nostru,Salată Caesar cu Pui la Grătar,Salate,1,38.0,38.0
ORD-202608-00147,Restaurantul Nostru,Mămăliguță Caldă,Garnituri,2,8.0,16.0
ORD-202608-00147,Restaurantul Nostru,Bere Nepasteurizată Zăganu 0.5L,Băuturi Alcoolice & Bere,1,22.0,22.0
ORD-202608-00147,Restaurantul Nostru,Pastramă de Oaie la Tigaie cu Mămăligă,Mâncăruri Gătite & Specialități,1,56.0,56.0
ORD-202608-00148,Restaurantul Nostru,Ciorbă de Perișoare,Ciorbe & Supe,1,24.0,24.0
ORD-202608-00148,Restaurantul Nostru,Cartofi Prăjiți cu Usturoi și Parmezan,Garnituri,1,18.0,18.0
ORD-202608-00148,Restaurantul Nostru,Bulz Ardelenesc la Grătar,Aperitive & Gustări,1,32.0,32.0
ORD-202608-00148,Restaurantul Nostru,Piept de Pui la Grătar,Preparate la Grătar & Mici,1,34.0,34.0
ORD-202608-00149,Restaurantul Nostru,Sarmale Românești în Foi de Varză (4 buc),Mâncăruri Gătite & Specialități,2,44.0,88.0
ORD-202608-00149,Restaurantul Nostru,Pachet Vinul Casei Fetească Regală 1L,Băuturi Alcoolice & Bere,1,55.0,55.0
ORD-202608-00149,Restaurantul Nostru,Mici de Oaie și Vită (1 buc),Preparate la Grătar & Mici,2,8.5,17.0
ORD-202608-00149,Restaurantul Nostru,Ciolan de Porc Rumexit la Cuptor,Mâncăruri Gătite & Specialități,1,78.0,78.0
ORD-202608-00150,Restaurantul Nostru,Șnițel Gigant de Pui Pane,Mâncăruri Gătite & Specialități,1,36.0,36.0
ORD-202608-00150,Restaurantul Nostru,Platou Gustări Rece Tradiționale,Cârnați & Platouri,1,85.0,85.0
ORD-202608-00151,Restaurantul Nostru,Apă Minerală / Plată Borsec 0.5L,Băuturi Răcoritoare & Cafea,1,10.0,10.0
ORD-202608-00151,Restaurantul Nostru,Sarmale Românești în Foi de Varză (4 buc),Mâncăruri Gătite & Specialități,1,44.0,44.0
ORD-202608-00152,Restaurantul Nostru,Cartofi Prăjiți cu Usturoi și Parmezan,Garnituri,2,18.0,36.0
ORD-202608-00152,Restaurantul Nostru,Mici Românești de Vită-Porc (1 buc),Preparate la Grătar & Mici,3,7.5,22.5
ORD-202608-00152,Restaurantul Nostru,Papanași cu Smântână și Dulceață de Afine (2 buc),Desert,1,32.0,32.0
ORD-202608-00152,Restaurantul Nostru,Salată Grecească,Salate,1,34.0,34.0
ORD-202608-00152,Restaurantul Nostru,Frigărui de Berbecuț,Preparate la Grătar & Mici,1,58.0,58.0
ORD-202608-00153,Restaurantul Nostru,Vin Purcari Rară Neagră Sticlă 0.75L,Băuturi Alcoolice & Bere,1,95.0,95.0
ORD-202608-00153,Restaurantul Nostru,Espresso Scurt / Lung Julius Meinl,Băuturi Răcoritoare & Cafea,2,12.0,24.0
ORD-202608-00153,Restaurantul Nostru,Mici Românești de Vită-Porc (1 buc),Preparate la Grătar & Mici,2,7.5,15.0
ORD-202608-00153,Restaurantul Nostru,Bere Heineken 0.33L,Băuturi Alcoolice & Bere,2,16.0,32.0
ORD-202608-00154,Restaurantul Nostru,Mămăliguță Caldă,Garnituri,2,8.0,16.0
ORD-202608-00154,Restaurantul Nostru,Salată Caesar cu Pui la Grătar,Salate,2,38.0,76.0
ORD-202608-00154,Restaurantul Nostru,Frăție de Mici & Cârnați,Preparate la Grătar & Mici,1,54.0,54.0
ORD-202608-00154,Restaurantul Nostru,Fasole Bătută cu Ceapă Călită,Aperitive & Gustări,1,20.0,20.0
ORD-202608-00154,Restaurantul Nostru,Mujdei de Usturoi Tradițional,Sosuri & Extra,1,5.0,5.0
ORD-202608-00155,Restaurantul Nostru,Salată de Ardei Copți,Salate,1,16.0,16.0
ORD-202608-00155,Restaurantul Nostru,Pastramă de Oaie la Tigaie cu Mămăligă,Mâncăruri Gătite & Specialități,2,56.0,112.0
ORD-202608-00156,Restaurantul Nostru,Salată Grecească,Salate,2,34.0,68.0
ORD-202608-00156,Restaurantul Nostru,Bere Ciuc Premium la Draught 0.4L,Băuturi Alcoolice & Bere,1,14.0,14.0
ORD-202608-00156,Restaurantul Nostru,Ștrudel de Mere cu Sos de Vanilie,Desert,1,25.0,25.0
ORD-202608-00157,Restaurantul Nostru,Piure de Cartofi cu Unt,Garnituri,1,16.0,16.0
ORD-202608-00157,Restaurantul Nostru,Pachet Vinul Casei Fetească Regală 1L,Băuturi Alcoolice & Bere,1,55.0,55.0
ORD-202608-00157,Restaurantul Nostru,Limonadă Proaspătă cu Miere și Mentă 0.5L,Băuturi Răcoritoare & Cafea,2,20.0,40.0
ORD-202608-00157,Restaurantul Nostru,Piept de Pui la Grătar,Preparate la Grătar & Mici,1,34.0,34.0
ORD-202608-00158,Restaurantul Nostru,Salată de Ardei Copți,Salate,1,16.0,16.0
ORD-202608-00158,Restaurantul Nostru,Tochitură Moldovenească cu Mămăligă,Mâncăruri Gătite & Specialități,1,48.0,48.0
ORD-202608-00158,Restaurantul Nostru,Supă Cremă de Legume cu Crutoane,Ciorbe & Supe,2,22.0,44.0
ORD-202608-00159,Restaurantul Nostru,Apă Minerală / Plată Borsec 0.5L,Băuturi Răcoritoare & Cafea,1,10.0,10.0
ORD-202608-00159,Restaurantul Nostru,Iahnie de Fasole cu Bacon,Garnituri,1,16.0,16.0
ORD-202608-00159,Restaurantul Nostru,Mici de Oaie și Vită (1 buc),Preparate la Grătar & Mici,1,8.5,8.5
ORD-202608-00159,Restaurantul Nostru,Fasole Bătută cu Ceapă Călită,Aperitive & Gustări,1,20.0,20.0
ORD-202608-00160,Restaurantul Nostru,Țuică de Prune Ardelenească 50ml,Băuturi Alcoolice & Bere,1,18.0,18.0
ORD-202608-00160,Restaurantul Nostru,Varză Călită în Vin cu Chimen,Garnituri,1,15.0,15.0
ORD-202608-00160,Restaurantul Nostru,Platou Cârnați Asortați,Cârnați & Platouri,1,95.0,95.0
ORD-202608-00161,Restaurantul Nostru,Salată de Murături Asortate,Salate,1,14.0,14.0
ORD-202608-00161,Restaurantul Nostru,Bere Ciuc Premium la Draught 0.4L,Băuturi Alcoolice & Bere,1,14.0,14.0
ORD-202608-00161,Restaurantul Nostru,Mici Românești de Vită-Porc (1 buc),Preparate la Grătar & Mici,1,7.5,7.5
ORD-202608-00162,Restaurantul Nostru,Muștar Clasic,Sosuri & Extra,1,4.0,4.0
ORD-202608-00162,Restaurantul Nostru,Papanași cu Smântână și Dulceață de Afine (2 buc),Desert,1,32.0,32.0
ORD-202608-00163,Restaurantul Nostru,Sarmale Românești în Foi de Varză (4 buc),Mâncăruri Gătite & Specialități,3,44.0,132.0
ORD-202608-00163,Restaurantul Nostru,Platou Cârnați Asortați,Cârnați & Platouri,1,95.0,95.0
ORD-202608-00163,Restaurantul Nostru,Lava Cake cu Înghețată de Vanilie,Desert,1,28.0,28.0
ORD-202608-00163,Restaurantul Nostru,Supă Cremă de Legume cu Crutoane,Ciorbe & Supe,2,22.0,44.0
ORD-202608-00164,Restaurantul Nostru,Mujdei de Usturoi Tradițional,Sosuri & Extra,2,5.0,10.0
ORD-202608-00164,Restaurantul Nostru,Salată de Murături Asortate,Salate,2,14.0,28.0
ORD-202608-00164,Restaurantul Nostru,Sarmale Românești în Foi de Varză (4 buc),Mâncăruri Gătite & Specialități,1,44.0,44.0
ORD-202608-00164,Restaurantul Nostru,Bulz Ardelenesc la Grătar,Aperitive & Gustări,1,32.0,32.0
ORD-202608-00165,Restaurantul Nostru,Cârnați Picanți de Pleșcoi,Cârnați & Platouri,1,42.0,42.0
ORD-202608-00165,Restaurantul Nostru,Burger Casei cu Cartofi Prăjiți,Mâncăruri Gătite & Specialități,2,49.0,98.0
ORD-202608-00165,Restaurantul Nostru,Piure de Cartofi cu Unt,Garnituri,2,16.0,32.0
ORD-202608-00165,Restaurantul Nostru,Vin Purcari Rară Neagră Sticlă 0.75L,Băuturi Alcoolice & Bere,1,95.0,95.0
ORD-202608-00165,Restaurantul Nostru,Coș de Pâine de Casă,Sosuri & Extra,1,7.0,7.0
ORD-202608-00166,Restaurantul Nostru,Vin Purcari Rară Neagră Sticlă 0.75L,Băuturi Alcoolice & Bere,1,95.0,95.0
ORD-202608-00166,Restaurantul Nostru,Pastramă de Oaie la Tigaie cu Mămăligă,Mâncăruri Gătite & Specialități,1,56.0,56.0
ORD-202608-00166,Restaurantul Nostru,Salată Grecească,Salate,1,34.0,34.0
ORD-202608-00166,Restaurantul Nostru,Cartofi Prăjiți cu Usturoi și Parmezan,Garnituri,1,18.0,18.0
ORD-202608-00166,Restaurantul Nostru,Tochitură Moldovenească cu Mămăligă,Mâncăruri Gătite & Specialități,1,48.0,48.0
ORD-202608-00167,Restaurantul Nostru,Bere Heineken 0.33L,Băuturi Alcoolice & Bere,1,16.0,16.0
ORD-202608-00167,Restaurantul Nostru,Salată Grecească,Salate,1,34.0,34.0
ORD-202608-00167,Restaurantul Nostru,Limonadă Proaspătă cu Miere și Mentă 0.5L,Băuturi Răcoritoare & Cafea,1,20.0,20.0
ORD-202608-00168,Restaurantul Nostru,Espresso Scurt / Lung Julius Meinl,Băuturi Răcoritoare & Cafea,1,12.0,12.0
ORD-202608-00168,Restaurantul Nostru,Ciorbă Rădăuțeană de Pui,Ciorbe & Supe,1,26.0,26.0
ORD-202608-00168,Restaurantul Nostru,Fasole Bătută cu Ceapă Călită,Aperitive & Gustări,1,20.0,20.0
ORD-202608-00168,Restaurantul Nostru,Salată de Murături Asortate,Salate,1,14.0,14.0
ORD-202608-00168,Restaurantul Nostru,Piept de Pui la Grătar,Preparate la Grătar & Mici,1,34.0,34.0
ORD-202608-00169,Restaurantul Nostru,Bere Heineken 0.33L,Băuturi Alcoolice & Bere,1,16.0,16.0
ORD-202608-00169,Restaurantul Nostru,Iahnie de Fasole cu Bacon,Garnituri,1,16.0,16.0
ORD-202608-00169,Restaurantul Nostru,Ceafă de Porc la Grătar,Preparate la Grătar & Mici,2,38.0,76.0
ORD-202608-00169,Restaurantul Nostru,Coca-Cola / Coca-Cola Zero 0.33L,Băuturi Răcoritoare & Cafea,2,12.0,24.0
ORD-202608-00170,Restaurantul Nostru,Ciolan de Porc Rumexit la Cuptor,Mâncăruri Gătite & Specialități,1,78.0,78.0
ORD-202608-00170,Restaurantul Nostru,Cappuccino cu Spumă de Lapte,Băuturi Răcoritoare & Cafea,1,15.0,15.0
ORD-202608-00171,Restaurantul Nostru,Salată de Vinete Coapte pe Plită,Aperitive & Gustări,1,24.0,24.0
ORD-202608-00171,Restaurantul Nostru,Ciorbă de Burtiță Tradițională,Ciorbe & Supe,1,28.0,28.0
ORD-202608-00172,Restaurantul Nostru,Smântână Proaspătă 20%,Sosuri & Extra,2,5.0,10.0
ORD-202608-00172,Restaurantul Nostru,Frăție de Mici & Cârnați,Preparate la Grătar & Mici,1,54.0,54.0
ORD-202608-00172,Restaurantul Nostru,Papanași cu Smântână și Dulceață de Afine (2 buc),Desert,1,32.0,32.0
ORD-202608-00172,Restaurantul Nostru,Ciorbă de Văcuță,Ciorbe & Supe,1,25.0,25.0
ORD-202608-00173,Restaurantul Nostru,Sos Barbeque,Sosuri & Extra,1,6.0,6.0
ORD-202608-00173,Restaurantul Nostru,Papanași cu Smântână și Dulceață de Afine (2 buc),Desert,1,32.0,32.0
ORD-202608-00173,Restaurantul Nostru,Frăție de Mici & Cârnați,Preparate la Grătar & Mici,1,54.0,54.0
ORD-202608-00174,Restaurantul Nostru,Limonadă Proaspătă cu Miere și Mentă 0.5L,Băuturi Răcoritoare & Cafea,1,20.0,20.0
ORD-202608-00174,Restaurantul Nostru,Ciorbă de Văcuță,Ciorbe & Supe,2,25.0,50.0
ORD-202608-00174,Restaurantul Nostru,Ceafă de Porc la Grătar,Preparate la Grătar & Mici,2,38.0,76.0
ORD-202608-00174,Restaurantul Nostru,Salată de Ardei Copți,Salate,2,16.0,32.0
ORD-202608-00174,Restaurantul Nostru,Ciorbă de Perișoare,Ciorbe & Supe,1,24.0,24.0
ORD-202608-00175,Restaurantul Nostru,Cașcaval Pane Crocant,Aperitive & Gustări,1,28.0,28.0
ORD-202608-00175,Restaurantul Nostru,Cartofi Prăjiți cu Usturoi și Parmezan,Garnituri,1,18.0,18.0
ORD-202608-00175,Restaurantul Nostru,Frăție de Mici & Cârnați,Preparate la Grătar & Mici,2,54.0,108.0
ORD-202608-00175,Restaurantul Nostru,Pastramă de Oaie la Tigaie cu Mămăligă,Mâncăruri Gătite & Specialități,1,56.0,56.0
ORD-202608-00176,Restaurantul Nostru,Piure de Cartofi cu Unt,Garnituri,2,16.0,32.0
ORD-202608-00176,Restaurantul Nostru,Clătite cu Finetti și Banane (2 buc),Desert,1,22.0,22.0
ORD-202608-00176,Restaurantul Nostru,Espresso Scurt / Lung Julius Meinl,Băuturi Răcoritoare & Cafea,1,12.0,12.0
ORD-202608-00177,Restaurantul Nostru,Smântână Proaspătă 20%,Sosuri & Extra,1,5.0,5.0
ORD-202608-00177,Restaurantul Nostru,Supă Cremă de Legume cu Crutoane,Ciorbe & Supe,1,22.0,22.0
ORD-202608-00177,Restaurantul Nostru,Platou Boieresc (2-3 persoane),Cârnați & Platouri,1,145.0,145.0
ORD-202608-00177,Restaurantul Nostru,Cârnați Picanți de Pleșcoi,Cârnați & Platouri,1,42.0,42.0
ORD-202608-00178,Restaurantul Nostru,Smântână Proaspătă 20%,Sosuri & Extra,1,5.0,5.0
ORD-202608-00178,Restaurantul Nostru,Coș de Pâine de Casă,Sosuri & Extra,1,7.0,7.0
ORD-202608-00179,Restaurantul Nostru,Mămăliguță Caldă,Garnituri,3,8.0,24.0
ORD-202608-00179,Restaurantul Nostru,Papanași cu Smântână și Dulceață de Afine (2 buc),Desert,1,32.0,32.0
ORD-202608-00179,Restaurantul Nostru,Salată de Vinete Coapte pe Plită,Aperitive & Gustări,1,24.0,24.0
ORD-202608-00179,Restaurantul Nostru,Coca-Cola / Coca-Cola Zero 0.33L,Băuturi Răcoritoare & Cafea,1,12.0,12.0
ORD-202608-00179,Restaurantul Nostru,Platou Boieresc (2-3 persoane),Cârnați & Platouri,1,145.0,145.0
ORD-202608-00180,Restaurantul Nostru,Frigărui de Berbecuț,Preparate la Grătar & Mici,1,58.0,58.0
ORD-202608-00180,Restaurantul Nostru,Ciolan de Porc Rumexit la Cuptor,Mâncăruri Gătite & Specialități,1,78.0,78.0
ORD-202608-00180,Restaurantul Nostru,Șnițel Gigant de Pui Pane,Mâncăruri Gătite & Specialități,1,36.0,36.0
ORD-202608-00181,Restaurantul Nostru,Piept de Pui la Grătar,Preparate la Grătar & Mici,1,34.0,34.0
ORD-202608-00181,Restaurantul Nostru,Clătite cu Finetti și Banane (2 buc),Desert,2,22.0,44.0
ORD-202608-00182,Restaurantul Nostru,Mici de Oaie și Vită (1 buc),Preparate la Grătar & Mici,1,8.5,8.5
ORD-202608-00182,Restaurantul Nostru,Bere Ciuc Premium la Draught 0.4L,Băuturi Alcoolice & Bere,1,14.0,14.0
ORD-202608-00182,Restaurantul Nostru,Țuică de Prune Ardelenească 50ml,Băuturi Alcoolice & Bere,2,18.0,36.0
ORD-202608-00183,Restaurantul Nostru,Salată de Murături Asortate,Salate,1,14.0,14.0
ORD-202608-00183,Restaurantul Nostru,Coca-Cola / Coca-Cola Zero 0.33L,Băuturi Răcoritoare & Cafea,1,12.0,12.0
ORD-202608-00183,Restaurantul Nostru,Lava Cake cu Înghețată de Vanilie,Desert,1,28.0,28.0
ORD-202608-00183,Restaurantul Nostru,Ștrudel de Mere cu Sos de Vanilie,Desert,1,25.0,25.0
ORD-202608-00183,Restaurantul Nostru,Piure de Cartofi cu Unt,Garnituri,2,16.0,32.0
ORD-202608-00184,Restaurantul Nostru,Salată de Ardei Copți,Salate,1,16.0,16.0
ORD-202608-00184,Restaurantul Nostru,Iahnie de Fasole cu Bacon,Garnituri,1,16.0,16.0
ORD-202608-00184,Restaurantul Nostru,Clătite cu Finetti și Banane (2 buc),Desert,1,22.0,22.0
ORD-202608-00184,Restaurantul Nostru,Varză Călită în Vin cu Chimen,Garnituri,1,15.0,15.0
ORD-202608-00184,Restaurantul Nostru,Bere Heineken 0.33L,Băuturi Alcoolice & Bere,2,16.0,32.0
ORD-202608-00185,Restaurantul Nostru,Salată de Ardei Copți,Salate,1,16.0,16.0
ORD-202608-00185,Restaurantul Nostru,Mujdei de Usturoi Tradițional,Sosuri & Extra,1,5.0,5.0
ORD-202608-00185,Restaurantul Nostru,Ceafă de Porc la Grătar,Preparate la Grătar & Mici,1,38.0,38.0
ORD-202608-00185,Restaurantul Nostru,Smântână Proaspătă 20%,Sosuri & Extra,1,5.0,5.0
ORD-202608-00185,Restaurantul Nostru,Frăție de Mici & Cârnați,Preparate la Grătar & Mici,2,54.0,108.0
ORD-202608-00186,Restaurantul Nostru,Bere Ciuc Premium la Draught 0.4L,Băuturi Alcoolice & Bere,1,14.0,14.0
ORD-202608-00186,Restaurantul Nostru,Sarmale Românești în Foi de Varză (4 buc),Mâncăruri Gătite & Specialități,1,44.0,44.0
ORD-202608-00186,Restaurantul Nostru,Frigărui de Berbecuț,Preparate la Grătar & Mici,1,58.0,58.0
ORD-202608-00186,Restaurantul Nostru,Frăție de Mici & Cârnați,Preparate la Grătar & Mici,1,54.0,54.0
ORD-202608-00187,Restaurantul Nostru,Frăție de Mici & Cârnați,Preparate la Grătar & Mici,2,54.0,108.0
ORD-202608-00187,Restaurantul Nostru,Bere Nepasteurizată Zăganu 0.5L,Băuturi Alcoolice & Bere,2,22.0,44.0
ORD-202608-00187,Restaurantul Nostru,Salată de Ardei Copți,Salate,1,16.0,16.0
ORD-202608-00187,Restaurantul Nostru,Ciolan de Porc Rumexit la Cuptor,Mâncăruri Gătite & Specialități,1,78.0,78.0
ORD-202608-00188,Restaurantul Nostru,Coca-Cola / Coca-Cola Zero 0.33L,Băuturi Răcoritoare & Cafea,2,12.0,24.0
ORD-202608-00188,Restaurantul Nostru,Bere Nepasteurizată Zăganu 0.5L,Băuturi Alcoolice & Bere,1,22.0,22.0
ORD-202608-00188,Restaurantul Nostru,Mici de Oaie și Vită (1 buc),Preparate la Grătar & Mici,1,8.5,8.5
ORD-202608-00188,Restaurantul Nostru,Sarmale Românești în Foi de Varză (4 buc),Mâncăruri Gătite & Specialități,1,44.0,44.0
ORD-202608-00189,Restaurantul Nostru,Sos Barbeque,Sosuri & Extra,1,6.0,6.0
ORD-202608-00189,Restaurantul Nostru,Limonadă Proaspătă cu Miere și Mentă 0.5L,Băuturi Răcoritoare & Cafea,2,20.0,40.0
ORD-202608-00189,Restaurantul Nostru,Salată Caesar cu Pui la Grătar,Salate,1,38.0,38.0
ORD-202608-00190,Restaurantul Nostru,Burger Casei cu Cartofi Prăjiți,Mâncăruri Gătite & Specialități,1,49.0,49.0
ORD-202608-00190,Restaurantul Nostru,Ștrudel de Mere cu Sos de Vanilie,Desert,1,25.0,25.0
ORD-202608-00190,Restaurantul Nostru,Ciolan de Porc Rumexit la Cuptor,Mâncăruri Gătite & Specialități,1,78.0,78.0
ORD-202608-00191,Restaurantul Nostru,Ciorbă de Burtiță Tradițională,Ciorbe & Supe,2,28.0,56.0
ORD-202608-00191,Restaurantul Nostru,Iahnie de Fasole cu Bacon,Garnituri,1,16.0,16.0
ORD-202608-00191,Restaurantul Nostru,Platou Boieresc (2-3 persoane),Cârnați & Platouri,2,145.0,290.0
ORD-202608-00191,Restaurantul Nostru,Mămăliguță Caldă,Garnituri,2,8.0,16.0
ORD-202608-00192,Restaurantul Nostru,Cappuccino cu Spumă de Lapte,Băuturi Răcoritoare & Cafea,1,15.0,15.0
ORD-202608-00192,Restaurantul Nostru,Mămăliguță Caldă,Garnituri,1,8.0,8.0
ORD-202608-00193,Restaurantul Nostru,Mici Românești de Vită-Porc (1 buc),Preparate la Grătar & Mici,3,7.5,22.5
ORD-202608-00193,Restaurantul Nostru,Ciorbă de Perișoare,Ciorbe & Supe,1,24.0,24.0
ORD-202608-00194,Restaurantul Nostru,Frigărui de Berbecuț,Preparate la Grătar & Mici,1,58.0,58.0
ORD-202608-00194,Restaurantul Nostru,Salată de Murături Asortate,Salate,1,14.0,14.0
ORD-202608-00194,Restaurantul Nostru,Pachet Vinul Casei Fetească Regală 1L,Băuturi Alcoolice & Bere,1,55.0,55.0
ORD-202608-00194,Restaurantul Nostru,Sos Barbeque,Sosuri & Extra,2,6.0,12.0
ORD-202608-00194,Restaurantul Nostru,Apă Minerală / Plată Borsec 0.5L,Băuturi Răcoritoare & Cafea,1,10.0,10.0
ORD-202608-00195,Restaurantul Nostru,Cașcaval Pane Crocant,Aperitive & Gustări,1,28.0,28.0
ORD-202608-00195,Restaurantul Nostru,Mici Românești de Vită-Porc (1 buc),Preparate la Grătar & Mici,1,7.5,7.5
ORD-202608-00195,Restaurantul Nostru,Supă Cremă de Legume cu Crutoane,Ciorbe & Supe,1,22.0,22.0
ORD-202608-00195,Restaurantul Nostru,Platou Cârnați Asortați,Cârnați & Platouri,1,95.0,95.0
ORD-202608-00195,Restaurantul Nostru,Tochitură Moldovenească cu Mămăligă,Mâncăruri Gătite & Specialități,1,48.0,48.0
ORD-202608-00196,Restaurantul Nostru,Espresso Scurt / Lung Julius Meinl,Băuturi Răcoritoare & Cafea,2,12.0,24.0
ORD-202608-00196,Restaurantul Nostru,Limonadă Proaspătă cu Miere și Mentă 0.5L,Băuturi Răcoritoare & Cafea,1,20.0,20.0
ORD-202608-00197,Restaurantul Nostru,Ciorbă de Burtiță Tradițională,Ciorbe & Supe,1,28.0,28.0
ORD-202608-00197,Restaurantul Nostru,Salată de Vinete Coapte pe Plită,Aperitive & Gustări,1,24.0,24.0
ORD-202608-00197,Restaurantul Nostru,Limonadă Proaspătă cu Miere și Mentă 0.5L,Băuturi Răcoritoare & Cafea,2,20.0,40.0
ORD-202608-00197,Restaurantul Nostru,Salată Grecească,Salate,2,34.0,68.0
ORD-202608-00197,Restaurantul Nostru,Cârnați Picanți de Pleșcoi,Cârnați & Platouri,1,42.0,42.0
ORD-202608-00198,Restaurantul Nostru,Mujdei de Usturoi Tradițional,Sosuri & Extra,3,5.0,15.0
ORD-202608-00198,Restaurantul Nostru,Burger Casei cu Cartofi Prăjiți,Mâncăruri Gătite & Specialități,1,49.0,49.0
ORD-202608-00198,Restaurantul Nostru,Sarmale Românești în Foi de Varză (4 buc),Mâncăruri Gătite & Specialități,1,44.0,44.0
ORD-202608-00198,Restaurantul Nostru,Pastramă de Oaie la Tigaie cu Mămăligă,Mâncăruri Gătite & Specialități,1,56.0,56.0
ORD-202608-00198,Restaurantul Nostru,Salată Caesar cu Pui la Grătar,Salate,1,38.0,38.0
ORD-202608-00199,Restaurantul Nostru,Ceafă de Porc la Grătar,Preparate la Grătar & Mici,1,38.0,38.0
ORD-202608-00199,Restaurantul Nostru,Cappuccino cu Spumă de Lapte,Băuturi Răcoritoare & Cafea,1,15.0,15.0
ORD-202608-00199,Restaurantul Nostru,Limonadă Proaspătă cu Miere și Mentă 0.5L,Băuturi Răcoritoare & Cafea,1,20.0,20.0
ORD-202608-00199,Restaurantul Nostru,Iahnie de Fasole cu Bacon,Garnituri,1,16.0,16.0
ORD-202608-00200,Restaurantul Nostru,Frigărui de Berbecuț,Preparate la Grătar & Mici,2,58.0,116.0
ORD-202608-00200,Restaurantul Nostru,Limonadă Proaspătă cu Miere și Mentă 0.5L,Băuturi Răcoritoare & Cafea,1,20.0,20.0
ORD-202608-00200,Restaurantul Nostru,Muștar Clasic,Sosuri & Extra,1,4.0,4.0
ORD-202608-00201,Restaurantul Nostru,Iahnie de Fasole cu Bacon,Garnituri,2,16.0,32.0
ORD-202608-00201,Restaurantul Nostru,Smântână Proaspătă 20%,Sosuri & Extra,1,5.0,5.0
ORD-202608-00201,Restaurantul Nostru,Papanași cu Smântână și Dulceață de Afine (2 buc),Desert,1,32.0,32.0
ORD-202608-00201,Restaurantul Nostru,Bere Heineken 0.33L,Băuturi Alcoolice & Bere,1,16.0,16.0
ORD-202608-00201,Restaurantul Nostru,Ciorbă Rădăuțeană de Pui,Ciorbe & Supe,1,26.0,26.0
ORD-202608-00202,Restaurantul Nostru,Platou Cârnați Asortați,Cârnați & Platouri,2,95.0,190.0
ORD-202608-00202,Restaurantul Nostru,Coca-Cola / Coca-Cola Zero 0.33L,Băuturi Răcoritoare & Cafea,1,12.0,12.0
ORD-202608-00202,Restaurantul Nostru,Salată de Vinete Coapte pe Plită,Aperitive & Gustări,1,24.0,24.0
ORD-202608-00202,Restaurantul Nostru,Ciorbă Rădăuțeană de Pui,Ciorbe & Supe,3,26.0,78.0
ORD-202608-00202,Restaurantul Nostru,Papanași cu Smântână și Dulceață de Afine (2 buc),Desert,2,32.0,64.0
ORD-202608-00203,Restaurantul Nostru,Sarmale Românești în Foi de Varză (4 buc),Mâncăruri Gătite & Specialități,1,44.0,44.0
ORD-202608-00203,Restaurantul Nostru,Șnițel Gigant de Pui Pane,Mâncăruri Gătite & Specialități,1,36.0,36.0
ORD-202608-00203,Restaurantul Nostru,Platou Boieresc (2-3 persoane),Cârnați & Platouri,1,145.0,145.0
ORD-202608-00203,Restaurantul Nostru,Clătite cu Finetti și Banane (2 buc),Desert,1,22.0,22.0
ORD-202608-00204,Restaurantul Nostru,Cappuccino cu Spumă de Lapte,Băuturi Răcoritoare & Cafea,1,15.0,15.0
ORD-202608-00204,Restaurantul Nostru,Cârnați Picanți de Pleșcoi,Cârnați & Platouri,1,42.0,42.0
ORD-202608-00204,Restaurantul Nostru,Platou Gustări Rece Tradiționale,Cârnați & Platouri,2,85.0,170.0
ORD-202608-00204,Restaurantul Nostru,Varză Călită în Vin cu Chimen,Garnituri,1,15.0,15.0
ORD-202608-00205,Restaurantul Nostru,Frăție de Mici & Cârnați,Preparate la Grătar & Mici,1,54.0,54.0
ORD-202608-00205,Restaurantul Nostru,Clătite cu Finetti și Banane (2 buc),Desert,1,22.0,22.0
ORD-202608-00205,Restaurantul Nostru,Cârnați Picanți de Pleșcoi,Cârnați & Platouri,1,42.0,42.0
ORD-202608-00205,Restaurantul Nostru,Salată de Ardei Copți,Salate,1,16.0,16.0
ORD-202608-00206,Restaurantul Nostru,Espresso Scurt / Lung Julius Meinl,Băuturi Răcoritoare & Cafea,2,12.0,24.0
ORD-202608-00206,Restaurantul Nostru,Salată de Vinete Coapte pe Plită,Aperitive & Gustări,1,24.0,24.0
ORD-202608-00206,Restaurantul Nostru,Sarmale Românești în Foi de Varză (4 buc),Mâncăruri Gătite & Specialități,1,44.0,44.0
ORD-202608-00206,Restaurantul Nostru,Sos Barbeque,Sosuri & Extra,2,6.0,12.0
ORD-202608-00207,Restaurantul Nostru,Pachet Vinul Casei Fetească Regală 1L,Băuturi Alcoolice & Bere,1,55.0,55.0
ORD-202608-00207,Restaurantul Nostru,Bere Heineken 0.33L,Băuturi Alcoolice & Bere,1,16.0,16.0
ORD-202608-00207,Restaurantul Nostru,Platou Cârnați Asortați,Cârnați & Platouri,1,95.0,95.0
ORD-202608-00208,Restaurantul Nostru,Pachet Vinul Casei Fetească Regală 1L,Băuturi Alcoolice & Bere,1,55.0,55.0
ORD-202608-00208,Restaurantul Nostru,Varză Călită în Vin cu Chimen,Garnituri,1,15.0,15.0
ORD-202608-00208,Restaurantul Nostru,Tochitură Moldovenească cu Mămăligă,Mâncăruri Gătite & Specialități,1,48.0,48.0
ORD-202608-00208,Restaurantul Nostru,Muștar Clasic,Sosuri & Extra,1,4.0,4.0
ORD-202608-00208,Restaurantul Nostru,Platou Boieresc (2-3 persoane),Cârnați & Platouri,1,145.0,145.0
ORD-202608-00209,Restaurantul Nostru,Sarmale Românești în Foi de Varză (4 buc),Mâncăruri Gătite & Specialități,1,44.0,44.0
ORD-202608-00209,Restaurantul Nostru,Frigărui de Berbecuț,Preparate la Grătar & Mici,1,58.0,58.0
ORD-202608-00209,Restaurantul Nostru,Salată Caesar cu Pui la Grătar,Salate,1,38.0,38.0
ORD-202608-00209,Restaurantul Nostru,Iahnie de Fasole cu Bacon,Garnituri,1,16.0,16.0
ORD-202608-00209,Restaurantul Nostru,Salată de Ardei Copți,Salate,1,16.0,16.0
ORD-202608-00210,Restaurantul Nostru,Țuică de Prune Ardelenească 50ml,Băuturi Alcoolice & Bere,1,18.0,18.0
ORD-202608-00210,Restaurantul Nostru,Salată de Vinete Coapte pe Plită,Aperitive & Gustări,1,24.0,24.0
ORD-202608-00210,Restaurantul Nostru,Cappuccino cu Spumă de Lapte,Băuturi Răcoritoare & Cafea,2,15.0,30.0
ORD-202608-00210,Restaurantul Nostru,Ștrudel de Mere cu Sos de Vanilie,Desert,1,25.0,25.0
ORD-202608-00211,Restaurantul Nostru,Coca-Cola / Coca-Cola Zero 0.33L,Băuturi Răcoritoare & Cafea,1,12.0,12.0
ORD-202608-00211,Restaurantul Nostru,Burger Casei cu Cartofi Prăjiți,Mâncăruri Gătite & Specialități,1,49.0,49.0
ORD-202608-00211,Restaurantul Nostru,Țuică de Prune Ardelenească 50ml,Băuturi Alcoolice & Bere,1,18.0,18.0
ORD-202608-00211,Restaurantul Nostru,Platou Cârnați Asortați,Cârnați & Platouri,1,95.0,95.0
ORD-202608-00212,Restaurantul Nostru,Sarmale Românești în Foi de Varză (4 buc),Mâncăruri Gătite & Specialități,1,44.0,44.0
ORD-202608-00212,Restaurantul Nostru,Pachet Vinul Casei Fetească Regală 1L,Băuturi Alcoolice & Bere,1,55.0,55.0
ORD-202608-00212,Restaurantul Nostru,Salată de Murături Asortate,Salate,1,14.0,14.0
ORD-202608-00212,Restaurantul Nostru,Bere Heineken 0.33L,Băuturi Alcoolice & Bere,2,16.0,32.0
ORD-202608-00213,Restaurantul Nostru,Lava Cake cu Înghețată de Vanilie,Desert,1,28.0,28.0
ORD-202608-00213,Restaurantul Nostru,Salată Grecească,Salate,1,34.0,34.0
ORD-202608-00213,Restaurantul Nostru,Țuică de Prune Ardelenească 50ml,Băuturi Alcoolice & Bere,1,18.0,18.0
ORD-202608-00213,Restaurantul Nostru,Vin Purcari Rară Neagră Sticlă 0.75L,Băuturi Alcoolice & Bere,1,95.0,95.0
ORD-202608-00213,Restaurantul Nostru,Bere Ciuc Premium la Draught 0.4L,Băuturi Alcoolice & Bere,1,14.0,14.0
ORD-202608-00214,Restaurantul Nostru,Ceafă de Porc la Grătar,Preparate la Grătar & Mici,1,38.0,38.0
ORD-202608-00214,Restaurantul Nostru,Ciorbă Rădăuțeană de Pui,Ciorbe & Supe,1,26.0,26.0
ORD-202608-00214,Restaurantul Nostru,Vin Purcari Rară Neagră Sticlă 0.75L,Băuturi Alcoolice & Bere,1,95.0,95.0
ORD-202608-00214,Restaurantul Nostru,Frăție de Mici & Cârnați,Preparate la Grătar & Mici,1,54.0,54.0
ORD-202608-00214,Restaurantul Nostru,Ciolan de Porc Rumexit la Cuptor,Mâncăruri Gătite & Specialități,1,78.0,78.0
ORD-202608-00215,Restaurantul Nostru,Bere Ciuc Premium la Draught 0.4L,Băuturi Alcoolice & Bere,1,14.0,14.0
ORD-202608-00215,Restaurantul Nostru,Platou Boieresc (2-3 persoane),Cârnați & Platouri,2,145.0,290.0
ORD-202608-00216,Restaurantul Nostru,Cârnați Picanți de Pleșcoi,Cârnați & Platouri,1,42.0,42.0
ORD-202608-00216,Restaurantul Nostru,Pachet Vinul Casei Fetească Regală 1L,Băuturi Alcoolice & Bere,1,55.0,55.0
ORD-202608-00216,Restaurantul Nostru,Supă Cremă de Legume cu Crutoane,Ciorbe & Supe,1,22.0,22.0
ORD-202608-00217,Restaurantul Nostru,Coș de Pâine de Casă,Sosuri & Extra,2,7.0,14.0
ORD-202608-00217,Restaurantul Nostru,Limonadă Proaspătă cu Miere și Mentă 0.5L,Băuturi Răcoritoare & Cafea,1,20.0,20.0
ORD-202608-00217,Restaurantul Nostru,Cartofi Prăjiți cu Usturoi și Parmezan,Garnituri,1,18.0,18.0
ORD-202608-00217,Restaurantul Nostru,Salată de Ardei Copți,Salate,2,16.0,32.0
ORD-202608-00217,Restaurantul Nostru,Piure de Cartofi cu Unt,Garnituri,2,16.0,32.0
ORD-202608-00218,Restaurantul Nostru,Papanași cu Smântână și Dulceață de Afine (2 buc),Desert,1,32.0,32.0
ORD-202608-00218,Restaurantul Nostru,Apă Minerală / Plată Borsec 0.5L,Băuturi Răcoritoare & Cafea,1,10.0,10.0
ORD-202608-00218,Restaurantul Nostru,Pachet Vinul Casei Fetească Regală 1L,Băuturi Alcoolice & Bere,1,55.0,55.0
ORD-202608-00218,Restaurantul Nostru,Pastramă de Oaie la Tigaie cu Mămăligă,Mâncăruri Gătite & Specialități,1,56.0,56.0
ORD-202608-00219,Restaurantul Nostru,Ciorbă de Perișoare,Ciorbe & Supe,1,24.0,24.0
ORD-202608-00219,Restaurantul Nostru,Ceafă de Porc la Grătar,Preparate la Grătar & Mici,1,38.0,38.0
ORD-202608-00220,Restaurantul Nostru,Supă Cremă de Legume cu Crutoane,Ciorbe & Supe,1,22.0,22.0
ORD-202608-00220,Restaurantul Nostru,Cârnați Picanți de Pleșcoi,Cârnați & Platouri,3,42.0,126.0
ORD-202608-00220,Restaurantul Nostru,Smântână Proaspătă 20%,Sosuri & Extra,1,5.0,5.0
ORD-202608-00221,Restaurantul Nostru,Varză Călită în Vin cu Chimen,Garnituri,1,15.0,15.0
ORD-202608-00221,Restaurantul Nostru,Clătite cu Finetti și Banane (2 buc),Desert,1,22.0,22.0
ORD-202608-00222,Restaurantul Nostru,Supă Cremă de Legume cu Crutoane,Ciorbe & Supe,1,22.0,22.0
ORD-202608-00222,Restaurantul Nostru,Pachet Vinul Casei Fetească Regală 1L,Băuturi Alcoolice & Bere,1,55.0,55.0
ORD-202608-00222,Restaurantul Nostru,Piure de Cartofi cu Unt,Garnituri,1,16.0,16.0
ORD-202608-00222,Restaurantul Nostru,Coș de Pâine de Casă,Sosuri & Extra,2,7.0,14.0
ORD-202608-00222,Restaurantul Nostru,Vin Purcari Rară Neagră Sticlă 0.75L,Băuturi Alcoolice & Bere,1,95.0,95.0
ORD-202608-00223,Restaurantul Nostru,Bere Nepasteurizată Zăganu 0.5L,Băuturi Alcoolice & Bere,2,22.0,44.0
ORD-202608-00223,Restaurantul Nostru,Țuică de Prune Ardelenească 50ml,Băuturi Alcoolice & Bere,3,18.0,54.0
ORD-202608-00224,Restaurantul Nostru,Bulz Ardelenesc la Grătar,Aperitive & Gustări,1,32.0,32.0
ORD-202608-00224,Restaurantul Nostru,Șnițel Gigant de Pui Pane,Mâncăruri Gătite & Specialități,1,36.0,36.0
ORD-202608-00225,Restaurantul Nostru,Fasole Bătută cu Ceapă Călită,Aperitive & Gustări,1,20.0,20.0
ORD-202608-00225,Restaurantul Nostru,Șnițel Gigant de Pui Pane,Mâncăruri Gătite & Specialități,1,36.0,36.0
ORD-202608-00226,Restaurantul Nostru,Frigărui de Berbecuț,Preparate la Grătar & Mici,1,58.0,58.0
ORD-202608-00226,Restaurantul Nostru,Lava Cake cu Înghețată de Vanilie,Desert,1,28.0,28.0
ORD-202608-00227,Restaurantul Nostru,Piept de Pui la Grătar,Preparate la Grătar & Mici,1,34.0,34.0
ORD-202608-00227,Restaurantul Nostru,Pachet Vinul Casei Fetească Regală 1L,Băuturi Alcoolice & Bere,1,55.0,55.0
ORD-202608-00227,Restaurantul Nostru,Supă Cremă de Legume cu Crutoane,Ciorbe & Supe,1,22.0,22.0
ORD-202608-00227,Restaurantul Nostru,Platou Boieresc (2-3 persoane),Cârnați & Platouri,1,145.0,145.0
ORD-202608-00227,Restaurantul Nostru,Vin Purcari Rară Neagră Sticlă 0.75L,Băuturi Alcoolice & Bere,1,95.0,95.0
ORD-202608-00228,Restaurantul Nostru,Șnițel Gigant de Pui Pane,Mâncăruri Gătite & Specialități,1,36.0,36.0
ORD-202608-00228,Restaurantul Nostru,Cârnați Picanți de Pleșcoi,Cârnați & Platouri,1,42.0,42.0
ORD-202608-00228,Restaurantul Nostru,Ciorbă Rădăuțeană de Pui,Ciorbe & Supe,1,26.0,26.0
ORD-202608-00228,Restaurantul Nostru,Țuică de Prune Ardelenească 50ml,Băuturi Alcoolice & Bere,1,18.0,18.0
ORD-202608-00229,Restaurantul Nostru,Ciolan de Porc Rumexit la Cuptor,Mâncăruri Gătite & Specialități,2,78.0,156.0
ORD-202608-00229,Restaurantul Nostru,Salată de Murături Asortate,Salate,1,14.0,14.0
ORD-202608-00229,Restaurantul Nostru,Bere Heineken 0.33L,Băuturi Alcoolice & Bere,1,16.0,16.0
ORD-202608-00229,Restaurantul Nostru,Platou Boieresc (2-3 persoane),Cârnați & Platouri,1,145.0,145.0
ORD-202608-00230,Restaurantul Nostru,Coca-Cola / Coca-Cola Zero 0.33L,Băuturi Răcoritoare & Cafea,1,12.0,12.0
ORD-202608-00230,Restaurantul Nostru,Limonadă Proaspătă cu Miere și Mentă 0.5L,Băuturi Răcoritoare & Cafea,1,20.0,20.0
ORD-202608-00230,Restaurantul Nostru,Pastramă de Oaie la Tigaie cu Mămăligă,Mâncăruri Gătite & Specialități,1,56.0,56.0
ORD-202608-00231,Restaurantul Nostru,Ștrudel de Mere cu Sos de Vanilie,Desert,1,25.0,25.0
ORD-202608-00231,Restaurantul Nostru,Cappuccino cu Spumă de Lapte,Băuturi Răcoritoare & Cafea,2,15.0,30.0
ORD-202608-00231,Restaurantul Nostru,Mici de Oaie și Vită (1 buc),Preparate la Grătar & Mici,1,8.5,8.5
ORD-202608-00232,Restaurantul Nostru,Vin Purcari Rară Neagră Sticlă 0.75L,Băuturi Alcoolice & Bere,1,95.0,95.0
ORD-202608-00232,Restaurantul Nostru,Sos Barbeque,Sosuri & Extra,3,6.0,18.0
ORD-202608-00232,Restaurantul Nostru,Ceafă de Porc la Grătar,Preparate la Grătar & Mici,1,38.0,38.0
ORD-202608-00233,Restaurantul Nostru,Espresso Scurt / Lung Julius Meinl,Băuturi Răcoritoare & Cafea,1,12.0,12.0
ORD-202608-00233,Restaurantul Nostru,Coca-Cola / Coca-Cola Zero 0.33L,Băuturi Răcoritoare & Cafea,1,12.0,12.0
ORD-202608-00233,Restaurantul Nostru,Platou Cârnați Asortați,Cârnați & Platouri,2,95.0,190.0
ORD-202608-00234,Restaurantul Nostru,Salată Grecească,Salate,1,34.0,34.0
ORD-202608-00234,Restaurantul Nostru,Bere Nepasteurizată Zăganu 0.5L,Băuturi Alcoolice & Bere,1,22.0,22.0
ORD-202608-00234,Restaurantul Nostru,Bere Ciuc Premium la Draught 0.4L,Băuturi Alcoolice & Bere,1,14.0,14.0
ORD-202608-00234,Restaurantul Nostru,Clătite cu Finetti și Banane (2 buc),Desert,1,22.0,22.0
ORD-202608-00234,Restaurantul Nostru,Platou Cârnați Asortați,Cârnați & Platouri,2,95.0,190.0
ORD-202608-00235,Restaurantul Nostru,Ceafă de Porc la Grătar,Preparate la Grătar & Mici,2,38.0,76.0
ORD-202608-00235,Restaurantul Nostru,Ștrudel de Mere cu Sos de Vanilie,Desert,1,25.0,25.0
ORD-202608-00235,Restaurantul Nostru,Pastramă de Oaie la Tigaie cu Mămăligă,Mâncăruri Gătite & Specialități,1,56.0,56.0
ORD-202608-00235,Restaurantul Nostru,Sos Barbeque,Sosuri & Extra,1,6.0,6.0
ORD-202608-00236,Restaurantul Nostru,Mici Românești de Vită-Porc (1 buc),Preparate la Grătar & Mici,1,7.5,7.5
ORD-202608-00236,Restaurantul Nostru,Șnițel Gigant de Pui Pane,Mâncăruri Gătite & Specialități,1,36.0,36.0
ORD-202608-00236,Restaurantul Nostru,Ciorbă Rădăuțeană de Pui,Ciorbe & Supe,1,26.0,26.0
ORD-202608-00237,Restaurantul Nostru,Platou Gustări Rece Tradiționale,Cârnați & Platouri,1,85.0,85.0
ORD-202608-00237,Restaurantul Nostru,Frigărui de Berbecuț,Preparate la Grătar & Mici,1,58.0,58.0
ORD-202608-00238,Restaurantul Nostru,Ceafă de Porc la Grătar,Preparate la Grătar & Mici,1,38.0,38.0
ORD-202608-00238,Restaurantul Nostru,Șnițel Gigant de Pui Pane,Mâncăruri Gătite & Specialități,1,36.0,36.0
ORD-202608-00238,Restaurantul Nostru,Salată de Ardei Copți,Salate,1,16.0,16.0
ORD-202608-00239,Restaurantul Nostru,Smântână Proaspătă 20%,Sosuri & Extra,3,5.0,15.0
ORD-202608-00239,Restaurantul Nostru,Frăție de Mici & Cârnați,Preparate la Grătar & Mici,3,54.0,162.0
ORD-202608-00239,Restaurantul Nostru,Ciorbă de Văcuță,Ciorbe & Supe,1,25.0,25.0
ORD-202608-00239,Restaurantul Nostru,Ciorbă Rădăuțeană de Pui,Ciorbe & Supe,1,26.0,26.0
ORD-202608-00239,Restaurantul Nostru,Platou Boieresc (2-3 persoane),Cârnați & Platouri,1,145.0,145.0
ORD-202608-00240,Restaurantul Nostru,Cașcaval Pane Crocant,Aperitive & Gustări,1,28.0,28.0
ORD-202608-00240,Restaurantul Nostru,Platou Cârnați Asortați,Cârnați & Platouri,1,95.0,95.0
ORD-202608-00240,Restaurantul Nostru,Cartofi Prăjiți cu Usturoi și Parmezan,Garnituri,1,18.0,18.0
ORD-202608-00240,Restaurantul Nostru,Pastramă de Oaie la Tigaie cu Mămăligă,Mâncăruri Gătite & Specialități,1,56.0,56.0
ORD-202608-00240,Restaurantul Nostru,Mămăliguță Caldă,Garnituri,2,8.0,16.0
ORD-202608-00241,Restaurantul Nostru,Bere Ciuc Premium la Draught 0.4L,Băuturi Alcoolice & Bere,1,14.0,14.0
ORD-202608-00241,Restaurantul Nostru,Mămăliguță Caldă,Garnituri,1,8.0,8.0
ORD-202608-00241,Restaurantul Nostru,Salată de Vinete Coapte pe Plită,Aperitive & Gustări,2,24.0,48.0
ORD-202608-00241,Restaurantul Nostru,Supă Cremă de Legume cu Crutoane,Ciorbe & Supe,1,22.0,22.0
ORD-202608-00242,Restaurantul Nostru,Muștar Clasic,Sosuri & Extra,1,4.0,4.0
ORD-202608-00242,Restaurantul Nostru,Espresso Scurt / Lung Julius Meinl,Băuturi Răcoritoare & Cafea,1,12.0,12.0
ORD-202608-00243,Restaurantul Nostru,Cașcaval Pane Crocant,Aperitive & Gustări,1,28.0,28.0
ORD-202608-00243,Restaurantul Nostru,Sos Barbeque,Sosuri & Extra,1,6.0,6.0
ORD-202608-00243,Restaurantul Nostru,Ciorbă de Văcuță,Ciorbe & Supe,1,25.0,25.0
ORD-202608-00244,Restaurantul Nostru,Ciorbă de Văcuță,Ciorbe & Supe,2,25.0,50.0
ORD-202608-00244,Restaurantul Nostru,Sos Barbeque,Sosuri & Extra,3,6.0,18.0
ORD-202608-00244,Restaurantul Nostru,Salată de Ardei Copți,Salate,1,16.0,16.0
ORD-202608-00244,Restaurantul Nostru,Ciorbă de Burtiță Tradițională,Ciorbe & Supe,1,28.0,28.0
ORD-202608-00245,Restaurantul Nostru,Smântână Proaspătă 20%,Sosuri & Extra,1,5.0,5.0
ORD-202608-00245,Restaurantul Nostru,Bulz Ardelenesc la Grătar,Aperitive & Gustări,1,32.0,32.0
ORD-202608-00245,Restaurantul Nostru,Frigărui de Berbecuț,Preparate la Grătar & Mici,1,58.0,58.0
ORD-202608-00245,Restaurantul Nostru,Sarmale Românești în Foi de Varză (4 buc),Mâncăruri Gătite & Specialități,1,44.0,44.0
ORD-202608-00245,Restaurantul Nostru,Ciorbă Rădăuțeană de Pui,Ciorbe & Supe,1,26.0,26.0
ORD-202608-00246,Restaurantul Nostru,Ciolan de Porc Rumexit la Cuptor,Mâncăruri Gătite & Specialități,2,78.0,156.0
ORD-202608-00246,Restaurantul Nostru,Cappuccino cu Spumă de Lapte,Băuturi Răcoritoare & Cafea,1,15.0,15.0
ORD-202608-00246,Restaurantul Nostru,Ciorbă de Perișoare,Ciorbe & Supe,1,24.0,24.0
ORD-202608-00246,Restaurantul Nostru,Vin Purcari Rară Neagră Sticlă 0.75L,Băuturi Alcoolice & Bere,1,95.0,95.0
ORD-202608-00246,Restaurantul Nostru,Burger Casei cu Cartofi Prăjiți,Mâncăruri Gătite & Specialități,1,49.0,49.0
ORD-202608-00247,Restaurantul Nostru,Mici de Oaie și Vită (1 buc),Preparate la Grătar & Mici,1,8.5,8.5
ORD-202608-00247,Restaurantul Nostru,Pachet Vinul Casei Fetească Regală 1L,Băuturi Alcoolice & Bere,1,55.0,55.0
ORD-202608-00247,Restaurantul Nostru,Cartofi Prăjiți cu Usturoi și Parmezan,Garnituri,1,18.0,18.0
ORD-202608-00247,Restaurantul Nostru,Ciorbă de Văcuță,Ciorbe & Supe,1,25.0,25.0
ORD-202608-00248,Restaurantul Nostru,Varză Călită în Vin cu Chimen,Garnituri,2,15.0,30.0
ORD-202608-00248,Restaurantul Nostru,Sarmale Românești în Foi de Varză (4 buc),Mâncăruri Gătite & Specialități,2,44.0,88.0
ORD-202608-00248,Restaurantul Nostru,Ștrudel de Mere cu Sos de Vanilie,Desert,2,25.0,50.0
ORD-202608-00248,Restaurantul Nostru,Fasole Bătută cu Ceapă Călită,Aperitive & Gustări,1,20.0,20.0
ORD-202608-00248,Restaurantul Nostru,Țuică de Prune Ardelenească 50ml,Băuturi Alcoolice & Bere,1,18.0,18.0
ORD-202608-00249,Restaurantul Nostru,Frigărui de Berbecuț,Preparate la Grătar & Mici,1,58.0,58.0
ORD-202608-00249,Restaurantul Nostru,Platou Cârnați Asortați,Cârnați & Platouri,1,95.0,95.0
ORD-202608-00249,Restaurantul Nostru,Ștrudel de Mere cu Sos de Vanilie,Desert,1,25.0,25.0
ORD-202608-00249,Restaurantul Nostru,Bere Heineken 0.33L,Băuturi Alcoolice & Bere,2,16.0,32.0
ORD-202608-00249,Restaurantul Nostru,Ciorbă de Văcuță,Ciorbe & Supe,1,25.0,25.0
ORD-202608-00250,Restaurantul Nostru,Ciorbă de Perișoare,Ciorbe & Supe,1,24.0,24.0
ORD-202608-00250,Restaurantul Nostru,Ciorbă de Burtiță Tradițională,Ciorbe & Supe,1,28.0,28.0
ORD-202608-00250,Restaurantul Nostru,Mujdei de Usturoi Tradițional,Sosuri & Extra,1,5.0,5.0
ORD-202608-00250,Restaurantul Nostru,Bulz Ardelenesc la Grătar,Aperitive & Gustări,1,32.0,32.0
ORD-202608-00250,Restaurantul Nostru,Espresso Scurt / Lung Julius Meinl,Băuturi Răcoritoare & Cafea,1,12.0,12.0
ORD-202608-00251,Restaurantul Nostru,Fasole Bătută cu Ceapă Călită,Aperitive & Gustări,2,20.0,40.0
ORD-202608-00251,Restaurantul Nostru,Cartofi Prăjiți cu Usturoi și Parmezan,Garnituri,1,18.0,18.0
ORD-202608-00251,Restaurantul Nostru,Papanași cu Smântână și Dulceață de Afine (2 buc),Desert,1,32.0,32.0
ORD-202608-00252,Restaurantul Nostru,Sarmale Românești în Foi de Varză (4 buc),Mâncăruri Gătite & Specialități,1,44.0,44.0
ORD-202608-00252,Restaurantul Nostru,Salată Grecească,Salate,1,34.0,34.0
ORD-202608-00252,Restaurantul Nostru,Șnițel Gigant de Pui Pane,Mâncăruri Gătite & Specialități,2,36.0,72.0
ORD-202608-00252,Restaurantul Nostru,Mămăliguță Caldă,Garnituri,2,8.0,16.0
ORD-202608-00252,Restaurantul Nostru,Clătite cu Finetti și Banane (2 buc),Desert,3,22.0,66.0
ORD-202608-00253,Restaurantul Nostru,Espresso Scurt / Lung Julius Meinl,Băuturi Răcoritoare & Cafea,1,12.0,12.0
ORD-202608-00253,Restaurantul Nostru,Ciorbă de Burtiță Tradițională,Ciorbe & Supe,1,28.0,28.0
ORD-202608-00253,Restaurantul Nostru,Ceafă de Porc la Grătar,Preparate la Grătar & Mici,1,38.0,38.0
ORD-202608-00253,Restaurantul Nostru,Salată de Ardei Copți,Salate,1,16.0,16.0
ORD-202608-00254,Restaurantul Nostru,Supă Cremă de Legume cu Crutoane,Ciorbe & Supe,1,22.0,22.0
ORD-202608-00254,Restaurantul Nostru,Țuică de Prune Ardelenească 50ml,Băuturi Alcoolice & Bere,1,18.0,18.0
ORD-202608-00254,Restaurantul Nostru,Salată Grecească,Salate,2,34.0,68.0
ORD-202608-00255,Restaurantul Nostru,Ciorbă de Văcuță,Ciorbe & Supe,2,25.0,50.0
ORD-202608-00255,Restaurantul Nostru,Bulz Ardelenesc la Grătar,Aperitive & Gustări,1,32.0,32.0
ORD-202608-00255,Restaurantul Nostru,Salată Caesar cu Pui la Grătar,Salate,1,38.0,38.0
ORD-202608-00255,Restaurantul Nostru,Muștar Clasic,Sosuri & Extra,3,4.0,12.0
ORD-202608-00255,Restaurantul Nostru,Smântână Proaspătă 20%,Sosuri & Extra,1,5.0,5.0
ORD-202608-00256,Restaurantul Nostru,Fasole Bătută cu Ceapă Călită,Aperitive & Gustări,1,20.0,20.0
ORD-202608-00256,Restaurantul Nostru,Bulz Ardelenesc la Grătar,Aperitive & Gustări,2,32.0,64.0
ORD-202608-00256,Restaurantul Nostru,Frigărui de Berbecuț,Preparate la Grătar & Mici,1,58.0,58.0
ORD-202608-00256,Restaurantul Nostru,Platou Cârnați Asortați,Cârnați & Platouri,1,95.0,95.0
ORD-202608-00256,Restaurantul Nostru,Sarmale Românești în Foi de Varză (4 buc),Mâncăruri Gătite & Specialități,2,44.0,88.0
ORD-202608-00257,Restaurantul Nostru,Mici Românești de Vită-Porc (1 buc),Preparate la Grătar & Mici,1,7.5,7.5
ORD-202608-00257,Restaurantul Nostru,Ciolan de Porc Rumexit la Cuptor,Mâncăruri Gătite & Specialități,2,78.0,156.0
ORD-202608-00257,Restaurantul Nostru,Ciorbă Rădăuțeană de Pui,Ciorbe & Supe,1,26.0,26.0
ORD-202608-00258,Restaurantul Nostru,Burger Casei cu Cartofi Prăjiți,Mâncăruri Gătite & Specialități,1,49.0,49.0
ORD-202608-00258,Restaurantul Nostru,Salată de Ardei Copți,Salate,1,16.0,16.0
ORD-202608-00258,Restaurantul Nostru,Bulz Ardelenesc la Grătar,Aperitive & Gustări,1,32.0,32.0
ORD-202608-00258,Restaurantul Nostru,Sos Barbeque,Sosuri & Extra,1,6.0,6.0
ORD-202608-00259,Restaurantul Nostru,Ceafă de Porc la Grătar,Preparate la Grătar & Mici,1,38.0,38.0
ORD-202608-00259,Restaurantul Nostru,Pastramă de Oaie la Tigaie cu Mămăligă,Mâncăruri Gătite & Specialități,1,56.0,56.0
ORD-202608-00259,Restaurantul Nostru,Muștar Clasic,Sosuri & Extra,1,4.0,4.0
ORD-202608-00260,Restaurantul Nostru,Ciorbă de Perișoare,Ciorbe & Supe,1,24.0,24.0
ORD-202608-00260,Restaurantul Nostru,Ceafă de Porc la Grătar,Preparate la Grătar & Mici,1,38.0,38.0
ORD-202608-00260,Restaurantul Nostru,Bere Ciuc Premium la Draught 0.4L,Băuturi Alcoolice & Bere,1,14.0,14.0
ORD-202608-00260,Restaurantul Nostru,Burger Casei cu Cartofi Prăjiți,Mâncăruri Gătite & Specialități,1,49.0,49.0
ORD-202608-00260,Restaurantul Nostru,Ciorbă Rădăuțeană de Pui,Ciorbe & Supe,1,26.0,26.0
ORD-202608-00261,Restaurantul Nostru,Vin Purcari Rară Neagră Sticlă 0.75L,Băuturi Alcoolice & Bere,1,95.0,95.0
ORD-202608-00261,Restaurantul Nostru,Salată de Vinete Coapte pe Plită,Aperitive & Gustări,1,24.0,24.0
ORD-202608-00261,Restaurantul Nostru,Cașcaval Pane Crocant,Aperitive & Gustări,1,28.0,28.0
ORD-202608-00262,Restaurantul Nostru,Cârnați Picanți de Pleșcoi,Cârnați & Platouri,1,42.0,42.0
ORD-202608-00262,Restaurantul Nostru,Clătite cu Finetti și Banane (2 buc),Desert,1,22.0,22.0
ORD-202608-00262,Restaurantul Nostru,Ciorbă Rădăuțeană de Pui,Ciorbe & Supe,1,26.0,26.0
ORD-202608-00262,Restaurantul Nostru,Tochitură Moldovenească cu Mămăligă,Mâncăruri Gătite & Specialități,1,48.0,48.0
ORD-202608-00262,Restaurantul Nostru,Bere Heineken 0.33L,Băuturi Alcoolice & Bere,1,16.0,16.0
ORD-202608-00263,Restaurantul Nostru,Ciorbă de Perișoare,Ciorbe & Supe,1,24.0,24.0
ORD-202608-00263,Restaurantul Nostru,Pachet Vinul Casei Fetească Regală 1L,Băuturi Alcoolice & Bere,1,55.0,55.0
ORD-202608-00263,Restaurantul Nostru,Țuică de Prune Ardelenească 50ml,Băuturi Alcoolice & Bere,2,18.0,36.0
ORD-202608-00264,Restaurantul Nostru,Limonadă Proaspătă cu Miere și Mentă 0.5L,Băuturi Răcoritoare & Cafea,1,20.0,20.0
ORD-202608-00264,Restaurantul Nostru,Cârnați Picanți de Pleșcoi,Cârnați & Platouri,1,42.0,42.0
ORD-202608-00264,Restaurantul Nostru,Cartofi Prăjiți cu Usturoi și Parmezan,Garnituri,1,18.0,18.0
ORD-202608-00264,Restaurantul Nostru,Smântână Proaspătă 20%,Sosuri & Extra,1,5.0,5.0
ORD-202608-00264,Restaurantul Nostru,Salată de Ardei Copți,Salate,1,16.0,16.0
ORD-202608-00265,Restaurantul Nostru,Bere Heineken 0.33L,Băuturi Alcoolice & Bere,1,16.0,16.0
ORD-202608-00265,Restaurantul Nostru,Cașcaval Pane Crocant,Aperitive & Gustări,1,28.0,28.0
ORD-202608-00265,Restaurantul Nostru,Lava Cake cu Înghețată de Vanilie,Desert,1,28.0,28.0
ORD-202608-00265,Restaurantul Nostru,Bulz Ardelenesc la Grătar,Aperitive & Gustări,1,32.0,32.0
ORD-202608-00266,Restaurantul Nostru,Ciorbă de Burtiță Tradițională,Ciorbe & Supe,1,28.0,28.0
ORD-202608-00266,Restaurantul Nostru,Cârnați Picanți de Pleșcoi,Cârnați & Platouri,1,42.0,42.0
ORD-202608-00266,Restaurantul Nostru,Șnițel Gigant de Pui Pane,Mâncăruri Gătite & Specialități,1,36.0,36.0
ORD-202608-00267,Restaurantul Nostru,Bere Nepasteurizată Zăganu 0.5L,Băuturi Alcoolice & Bere,1,22.0,22.0
ORD-202608-00267,Restaurantul Nostru,Cașcaval Pane Crocant,Aperitive & Gustări,1,28.0,28.0
ORD-202608-00267,Restaurantul Nostru,Lava Cake cu Înghețată de Vanilie,Desert,2,28.0,56.0
ORD-202608-00268,Restaurantul Nostru,Fasole Bătută cu Ceapă Călită,Aperitive & Gustări,1,20.0,20.0
ORD-202608-00268,Restaurantul Nostru,Piure de Cartofi cu Unt,Garnituri,1,16.0,16.0
ORD-202608-00268,Restaurantul Nostru,Platou Boieresc (2-3 persoane),Cârnați & Platouri,1,145.0,145.0
ORD-202608-00268,Restaurantul Nostru,Cartofi Prăjiți cu Usturoi și Parmezan,Garnituri,1,18.0,18.0
ORD-202608-00268,Restaurantul Nostru,Mici Românești de Vită-Porc (1 buc),Preparate la Grătar & Mici,1,7.5,7.5
ORD-202608-00269,Restaurantul Nostru,Ciorbă de Burtiță Tradițională,Ciorbe & Supe,1,28.0,28.0
ORD-202608-00269,Restaurantul Nostru,Vin Purcari Rară Neagră Sticlă 0.75L,Băuturi Alcoolice & Bere,1,95.0,95.0
ORD-202608-00269,Restaurantul Nostru,Piept de Pui la Grătar,Preparate la Grătar & Mici,1,34.0,34.0
ORD-202608-00269,Restaurantul Nostru,Tochitură Moldovenească cu Mămăligă,Mâncăruri Gătite & Specialități,2,48.0,96.0
ORD-202608-00269,Restaurantul Nostru,Salată Grecească,Salate,1,34.0,34.0
ORD-202608-00270,Restaurantul Nostru,Salată Caesar cu Pui la Grătar,Salate,2,38.0,76.0
ORD-202608-00270,Restaurantul Nostru,Bere Heineken 0.33L,Băuturi Alcoolice & Bere,1,16.0,16.0
ORD-202608-00271,Restaurantul Nostru,Pastramă de Oaie la Tigaie cu Mămăligă,Mâncăruri Gătite & Specialități,1,56.0,56.0
ORD-202608-00271,Restaurantul Nostru,Limonadă Proaspătă cu Miere și Mentă 0.5L,Băuturi Răcoritoare & Cafea,1,20.0,20.0
ORD-202608-00271,Restaurantul Nostru,Platou Gustări Rece Tradiționale,Cârnați & Platouri,1,85.0,85.0
ORD-202608-00271,Restaurantul Nostru,Salată de Murături Asortate,Salate,1,14.0,14.0
ORD-202608-00272,Restaurantul Nostru,Salată de Murături Asortate,Salate,2,14.0,28.0
ORD-202608-00272,Restaurantul Nostru,Cârnați Picanți de Pleșcoi,Cârnați & Platouri,1,42.0,42.0
ORD-202608-00272,Restaurantul Nostru,Varză Călită în Vin cu Chimen,Garnituri,1,15.0,15.0
ORD-202608-00273,Restaurantul Nostru,Platou Cârnați Asortați,Cârnați & Platouri,1,95.0,95.0
ORD-202608-00273,Restaurantul Nostru,Ciorbă Rădăuțeană de Pui,Ciorbe & Supe,1,26.0,26.0
ORD-202608-00274,Restaurantul Nostru,Cartofi Prăjiți cu Usturoi și Parmezan,Garnituri,1,18.0,18.0
ORD-202608-00274,Restaurantul Nostru,Sos Barbeque,Sosuri & Extra,2,6.0,12.0
ORD-202608-00274,Restaurantul Nostru,Ciorbă de Perișoare,Ciorbe & Supe,3,24.0,72.0
ORD-202608-00274,Restaurantul Nostru,Ciolan de Porc Rumexit la Cuptor,Mâncăruri Gătite & Specialități,2,78.0,156.0
ORD-202608-00274,Restaurantul Nostru,Muștar Clasic,Sosuri & Extra,1,4.0,4.0
ORD-202608-00275,Restaurantul Nostru,Iahnie de Fasole cu Bacon,Garnituri,1,16.0,16.0
ORD-202608-00275,Restaurantul Nostru,Bere Ciuc Premium la Draught 0.4L,Băuturi Alcoolice & Bere,1,14.0,14.0
ORD-202608-00275,Restaurantul Nostru,Platou Boieresc (2-3 persoane),Cârnați & Platouri,1,145.0,145.0
ORD-202608-00275,Restaurantul Nostru,Apă Minerală / Plată Borsec 0.5L,Băuturi Răcoritoare & Cafea,1,10.0,10.0
ORD-202608-00276,Restaurantul Nostru,Mici de Oaie și Vită (1 buc),Preparate la Grătar & Mici,1,8.5,8.5
ORD-202608-00276,Restaurantul Nostru,Bulz Ardelenesc la Grătar,Aperitive & Gustări,1,32.0,32.0
ORD-202608-00276,Restaurantul Nostru,Pachet Vinul Casei Fetească Regală 1L,Băuturi Alcoolice & Bere,2,55.0,110.0
ORD-202608-00276,Restaurantul Nostru,Ciorbă Rădăuțeană de Pui,Ciorbe & Supe,1,26.0,26.0
ORD-202608-00276,Restaurantul Nostru,Ciorbă de Văcuță,Ciorbe & Supe,1,25.0,25.0
ORD-202608-00277,Restaurantul Nostru,Smântână Proaspătă 20%,Sosuri & Extra,3,5.0,15.0
ORD-202608-00277,Restaurantul Nostru,Salată de Vinete Coapte pe Plită,Aperitive & Gustări,1,24.0,24.0
ORD-202608-00278,Restaurantul Nostru,Ciorbă de Burtiță Tradițională,Ciorbe & Supe,2,28.0,56.0
ORD-202608-00278,Restaurantul Nostru,Bere Nepasteurizată Zăganu 0.5L,Băuturi Alcoolice & Bere,1,22.0,22.0
ORD-202608-00279,Restaurantul Nostru,Salată Caesar cu Pui la Grătar,Salate,2,38.0,76.0
ORD-202608-00279,Restaurantul Nostru,Cașcaval Pane Crocant,Aperitive & Gustări,1,28.0,28.0
ORD-202608-00279,Restaurantul Nostru,Salată de Ardei Copți,Salate,1,16.0,16.0
ORD-202608-00279,Restaurantul Nostru,Muștar Clasic,Sosuri & Extra,1,4.0,4.0
ORD-202608-00279,Restaurantul Nostru,Espresso Scurt / Lung Julius Meinl,Băuturi Răcoritoare & Cafea,1,12.0,12.0
ORD-202608-00280,Restaurantul Nostru,Ciolan de Porc Rumexit la Cuptor,Mâncăruri Gătite & Specialități,1,78.0,78.0
ORD-202608-00280,Restaurantul Nostru,Șnițel Gigant de Pui Pane,Mâncăruri Gătite & Specialități,1,36.0,36.0
ORD-202608-00281,Restaurantul Nostru,Muștar Clasic,Sosuri & Extra,2,4.0,8.0
ORD-202608-00281,Restaurantul Nostru,Șnițel Gigant de Pui Pane,Mâncăruri Gătite & Specialități,1,36.0,36.0
ORD-202608-00282,Restaurantul Nostru,Bere Ciuc Premium la Draught 0.4L,Băuturi Alcoolice & Bere,1,14.0,14.0
ORD-202608-00282,Restaurantul Nostru,Mămăliguță Caldă,Garnituri,1,8.0,8.0
ORD-202608-00282,Restaurantul Nostru,Ciorbă de Văcuță,Ciorbe & Supe,1,25.0,25.0
ORD-202608-00282,Restaurantul Nostru,Ciorbă de Burtiță Tradițională,Ciorbe & Supe,1,28.0,28.0
ORD-202608-00282,Restaurantul Nostru,Pachet Vinul Casei Fetească Regală 1L,Băuturi Alcoolice & Bere,1,55.0,55.0
ORD-202608-00283,Restaurantul Nostru,Platou Boieresc (2-3 persoane),Cârnați & Platouri,1,145.0,145.0
ORD-202608-00283,Restaurantul Nostru,Apă Minerală / Plată Borsec 0.5L,Băuturi Răcoritoare & Cafea,1,10.0,10.0
ORD-202608-00283,Restaurantul Nostru,Mici de Oaie și Vită (1 buc),Preparate la Grătar & Mici,2,8.5,17.0
ORD-202608-00283,Restaurantul Nostru,Fasole Bătută cu Ceapă Călită,Aperitive & Gustări,1,20.0,20.0
ORD-202608-00283,Restaurantul Nostru,Ciorbă de Văcuță,Ciorbe & Supe,1,25.0,25.0
ORD-202608-00284,Restaurantul Nostru,Piept de Pui la Grătar,Preparate la Grătar & Mici,1,34.0,34.0
ORD-202608-00284,Restaurantul Nostru,Mămăliguță Caldă,Garnituri,1,8.0,8.0
ORD-202608-00284,Restaurantul Nostru,Mici Românești de Vită-Porc (1 buc),Preparate la Grătar & Mici,1,7.5,7.5
ORD-202608-00284,Restaurantul Nostru,Cașcaval Pane Crocant,Aperitive & Gustări,2,28.0,56.0
ORD-202608-00284,Restaurantul Nostru,Apă Minerală / Plată Borsec 0.5L,Băuturi Răcoritoare & Cafea,1,10.0,10.0
ORD-202608-00285,Restaurantul Nostru,Mici de Oaie și Vită (1 buc),Preparate la Grătar & Mici,1,8.5,8.5
ORD-202608-00285,Restaurantul Nostru,Papanași cu Smântână și Dulceață de Afine (2 buc),Desert,1,32.0,32.0
ORD-202608-00285,Restaurantul Nostru,Salată de Ardei Copți,Salate,2,16.0,32.0
ORD-202608-00285,Restaurantul Nostru,Bere Heineken 0.33L,Băuturi Alcoolice & Bere,1,16.0,16.0
ORD-202608-00285,Restaurantul Nostru,Fasole Bătută cu Ceapă Călită,Aperitive & Gustări,1,20.0,20.0
ORD-202608-00286,Restaurantul Nostru,Bulz Ardelenesc la Grătar,Aperitive & Gustări,1,32.0,32.0
ORD-202608-00286,Restaurantul Nostru,Tochitură Moldovenească cu Mămăligă,Mâncăruri Gătite & Specialități,1,48.0,48.0
ORD-202608-00286,Restaurantul Nostru,Platou Boieresc (2-3 persoane),Cârnați & Platouri,1,145.0,145.0
ORD-202608-00287,Restaurantul Nostru,Mici de Oaie și Vită (1 buc),Preparate la Grătar & Mici,1,8.5,8.5
ORD-202608-00287,Restaurantul Nostru,Piept de Pui la Grătar,Preparate la Grătar & Mici,1,34.0,34.0
ORD-202608-00287,Restaurantul Nostru,Frăție de Mici & Cârnați,Preparate la Grătar & Mici,1,54.0,54.0
ORD-202608-00288,Restaurantul Nostru,Apă Minerală / Plată Borsec 0.5L,Băuturi Răcoritoare & Cafea,1,10.0,10.0
ORD-202608-00288,Restaurantul Nostru,Cașcaval Pane Crocant,Aperitive & Gustări,1,28.0,28.0
ORD-202608-00289,Restaurantul Nostru,Clătite cu Finetti și Banane (2 buc),Desert,1,22.0,22.0
ORD-202608-00289,Restaurantul Nostru,Muștar Clasic,Sosuri & Extra,1,4.0,4.0
ORD-202608-00289,Restaurantul Nostru,Bere Heineken 0.33L,Băuturi Alcoolice & Bere,3,16.0,48.0
ORD-202608-00289,Restaurantul Nostru,Lava Cake cu Înghețată de Vanilie,Desert,2,28.0,56.0
ORD-202608-00289,Restaurantul Nostru,Mici de Oaie și Vită (1 buc),Preparate la Grătar & Mici,2,8.5,17.0
ORD-202608-00290,Restaurantul Nostru,Bulz Ardelenesc la Grătar,Aperitive & Gustări,2,32.0,64.0
ORD-202608-00290,Restaurantul Nostru,Mici de Oaie și Vită (1 buc),Preparate la Grătar & Mici,1,8.5,8.5
ORD-202608-00290,Restaurantul Nostru,Ciorbă de Burtiță Tradițională,Ciorbe & Supe,1,28.0,28.0
ORD-202608-00291,Restaurantul Nostru,Salată de Murături Asortate,Salate,1,14.0,14.0
ORD-202608-00291,Restaurantul Nostru,Ciolan de Porc Rumexit la Cuptor,Mâncăruri Gătite & Specialități,1,78.0,78.0
ORD-202608-00291,Restaurantul Nostru,Salată Caesar cu Pui la Grătar,Salate,1,38.0,38.0
ORD-202608-00292,Restaurantul Nostru,Supă Cremă de Legume cu Crutoane,Ciorbe & Supe,2,22.0,44.0
ORD-202608-00292,Restaurantul Nostru,Salată de Vinete Coapte pe Plită,Aperitive & Gustări,1,24.0,24.0
ORD-202608-00292,Restaurantul Nostru,Clătite cu Finetti și Banane (2 buc),Desert,1,22.0,22.0
ORD-202608-00292,Restaurantul Nostru,Tochitură Moldovenească cu Mămăligă,Mâncăruri Gătite & Specialități,1,48.0,48.0
ORD-202608-00292,Restaurantul Nostru,Piept de Pui la Grătar,Preparate la Grătar & Mici,1,34.0,34.0
ORD-202608-00293,Restaurantul Nostru,Mămăliguță Caldă,Garnituri,1,8.0,8.0
ORD-202608-00293,Restaurantul Nostru,Ștrudel de Mere cu Sos de Vanilie,Desert,1,25.0,25.0
ORD-202608-00294,Restaurantul Nostru,Piept de Pui la Grătar,Preparate la Grătar & Mici,1,34.0,34.0
ORD-202608-00294,Restaurantul Nostru,Tochitură Moldovenească cu Mămăligă,Mâncăruri Gătite & Specialități,1,48.0,48.0
ORD-202608-00294,Restaurantul Nostru,Cașcaval Pane Crocant,Aperitive & Gustări,1,28.0,28.0
ORD-202608-00295,Restaurantul Nostru,Bere Ciuc Premium la Draught 0.4L,Băuturi Alcoolice & Bere,1,14.0,14.0
ORD-202608-00295,Restaurantul Nostru,Burger Casei cu Cartofi Prăjiți,Mâncăruri Gătite & Specialități,1,49.0,49.0
ORD-202608-00295,Restaurantul Nostru,Bere Nepasteurizată Zăganu 0.5L,Băuturi Alcoolice & Bere,1,22.0,22.0
ORD-202608-00295,Restaurantul Nostru,Ciolan de Porc Rumexit la Cuptor,Mâncăruri Gătite & Specialități,2,78.0,156.0
ORD-202608-00296,Restaurantul Nostru,Salată de Vinete Coapte pe Plită,Aperitive & Gustări,1,24.0,24.0
ORD-202608-00296,Restaurantul Nostru,Salată Caesar cu Pui la Grătar,Salate,1,38.0,38.0
ORD-202608-00297,Restaurantul Nostru,Platou Cârnați Asortați,Cârnați & Platouri,1,95.0,95.0
ORD-202608-00297,Restaurantul Nostru,Mămăliguță Caldă,Garnituri,1,8.0,8.0
ORD-202608-00297,Restaurantul Nostru,Piept de Pui la Grătar,Preparate la Grătar & Mici,1,34.0,34.0
ORD-202608-00297,Restaurantul Nostru,Burger Casei cu Cartofi Prăjiți,Mâncăruri Gătite & Specialități,1,49.0,49.0
ORD-202608-00297,Restaurantul Nostru,Bere Heineken 0.33L,Băuturi Alcoolice & Bere,1,16.0,16.0
ORD-202608-00298,Restaurantul Nostru,Vin Purcari Rară Neagră Sticlă 0.75L,Băuturi Alcoolice & Bere,1,95.0,95.0
ORD-202608-00298,Restaurantul Nostru,Coca-Cola / Coca-Cola Zero 0.33L,Băuturi Răcoritoare & Cafea,1,12.0,12.0
ORD-202608-00298,Restaurantul Nostru,Salată de Murături Asortate,Salate,1,14.0,14.0
ORD-202608-00299,Restaurantul Nostru,Cartofi Prăjiți cu Usturoi și Parmezan,Garnituri,1,18.0,18.0
ORD-202608-00299,Restaurantul Nostru,Fasole Bătută cu Ceapă Călită,Aperitive & Gustări,1,20.0,20.0
ORD-202608-00300,Restaurantul Nostru,Salată de Vinete Coapte pe Plită,Aperitive & Gustări,2,24.0,48.0
ORD-202608-00300,Restaurantul Nostru,Pachet Vinul Casei Fetească Regală 1L,Băuturi Alcoolice & Bere,1,55.0,55.0
ORD-202608-00301,Restaurantul Nostru,Cașcaval Pane Crocant,Aperitive & Gustări,1,28.0,28.0
ORD-202608-00301,Restaurantul Nostru,Salată de Ardei Copți,Salate,1,16.0,16.0
ORD-202608-00301,Restaurantul Nostru,Bere Nepasteurizată Zăganu 0.5L,Băuturi Alcoolice & Bere,1,22.0,22.0
ORD-202608-00301,Restaurantul Nostru,Ceafă de Porc la Grătar,Preparate la Grătar & Mici,1,38.0,38.0
ORD-202608-00302,Restaurantul Nostru,Muștar Clasic,Sosuri & Extra,1,4.0,4.0
ORD-202608-00302,Restaurantul Nostru,Ciorbă de Perișoare,Ciorbe & Supe,1,24.0,24.0
ORD-202608-00302,Restaurantul Nostru,Ciolan de Porc Rumexit la Cuptor,Mâncăruri Gătite & Specialități,1,78.0,78.0
ORD-202608-00303,Restaurantul Nostru,Apă Minerală / Plată Borsec 0.5L,Băuturi Răcoritoare & Cafea,2,10.0,20.0
ORD-202608-00303,Restaurantul Nostru,Fasole Bătută cu Ceapă Călită,Aperitive & Gustări,1,20.0,20.0
ORD-202608-00304,Restaurantul Nostru,Mici de Oaie și Vită (1 buc),Preparate la Grătar & Mici,2,8.5,17.0
ORD-202608-00304,Restaurantul Nostru,Muștar Clasic,Sosuri & Extra,1,4.0,4.0
ORD-202608-00305,Restaurantul Nostru,Sos Barbeque,Sosuri & Extra,1,6.0,6.0
ORD-202608-00305,Restaurantul Nostru,Muștar Clasic,Sosuri & Extra,1,4.0,4.0
ORD-202608-00305,Restaurantul Nostru,Salată Caesar cu Pui la Grătar,Salate,2,38.0,76.0
ORD-202608-00305,Restaurantul Nostru,Cartofi Prăjiți cu Usturoi și Parmezan,Garnituri,1,18.0,18.0
ORD-202608-00305,Restaurantul Nostru,Ciorbă de Văcuță,Ciorbe & Supe,1,25.0,25.0
ORD-202608-00306,Restaurantul Nostru,Bere Ciuc Premium la Draught 0.4L,Băuturi Alcoolice & Bere,1,14.0,14.0
ORD-202608-00306,Restaurantul Nostru,Ștrudel de Mere cu Sos de Vanilie,Desert,2,25.0,50.0
ORD-202608-00306,Restaurantul Nostru,Salată de Vinete Coapte pe Plită,Aperitive & Gustări,1,24.0,24.0
ORD-202608-00307,Restaurantul Nostru,Apă Minerală / Plată Borsec 0.5L,Băuturi Răcoritoare & Cafea,1,10.0,10.0
ORD-202608-00307,Restaurantul Nostru,Frigărui de Berbecuț,Preparate la Grătar & Mici,1,58.0,58.0
ORD-202608-00307,Restaurantul Nostru,Bere Nepasteurizată Zăganu 0.5L,Băuturi Alcoolice & Bere,3,22.0,66.0
ORD-202608-00307,Restaurantul Nostru,Cappuccino cu Spumă de Lapte,Băuturi Răcoritoare & Cafea,1,15.0,15.0
ORD-202608-00307,Restaurantul Nostru,Fasole Bătută cu Ceapă Călită,Aperitive & Gustări,1,20.0,20.0
ORD-202608-00308,Restaurantul Nostru,Salată Grecească,Salate,1,34.0,34.0
ORD-202608-00308,Restaurantul Nostru,Ștrudel de Mere cu Sos de Vanilie,Desert,2,25.0,50.0
ORD-202608-00308,Restaurantul Nostru,Cașcaval Pane Crocant,Aperitive & Gustări,1,28.0,28.0
ORD-202608-00309,Restaurantul Nostru,Țuică de Prune Ardelenească 50ml,Băuturi Alcoolice & Bere,2,18.0,36.0
ORD-202608-00309,Restaurantul Nostru,Șnițel Gigant de Pui Pane,Mâncăruri Gătite & Specialități,1,36.0,36.0
ORD-202608-00309,Restaurantul Nostru,Bere Heineken 0.33L,Băuturi Alcoolice & Bere,2,16.0,32.0
ORD-202608-00309,Restaurantul Nostru,Varză Călită în Vin cu Chimen,Garnituri,2,15.0,30.0
ORD-202608-00310,Restaurantul Nostru,Ciorbă de Perișoare,Ciorbe & Supe,2,24.0,48.0
ORD-202608-00310,Restaurantul Nostru,Ceafă de Porc la Grătar,Preparate la Grătar & Mici,1,38.0,38.0
ORD-202608-00310,Restaurantul Nostru,Țuică de Prune Ardelenească 50ml,Băuturi Alcoolice & Bere,1,18.0,18.0
ORD-202608-00310,Restaurantul Nostru,Supă Cremă de Legume cu Crutoane,Ciorbe & Supe,1,22.0,22.0
ORD-202608-00311,Restaurantul Nostru,Papanași cu Smântână și Dulceață de Afine (2 buc),Desert,1,32.0,32.0
ORD-202608-00311,Restaurantul Nostru,Cappuccino cu Spumă de Lapte,Băuturi Răcoritoare & Cafea,1,15.0,15.0
ORD-202608-00311,Restaurantul Nostru,Cașcaval Pane Crocant,Aperitive & Gustări,1,28.0,28.0
ORD-202608-00311,Restaurantul Nostru,Sarmale Românești în Foi de Varză (4 buc),Mâncăruri Gătite & Specialități,1,44.0,44.0
ORD-202608-00311,Restaurantul Nostru,Cartofi Prăjiți cu Usturoi și Parmezan,Garnituri,1,18.0,18.0
ORD-202608-00312,Restaurantul Nostru,Bere Nepasteurizată Zăganu 0.5L,Băuturi Alcoolice & Bere,1,22.0,22.0
ORD-202608-00312,Restaurantul Nostru,Cașcaval Pane Crocant,Aperitive & Gustări,1,28.0,28.0
ORD-202608-00313,Restaurantul Nostru,Lava Cake cu Înghețată de Vanilie,Desert,1,28.0,28.0
ORD-202608-00313,Restaurantul Nostru,Coș de Pâine de Casă,Sosuri & Extra,2,7.0,14.0
ORD-202608-00313,Restaurantul Nostru,Espresso Scurt / Lung Julius Meinl,Băuturi Răcoritoare & Cafea,2,12.0,24.0
ORD-202608-00313,Restaurantul Nostru,Mămăliguță Caldă,Garnituri,3,8.0,24.0
ORD-202608-00313,Restaurantul Nostru,Cappuccino cu Spumă de Lapte,Băuturi Răcoritoare & Cafea,1,15.0,15.0
ORD-202608-00314,Restaurantul Nostru,Varză Călită în Vin cu Chimen,Garnituri,1,15.0,15.0
ORD-202608-00314,Restaurantul Nostru,Lava Cake cu Înghețată de Vanilie,Desert,1,28.0,28.0
ORD-202608-00314,Restaurantul Nostru,Salată Caesar cu Pui la Grătar,Salate,1,38.0,38.0
ORD-202608-00314,Restaurantul Nostru,Frăție de Mici & Cârnați,Preparate la Grătar & Mici,1,54.0,54.0
ORD-202608-00315,Restaurantul Nostru,Bulz Ardelenesc la Grătar,Aperitive & Gustări,1,32.0,32.0
ORD-202608-00315,Restaurantul Nostru,Tochitură Moldovenească cu Mămăligă,Mâncăruri Gătite & Specialități,1,48.0,48.0
ORD-202608-00315,Restaurantul Nostru,Țuică de Prune Ardelenească 50ml,Băuturi Alcoolice & Bere,1,18.0,18.0
ORD-202608-00316,Restaurantul Nostru,Sos Barbeque,Sosuri & Extra,2,6.0,12.0
ORD-202608-00316,Restaurantul Nostru,Piept de Pui la Grătar,Preparate la Grătar & Mici,1,34.0,34.0
ORD-202608-00316,Restaurantul Nostru,Apă Minerală / Plată Borsec 0.5L,Băuturi Răcoritoare & Cafea,2,10.0,20.0
ORD-202608-00316,Restaurantul Nostru,Ciolan de Porc Rumexit la Cuptor,Mâncăruri Gătite & Specialități,1,78.0,78.0
ORD-202608-00316,Restaurantul Nostru,Cârnați Picanți de Pleșcoi,Cârnați & Platouri,1,42.0,42.0
ORD-202608-00317,Restaurantul Nostru,Cașcaval Pane Crocant,Aperitive & Gustări,1,28.0,28.0
ORD-202608-00317,Restaurantul Nostru,Supă Cremă de Legume cu Crutoane,Ciorbe & Supe,2,22.0,44.0
ORD-202608-00318,Restaurantul Nostru,Cașcaval Pane Crocant,Aperitive & Gustări,1,28.0,28.0
ORD-202608-00318,Restaurantul Nostru,Ciorbă de Perișoare,Ciorbe & Supe,1,24.0,24.0
ORD-202608-00318,Restaurantul Nostru,Pachet Vinul Casei Fetească Regală 1L,Băuturi Alcoolice & Bere,1,55.0,55.0
ORD-202608-00318,Restaurantul Nostru,Mujdei de Usturoi Tradițional,Sosuri & Extra,1,5.0,5.0
ORD-202608-00319,Restaurantul Nostru,Bere Heineken 0.33L,Băuturi Alcoolice & Bere,1,16.0,16.0
ORD-202608-00319,Restaurantul Nostru,Supă Cremă de Legume cu Crutoane,Ciorbe & Supe,1,22.0,22.0
ORD-202608-00319,Restaurantul Nostru,Smântână Proaspătă 20%,Sosuri & Extra,1,5.0,5.0
ORD-202608-00319,Restaurantul Nostru,Limonadă Proaspătă cu Miere și Mentă 0.5L,Băuturi Răcoritoare & Cafea,1,20.0,20.0
ORD-202608-00320,Restaurantul Nostru,Ceafă de Porc la Grătar,Preparate la Grătar & Mici,1,38.0,38.0
ORD-202608-00320,Restaurantul Nostru,Ciorbă de Burtiță Tradițională,Ciorbe & Supe,1,28.0,28.0
ORD-202608-00320,Restaurantul Nostru,Salată de Vinete Coapte pe Plită,Aperitive & Gustări,1,24.0,24.0
ORD-202608-00321,Restaurantul Nostru,Pachet Vinul Casei Fetească Regală 1L,Băuturi Alcoolice & Bere,1,55.0,55.0
ORD-202608-00321,Restaurantul Nostru,Pastramă de Oaie la Tigaie cu Mămăligă,Mâncăruri Gătite & Specialități,1,56.0,56.0
ORD-202608-00321,Restaurantul Nostru,Sos Barbeque,Sosuri & Extra,2,6.0,12.0
ORD-202608-00322,Restaurantul Nostru,Șnițel Gigant de Pui Pane,Mâncăruri Gătite & Specialități,1,36.0,36.0
ORD-202608-00322,Restaurantul Nostru,Salată de Murături Asortate,Salate,1,14.0,14.0
ORD-202608-00323,Restaurantul Nostru,Vin Purcari Rară Neagră Sticlă 0.75L,Băuturi Alcoolice & Bere,1,95.0,95.0
ORD-202608-00323,Restaurantul Nostru,Muștar Clasic,Sosuri & Extra,1,4.0,4.0
ORD-202608-00323,Restaurantul Nostru,Salată de Vinete Coapte pe Plită,Aperitive & Gustări,1,24.0,24.0
ORD-202608-00323,Restaurantul Nostru,Pastramă de Oaie la Tigaie cu Mămăligă,Mâncăruri Gătite & Specialități,1,56.0,56.0
ORD-202608-00323,Restaurantul Nostru,Salată de Murături Asortate,Salate,2,14.0,28.0
ORD-202608-00324,Restaurantul Nostru,Salată de Vinete Coapte pe Plită,Aperitive & Gustări,1,24.0,24.0
ORD-202608-00324,Restaurantul Nostru,Ciorbă de Văcuță,Ciorbe & Supe,2,25.0,50.0
ORD-202608-00324,Restaurantul Nostru,Ceafă de Porc la Grătar,Preparate la Grătar & Mici,1,38.0,38.0
ORD-202608-00324,Restaurantul Nostru,Sos Barbeque,Sosuri & Extra,1,6.0,6.0
ORD-202608-00324,Restaurantul Nostru,Apă Minerală / Plată Borsec 0.5L,Băuturi Răcoritoare & Cafea,1,10.0,10.0
ORD-202608-00325,Restaurantul Nostru,Bulz Ardelenesc la Grătar,Aperitive & Gustări,2,32.0,64.0
ORD-202608-00325,Restaurantul Nostru,Ciorbă de Perișoare,Ciorbe & Supe,1,24.0,24.0
ORD-202608-00325,Restaurantul Nostru,Apă Minerală / Plată Borsec 0.5L,Băuturi Răcoritoare & Cafea,2,10.0,20.0
ORD-202608-00326,Restaurantul Nostru,Platou Gustări Rece Tradiționale,Cârnați & Platouri,1,85.0,85.0
ORD-202608-00326,Restaurantul Nostru,Coca-Cola / Coca-Cola Zero 0.33L,Băuturi Răcoritoare & Cafea,1,12.0,12.0
ORD-202608-00327,Restaurantul Nostru,Ceafă de Porc la Grătar,Preparate la Grătar & Mici,1,38.0,38.0
ORD-202608-00327,Restaurantul Nostru,Salată de Murături Asortate,Salate,1,14.0,14.0
ORD-202608-00327,Restaurantul Nostru,Cașcaval Pane Crocant,Aperitive & Gustări,1,28.0,28.0
ORD-202608-00328,Restaurantul Nostru,Varză Călită în Vin cu Chimen,Garnituri,1,15.0,15.0
ORD-202608-00328,Restaurantul Nostru,Mujdei de Usturoi Tradițional,Sosuri & Extra,1,5.0,5.0
ORD-202608-00328,Restaurantul Nostru,Salată de Murături Asortate,Salate,1,14.0,14.0
ORD-202608-00328,Restaurantul Nostru,Piure de Cartofi cu Unt,Garnituri,3,16.0,48.0
ORD-202608-00328,Restaurantul Nostru,Cappuccino cu Spumă de Lapte,Băuturi Răcoritoare & Cafea,3,15.0,45.0
ORD-202608-00329,Restaurantul Nostru,Piept de Pui la Grătar,Preparate la Grătar & Mici,1,34.0,34.0
ORD-202608-00329,Restaurantul Nostru,Mujdei de Usturoi Tradițional,Sosuri & Extra,2,5.0,10.0
ORD-202608-00330,Restaurantul Nostru,Platou Boieresc (2-3 persoane),Cârnați & Platouri,2,145.0,290.0
ORD-202608-00330,Restaurantul Nostru,Mămăliguță Caldă,Garnituri,1,8.0,8.0
ORD-202608-00331,Restaurantul Nostru,Bere Nepasteurizată Zăganu 0.5L,Băuturi Alcoolice & Bere,1,22.0,22.0
ORD-202608-00331,Restaurantul Nostru,Sarmale Românești în Foi de Varză (4 buc),Mâncăruri Gătite & Specialități,1,44.0,44.0
ORD-202608-00331,Restaurantul Nostru,Tochitură Moldovenească cu Mămăligă,Mâncăruri Gătite & Specialități,1,48.0,48.0
ORD-202608-00331,Restaurantul Nostru,Supă Cremă de Legume cu Crutoane,Ciorbe & Supe,1,22.0,22.0
ORD-202608-00332,Restaurantul Nostru,Salată de Vinete Coapte pe Plită,Aperitive & Gustări,1,24.0,24.0
ORD-202608-00332,Restaurantul Nostru,Coș de Pâine de Casă,Sosuri & Extra,1,7.0,7.0
ORD-202608-00332,Restaurantul Nostru,Mămăliguță Caldă,Garnituri,1,8.0,8.0
ORD-202608-00332,Restaurantul Nostru,Coca-Cola / Coca-Cola Zero 0.33L,Băuturi Răcoritoare & Cafea,1,12.0,12.0
ORD-202608-00332,Restaurantul Nostru,Ciolan de Porc Rumexit la Cuptor,Mâncăruri Gătite & Specialități,1,78.0,78.0
ORD-202608-00333,Restaurantul Nostru,Cappuccino cu Spumă de Lapte,Băuturi Răcoritoare & Cafea,1,15.0,15.0
ORD-202608-00333,Restaurantul Nostru,Ciorbă de Perișoare,Ciorbe & Supe,1,24.0,24.0
ORD-202608-00333,Restaurantul Nostru,Salată Caesar cu Pui la Grătar,Salate,1,38.0,38.0
ORD-202608-00333,Restaurantul Nostru,Bere Ciuc Premium la Draught 0.4L,Băuturi Alcoolice & Bere,2,14.0,28.0
ORD-202608-00333,Restaurantul Nostru,Piept de Pui la Grătar,Preparate la Grătar & Mici,2,34.0,68.0
ORD-202608-00334,Restaurantul Nostru,Papanași cu Smântână și Dulceață de Afine (2 buc),Desert,2,32.0,64.0
ORD-202608-00334,Restaurantul Nostru,Salată de Vinete Coapte pe Plită,Aperitive & Gustări,1,24.0,24.0
ORD-202608-00335,Restaurantul Nostru,Cartofi Prăjiți cu Usturoi și Parmezan,Garnituri,1,18.0,18.0
ORD-202608-00335,Restaurantul Nostru,Platou Gustări Rece Tradiționale,Cârnați & Platouri,1,85.0,85.0
ORD-202608-00336,Restaurantul Nostru,Varză Călită în Vin cu Chimen,Garnituri,1,15.0,15.0
ORD-202608-00336,Restaurantul Nostru,Muștar Clasic,Sosuri & Extra,1,4.0,4.0
ORD-202608-00336,Restaurantul Nostru,Mămăliguță Caldă,Garnituri,1,8.0,8.0
ORD-202608-00337,Restaurantul Nostru,Smântână Proaspătă 20%,Sosuri & Extra,1,5.0,5.0
ORD-202608-00337,Restaurantul Nostru,Bulz Ardelenesc la Grătar,Aperitive & Gustări,2,32.0,64.0
ORD-202608-00337,Restaurantul Nostru,Ștrudel de Mere cu Sos de Vanilie,Desert,1,25.0,25.0
ORD-202608-00337,Restaurantul Nostru,Ciorbă de Văcuță,Ciorbe & Supe,2,25.0,50.0
ORD-202608-00337,Restaurantul Nostru,Cașcaval Pane Crocant,Aperitive & Gustări,1,28.0,28.0
ORD-202608-00338,Restaurantul Nostru,Fasole Bătută cu Ceapă Călită,Aperitive & Gustări,1,20.0,20.0
ORD-202608-00338,Restaurantul Nostru,Platou Gustări Rece Tradiționale,Cârnați & Platouri,1,85.0,85.0
ORD-202608-00338,Restaurantul Nostru,Ciorbă Rădăuțeană de Pui,Ciorbe & Supe,1,26.0,26.0
ORD-202608-00338,Restaurantul Nostru,Frigărui de Berbecuț,Preparate la Grătar & Mici,1,58.0,58.0
ORD-202608-00338,Restaurantul Nostru,Bere Nepasteurizată Zăganu 0.5L,Băuturi Alcoolice & Bere,1,22.0,22.0
ORD-202608-00339,Restaurantul Nostru,Cappuccino cu Spumă de Lapte,Băuturi Răcoritoare & Cafea,2,15.0,30.0
ORD-202608-00339,Restaurantul Nostru,Bere Heineken 0.33L,Băuturi Alcoolice & Bere,1,16.0,16.0
ORD-202608-00339,Restaurantul Nostru,Platou Boieresc (2-3 persoane),Cârnați & Platouri,1,145.0,145.0
ORD-202608-00339,Restaurantul Nostru,Salată de Murături Asortate,Salate,1,14.0,14.0
ORD-202608-00339,Restaurantul Nostru,Espresso Scurt / Lung Julius Meinl,Băuturi Răcoritoare & Cafea,1,12.0,12.0
ORD-202608-00340,Restaurantul Nostru,Fasole Bătută cu Ceapă Călită,Aperitive & Gustări,1,20.0,20.0
ORD-202608-00340,Restaurantul Nostru,Salată de Ardei Copți,Salate,1,16.0,16.0
ORD-202608-00340,Restaurantul Nostru,Vin Purcari Rară Neagră Sticlă 0.75L,Băuturi Alcoolice & Bere,1,95.0,95.0
ORD-202608-00340,Restaurantul Nostru,Pachet Vinul Casei Fetească Regală 1L,Băuturi Alcoolice & Bere,1,55.0,55.0
ORD-202608-00341,Restaurantul Nostru,Coca-Cola / Coca-Cola Zero 0.33L,Băuturi Răcoritoare & Cafea,1,12.0,12.0
ORD-202608-00341,Restaurantul Nostru,Coș de Pâine de Casă,Sosuri & Extra,1,7.0,7.0
ORD-202608-00341,Restaurantul Nostru,Muștar Clasic,Sosuri & Extra,1,4.0,4.0
ORD-202608-00341,Restaurantul Nostru,Salată Caesar cu Pui la Grătar,Salate,2,38.0,76.0
ORD-202608-00342,Restaurantul Nostru,Mujdei de Usturoi Tradițional,Sosuri & Extra,1,5.0,5.0
ORD-202608-00342,Restaurantul Nostru,Țuică de Prune Ardelenească 50ml,Băuturi Alcoolice & Bere,1,18.0,18.0
ORD-202608-00343,Restaurantul Nostru,Burger Casei cu Cartofi Prăjiți,Mâncăruri Gătite & Specialități,1,49.0,49.0
ORD-202608-00343,Restaurantul Nostru,Ciorbă de Perișoare,Ciorbe & Supe,1,24.0,24.0
ORD-202608-00343,Restaurantul Nostru,Supă Cremă de Legume cu Crutoane,Ciorbe & Supe,1,22.0,22.0
ORD-202608-00343,Restaurantul Nostru,Espresso Scurt / Lung Julius Meinl,Băuturi Răcoritoare & Cafea,1,12.0,12.0
ORD-202608-00344,Restaurantul Nostru,Șnițel Gigant de Pui Pane,Mâncăruri Gătite & Specialități,1,36.0,36.0
ORD-202608-00344,Restaurantul Nostru,Cartofi Prăjiți cu Usturoi și Parmezan,Garnituri,1,18.0,18.0
ORD-202608-00344,Restaurantul Nostru,Papanași cu Smântână și Dulceață de Afine (2 buc),Desert,2,32.0,64.0
ORD-202608-00344,Restaurantul Nostru,Bulz Ardelenesc la Grătar,Aperitive & Gustări,1,32.0,32.0
ORD-202608-00344,Restaurantul Nostru,Supă Cremă de Legume cu Crutoane,Ciorbe & Supe,1,22.0,22.0
ORD-202608-00345,Restaurantul Nostru,Mămăliguță Caldă,Garnituri,1,8.0,8.0
ORD-202608-00345,Restaurantul Nostru,Limonadă Proaspătă cu Miere și Mentă 0.5L,Băuturi Răcoritoare & Cafea,1,20.0,20.0
ORD-202608-00345,Restaurantul Nostru,Coca-Cola / Coca-Cola Zero 0.33L,Băuturi Răcoritoare & Cafea,2,12.0,24.0
ORD-202608-00345,Restaurantul Nostru,Varză Călită în Vin cu Chimen,Garnituri,1,15.0,15.0
ORD-202608-00346,Restaurantul Nostru,Tochitură Moldovenească cu Mămăligă,Mâncăruri Gătite & Specialități,1,48.0,48.0
ORD-202608-00346,Restaurantul Nostru,Bere Heineken 0.33L,Băuturi Alcoolice & Bere,1,16.0,16.0
ORD-202608-00347,Restaurantul Nostru,Pastramă de Oaie la Tigaie cu Mămăligă,Mâncăruri Gătite & Specialități,1,56.0,56.0
ORD-202608-00347,Restaurantul Nostru,Frăție de Mici & Cârnați,Preparate la Grătar & Mici,1,54.0,54.0
ORD-202608-00347,Restaurantul Nostru,Salată Caesar cu Pui la Grătar,Salate,1,38.0,38.0
ORD-202608-00347,Restaurantul Nostru,Salată de Murături Asortate,Salate,1,14.0,14.0
ORD-202608-00348,Restaurantul Nostru,Cappuccino cu Spumă de Lapte,Băuturi Răcoritoare & Cafea,1,15.0,15.0
ORD-202608-00348,Restaurantul Nostru,Bere Heineken 0.33L,Băuturi Alcoolice & Bere,1,16.0,16.0
ORD-202608-00349,Restaurantul Nostru,Espresso Scurt / Lung Julius Meinl,Băuturi Răcoritoare & Cafea,1,12.0,12.0
ORD-202608-00349,Restaurantul Nostru,Ciorbă de Burtiță Tradițională,Ciorbe & Supe,1,28.0,28.0
ORD-202608-00349,Restaurantul Nostru,Piept de Pui la Grătar,Preparate la Grătar & Mici,2,34.0,68.0
ORD-202608-00349,Restaurantul Nostru,Limonadă Proaspătă cu Miere și Mentă 0.5L,Băuturi Răcoritoare & Cafea,1,20.0,20.0
ORD-202608-00350,Restaurantul Nostru,Burger Casei cu Cartofi Prăjiți,Mâncăruri Gătite & Specialități,1,49.0,49.0
ORD-202608-00350,Restaurantul Nostru,Șnițel Gigant de Pui Pane,Mâncăruri Gătite & Specialități,2,36.0,72.0
ORD-202608-00350,Restaurantul Nostru,Platou Cârnați Asortați,Cârnați & Platouri,1,95.0,95.0
ORD-202608-00350,Restaurantul Nostru,Espresso Scurt / Lung Julius Meinl,Băuturi Răcoritoare & Cafea,1,12.0,12.0
ORD-202608-00350,Restaurantul Nostru,Muștar Clasic,Sosuri & Extra,1,4.0,4.0
ORD-202608-00351,Restaurantul Nostru,Salată de Vinete Coapte pe Plită,Aperitive & Gustări,1,24.0,24.0
ORD-202608-00351,Restaurantul Nostru,Platou Cârnați Asortați,Cârnați & Platouri,1,95.0,95.0
ORD-202608-00352,Restaurantul Nostru,Tochitură Moldovenească cu Mămăligă,Mâncăruri Gătite & Specialități,1,48.0,48.0
ORD-202608-00352,Restaurantul Nostru,Mici de Oaie și Vită (1 buc),Preparate la Grătar & Mici,1,8.5,8.5
ORD-202608-00352,Restaurantul Nostru,Țuică de Prune Ardelenească 50ml,Băuturi Alcoolice & Bere,1,18.0,18.0
ORD-202608-00352,Restaurantul Nostru,Mici Românești de Vită-Porc (1 buc),Preparate la Grătar & Mici,1,7.5,7.5
ORD-202608-00352,Restaurantul Nostru,Salată de Vinete Coapte pe Plită,Aperitive & Gustări,1,24.0,24.0
ORD-202608-00353,Restaurantul Nostru,Piept de Pui la Grătar,Preparate la Grătar & Mici,2,34.0,68.0
ORD-202608-00353,Restaurantul Nostru,Clătite cu Finetti și Banane (2 buc),Desert,1,22.0,22.0
ORD-202608-00353,Restaurantul Nostru,Ciorbă Rădăuțeană de Pui,Ciorbe & Supe,1,26.0,26.0
ORD-202608-00353,Restaurantul Nostru,Burger Casei cu Cartofi Prăjiți,Mâncăruri Gătite & Specialități,1,49.0,49.0
ORD-202608-00354,Restaurantul Nostru,Salată Grecească,Salate,2,34.0,68.0
ORD-202608-00354,Restaurantul Nostru,Piept de Pui la Grătar,Preparate la Grătar & Mici,2,34.0,68.0
ORD-202608-00355,Restaurantul Nostru,Mămăliguță Caldă,Garnituri,1,8.0,8.0
ORD-202608-00355,Restaurantul Nostru,Bere Heineken 0.33L,Băuturi Alcoolice & Bere,1,16.0,16.0
ORD-202608-00356,Restaurantul Nostru,Cașcaval Pane Crocant,Aperitive & Gustări,1,28.0,28.0
ORD-202608-00356,Restaurantul Nostru,Platou Gustări Rece Tradiționale,Cârnați & Platouri,1,85.0,85.0
ORD-202608-00356,Restaurantul Nostru,Coș de Pâine de Casă,Sosuri & Extra,2,7.0,14.0
ORD-202608-00356,Restaurantul Nostru,Piept de Pui la Grătar,Preparate la Grătar & Mici,1,34.0,34.0
ORD-202608-00356,Restaurantul Nostru,Mujdei de Usturoi Tradițional,Sosuri & Extra,1,5.0,5.0
ORD-202608-00357,Restaurantul Nostru,Frigărui de Berbecuț,Preparate la Grătar & Mici,2,58.0,116.0
ORD-202608-00357,Restaurantul Nostru,Muștar Clasic,Sosuri & Extra,1,4.0,4.0
ORD-202608-00357,Restaurantul Nostru,Ciorbă Rădăuțeană de Pui,Ciorbe & Supe,1,26.0,26.0
ORD-202608-00357,Restaurantul Nostru,Coș de Pâine de Casă,Sosuri & Extra,1,7.0,7.0
ORD-202608-00358,Restaurantul Nostru,Cașcaval Pane Crocant,Aperitive & Gustări,1,28.0,28.0
ORD-202608-00358,Restaurantul Nostru,Țuică de Prune Ardelenească 50ml,Băuturi Alcoolice & Bere,1,18.0,18.0
ORD-202608-00358,Restaurantul Nostru,Sarmale Românești în Foi de Varză (4 buc),Mâncăruri Gătite & Specialități,1,44.0,44.0
ORD-202608-00358,Restaurantul Nostru,Ștrudel de Mere cu Sos de Vanilie,Desert,1,25.0,25.0
ORD-202608-00358,Restaurantul Nostru,Salată de Vinete Coapte pe Plită,Aperitive & Gustări,1,24.0,24.0
ORD-202608-00359,Restaurantul Nostru,Bere Heineken 0.33L,Băuturi Alcoolice & Bere,1,16.0,16.0
ORD-202608-00359,Restaurantul Nostru,Șnițel Gigant de Pui Pane,Mâncăruri Gătite & Specialități,1,36.0,36.0
ORD-202608-00360,Restaurantul Nostru,Salată de Ardei Copți,Salate,2,16.0,32.0
ORD-202608-00360,Restaurantul Nostru,Espresso Scurt / Lung Julius Meinl,Băuturi Răcoritoare & Cafea,1,12.0,12.0
ORD-202608-00360,Restaurantul Nostru,Salată Grecească,Salate,1,34.0,34.0
ORD-202608-00360,Restaurantul Nostru,Smântână Proaspătă 20%,Sosuri & Extra,1,5.0,5.0
ORD-202608-00361,Restaurantul Nostru,Ciorbă Rădăuțeană de Pui,Ciorbe & Supe,2,26.0,52.0
ORD-202608-00361,Restaurantul Nostru,Cappuccino cu Spumă de Lapte,Băuturi Răcoritoare & Cafea,1,15.0,15.0
ORD-202608-00361,Restaurantul Nostru,Smântână Proaspătă 20%,Sosuri & Extra,1,5.0,5.0
ORD-202608-00361,Restaurantul Nostru,Mici de Oaie și Vită (1 buc),Preparate la Grătar & Mici,1,8.5,8.5
ORD-202608-00361,Restaurantul Nostru,Coca-Cola / Coca-Cola Zero 0.33L,Băuturi Răcoritoare & Cafea,1,12.0,12.0
ORD-202608-00362,Restaurantul Nostru,Bulz Ardelenesc la Grătar,Aperitive & Gustări,2,32.0,64.0
ORD-202608-00362,Restaurantul Nostru,Platou Gustări Rece Tradiționale,Cârnați & Platouri,1,85.0,85.0
ORD-202608-00362,Restaurantul Nostru,Salată de Murături Asortate,Salate,1,14.0,14.0
ORD-202608-00362,Restaurantul Nostru,Bere Nepasteurizată Zăganu 0.5L,Băuturi Alcoolice & Bere,1,22.0,22.0
ORD-202608-00363,Restaurantul Nostru,Platou Cârnați Asortați,Cârnați & Platouri,1,95.0,95.0
ORD-202608-00363,Restaurantul Nostru,Sarmale Românești în Foi de Varză (4 buc),Mâncăruri Gătite & Specialități,2,44.0,88.0
ORD-202608-00363,Restaurantul Nostru,Bere Nepasteurizată Zăganu 0.5L,Băuturi Alcoolice & Bere,1,22.0,22.0
ORD-202608-00363,Restaurantul Nostru,Cașcaval Pane Crocant,Aperitive & Gustări,1,28.0,28.0
ORD-202608-00363,Restaurantul Nostru,Șnițel Gigant de Pui Pane,Mâncăruri Gătite & Specialități,1,36.0,36.0
ORD-202608-00364,Restaurantul Nostru,Bere Nepasteurizată Zăganu 0.5L,Băuturi Alcoolice & Bere,1,22.0,22.0
ORD-202608-00364,Restaurantul Nostru,Ciorbă Rădăuțeană de Pui,Ciorbe & Supe,1,26.0,26.0
ORD-202608-00364,Restaurantul Nostru,Platou Boieresc (2-3 persoane),Cârnați & Platouri,2,145.0,290.0
ORD-202608-00364,Restaurantul Nostru,Cappuccino cu Spumă de Lapte,Băuturi Răcoritoare & Cafea,1,15.0,15.0
ORD-202608-00364,Restaurantul Nostru,Papanași cu Smântână și Dulceață de Afine (2 buc),Desert,1,32.0,32.0
ORD-202608-00365,Restaurantul Nostru,Ciorbă de Burtiță Tradițională,Ciorbe & Supe,1,28.0,28.0
ORD-202608-00365,Restaurantul Nostru,Frigărui de Berbecuț,Preparate la Grătar & Mici,1,58.0,58.0
ORD-202608-00366,Restaurantul Nostru,Platou Boieresc (2-3 persoane),Cârnați & Platouri,1,145.0,145.0
ORD-202608-00366,Restaurantul Nostru,Apă Minerală / Plată Borsec 0.5L,Băuturi Răcoritoare & Cafea,1,10.0,10.0
ORD-202608-00366,Restaurantul Nostru,Frigărui de Berbecuț,Preparate la Grătar & Mici,1,58.0,58.0
ORD-202608-00367,Restaurantul Nostru,Frăție de Mici & Cârnați,Preparate la Grătar & Mici,1,54.0,54.0
ORD-202608-00367,Restaurantul Nostru,Ciorbă de Văcuță,Ciorbe & Supe,1,25.0,25.0
ORD-202608-00367,Restaurantul Nostru,Mujdei de Usturoi Tradițional,Sosuri & Extra,2,5.0,10.0
ORD-202608-00368,Restaurantul Nostru,Bere Ciuc Premium la Draught 0.4L,Băuturi Alcoolice & Bere,1,14.0,14.0
ORD-202608-00368,Restaurantul Nostru,Frăție de Mici & Cârnați,Preparate la Grătar & Mici,1,54.0,54.0
ORD-202608-00368,Restaurantul Nostru,Muștar Clasic,Sosuri & Extra,1,4.0,4.0
ORD-202608-00368,Restaurantul Nostru,Ciorbă de Burtiță Tradițională,Ciorbe & Supe,1,28.0,28.0
ORD-202608-00368,Restaurantul Nostru,Tochitură Moldovenească cu Mămăligă,Mâncăruri Gătite & Specialități,1,48.0,48.0
ORD-202608-00369,Restaurantul Nostru,Ciorbă de Perișoare,Ciorbe & Supe,1,24.0,24.0
ORD-202608-00369,Restaurantul Nostru,Ceafă de Porc la Grătar,Preparate la Grătar & Mici,1,38.0,38.0
ORD-202608-00369,Restaurantul Nostru,Salată Grecească,Salate,1,34.0,34.0
ORD-202608-00369,Restaurantul Nostru,Piure de Cartofi cu Unt,Garnituri,1,16.0,16.0
ORD-202608-00370,Restaurantul Nostru,Papanași cu Smântână și Dulceață de Afine (2 buc),Desert,1,32.0,32.0
ORD-202608-00370,Restaurantul Nostru,Piure de Cartofi cu Unt,Garnituri,1,16.0,16.0
ORD-202608-00370,Restaurantul Nostru,Fasole Bătută cu Ceapă Călită,Aperitive & Gustări,1,20.0,20.0
ORD-202608-00370,Restaurantul Nostru,Cartofi Prăjiți cu Usturoi și Parmezan,Garnituri,1,18.0,18.0
ORD-202608-00371,Restaurantul Nostru,Cârnați Picanți de Pleșcoi,Cârnați & Platouri,2,42.0,84.0
ORD-202608-00371,Restaurantul Nostru,Bulz Ardelenesc la Grătar,Aperitive & Gustări,2,32.0,64.0
ORD-202608-00371,Restaurantul Nostru,Coca-Cola / Coca-Cola Zero 0.33L,Băuturi Răcoritoare & Cafea,1,12.0,12.0
ORD-202608-00371,Restaurantul Nostru,Mici de Oaie și Vită (1 buc),Preparate la Grătar & Mici,1,8.5,8.5
ORD-202608-00372,Restaurantul Nostru,Piure de Cartofi cu Unt,Garnituri,1,16.0,16.0
ORD-202608-00372,Restaurantul Nostru,Supă Cremă de Legume cu Crutoane,Ciorbe & Supe,2,22.0,44.0
ORD-202608-00372,Restaurantul Nostru,Muștar Clasic,Sosuri & Extra,1,4.0,4.0
ORD-202608-00372,Restaurantul Nostru,Ștrudel de Mere cu Sos de Vanilie,Desert,1,25.0,25.0
ORD-202608-00372,Restaurantul Nostru,Pastramă de Oaie la Tigaie cu Mămăligă,Mâncăruri Gătite & Specialități,1,56.0,56.0
ORD-202608-00373,Restaurantul Nostru,Ceafă de Porc la Grătar,Preparate la Grătar & Mici,2,38.0,76.0
ORD-202608-00373,Restaurantul Nostru,Ciorbă de Burtiță Tradițională,Ciorbe & Supe,1,28.0,28.0
ORD-202608-00373,Restaurantul Nostru,Ștrudel de Mere cu Sos de Vanilie,Desert,2,25.0,50.0
ORD-202608-00374,Restaurantul Nostru,Clătite cu Finetti și Banane (2 buc),Desert,1,22.0,22.0
ORD-202608-00374,Restaurantul Nostru,Piept de Pui la Grătar,Preparate la Grătar & Mici,1,34.0,34.0
ORD-202608-00374,Restaurantul Nostru,Ciorbă de Văcuță,Ciorbe & Supe,1,25.0,25.0
ORD-202608-00375,Restaurantul Nostru,Lava Cake cu Înghețată de Vanilie,Desert,1,28.0,28.0
ORD-202608-00375,Restaurantul Nostru,Ciorbă de Perișoare,Ciorbe & Supe,1,24.0,24.0
ORD-202608-00376,Restaurantul Nostru,Sarmale Românești în Foi de Varză (4 buc),Mâncăruri Gătite & Specialități,1,44.0,44.0
ORD-202608-00376,Restaurantul Nostru,Burger Casei cu Cartofi Prăjiți,Mâncăruri Gătite & Specialități,2,49.0,98.0
ORD-202608-00376,Restaurantul Nostru,Frăție de Mici & Cârnați,Preparate la Grătar & Mici,1,54.0,54.0
ORD-202608-00376,Restaurantul Nostru,Varză Călită în Vin cu Chimen,Garnituri,1,15.0,15.0
ORD-202608-00377,Restaurantul Nostru,Piept de Pui la Grătar,Preparate la Grătar & Mici,1,34.0,34.0
ORD-202608-00377,Restaurantul Nostru,Limonadă Proaspătă cu Miere și Mentă 0.5L,Băuturi Răcoritoare & Cafea,1,20.0,20.0
ORD-202608-00377,Restaurantul Nostru,Mici Românești de Vită-Porc (1 buc),Preparate la Grătar & Mici,1,7.5,7.5
ORD-202608-00378,Restaurantul Nostru,Sarmale Românești în Foi de Varză (4 buc),Mâncăruri Gătite & Specialități,1,44.0,44.0
ORD-202608-00378,Restaurantul Nostru,Ciorbă Rădăuțeană de Pui,Ciorbe & Supe,1,26.0,26.0
ORD-202608-00378,Restaurantul Nostru,Lava Cake cu Înghețată de Vanilie,Desert,2,28.0,56.0
ORD-202608-00378,Restaurantul Nostru,Salată de Ardei Copți,Salate,1,16.0,16.0
ORD-202608-00378,Restaurantul Nostru,Bere Heineken 0.33L,Băuturi Alcoolice & Bere,1,16.0,16.0
ORD-202608-00379,Restaurantul Nostru,Vin Purcari Rară Neagră Sticlă 0.75L,Băuturi Alcoolice & Bere,1,95.0,95.0
ORD-202608-00379,Restaurantul Nostru,Mămăliguță Caldă,Garnituri,1,8.0,8.0
ORD-202608-00379,Restaurantul Nostru,Lava Cake cu Înghețată de Vanilie,Desert,1,28.0,28.0
ORD-202608-00379,Restaurantul Nostru,Platou Boieresc (2-3 persoane),Cârnați & Platouri,2,145.0,290.0
ORD-202608-00379,Restaurantul Nostru,Șnițel Gigant de Pui Pane,Mâncăruri Gătite & Specialități,1,36.0,36.0
ORD-202608-00380,Restaurantul Nostru,Lava Cake cu Înghețată de Vanilie,Desert,2,28.0,56.0
ORD-202608-00380,Restaurantul Nostru,Șnițel Gigant de Pui Pane,Mâncăruri Gătite & Specialități,1,36.0,36.0
ORD-202608-00380,Restaurantul Nostru,Burger Casei cu Cartofi Prăjiți,Mâncăruri Gătite & Specialități,1,49.0,49.0
ORD-202608-00380,Restaurantul Nostru,Sos Barbeque,Sosuri & Extra,1,6.0,6.0
ORD-202608-00380,Restaurantul Nostru,Papanași cu Smântână și Dulceață de Afine (2 buc),Desert,1,32.0,32.0
ORD-202608-00381,Restaurantul Nostru,Bere Nepasteurizată Zăganu 0.5L,Băuturi Alcoolice & Bere,1,22.0,22.0
ORD-202608-00381,Restaurantul Nostru,Espresso Scurt / Lung Julius Meinl,Băuturi Răcoritoare & Cafea,1,12.0,12.0
ORD-202608-00382,Restaurantul Nostru,Bere Nepasteurizată Zăganu 0.5L,Băuturi Alcoolice & Bere,1,22.0,22.0
ORD-202608-00382,Restaurantul Nostru,Pastramă de Oaie la Tigaie cu Mămăligă,Mâncăruri Gătite & Specialități,1,56.0,56.0
ORD-202608-00382,Restaurantul Nostru,Ștrudel de Mere cu Sos de Vanilie,Desert,1,25.0,25.0
ORD-202608-00382,Restaurantul Nostru,Salată Grecească,Salate,1,34.0,34.0
ORD-202608-00382,Restaurantul Nostru,Ciorbă Rădăuțeană de Pui,Ciorbe & Supe,1,26.0,26.0
ORD-202608-00383,Restaurantul Nostru,Platou Cârnați Asortați,Cârnați & Platouri,2,95.0,190.0
ORD-202608-00383,Restaurantul Nostru,Bere Ciuc Premium la Draught 0.4L,Băuturi Alcoolice & Bere,2,14.0,28.0
ORD-202608-00383,Restaurantul Nostru,Țuică de Prune Ardelenească 50ml,Băuturi Alcoolice & Bere,1,18.0,18.0
ORD-202608-00383,Restaurantul Nostru,Salată de Ardei Copți,Salate,1,16.0,16.0
ORD-202608-00384,Restaurantul Nostru,Iahnie de Fasole cu Bacon,Garnituri,2,16.0,32.0
ORD-202608-00384,Restaurantul Nostru,Salată Grecească,Salate,1,34.0,34.0
ORD-202608-00384,Restaurantul Nostru,Salată de Ardei Copți,Salate,2,16.0,32.0
ORD-202608-00384,Restaurantul Nostru,Ciorbă de Perișoare,Ciorbe & Supe,1,24.0,24.0
ORD-202608-00385,Restaurantul Nostru,Frigărui de Berbecuț,Preparate la Grătar & Mici,1,58.0,58.0
ORD-202608-00385,Restaurantul Nostru,Coș de Pâine de Casă,Sosuri & Extra,1,7.0,7.0
ORD-202608-00386,Restaurantul Nostru,Piure de Cartofi cu Unt,Garnituri,1,16.0,16.0
ORD-202608-00386,Restaurantul Nostru,Ciorbă de Văcuță,Ciorbe & Supe,1,25.0,25.0
ORD-202608-00387,Restaurantul Nostru,Sarmale Românești în Foi de Varză (4 buc),Mâncăruri Gătite & Specialități,1,44.0,44.0
ORD-202608-00387,Restaurantul Nostru,Lava Cake cu Înghețată de Vanilie,Desert,2,28.0,56.0
ORD-202608-00387,Restaurantul Nostru,Platou Cârnați Asortați,Cârnați & Platouri,1,95.0,95.0
ORD-202608-00387,Restaurantul Nostru,Salată de Vinete Coapte pe Plită,Aperitive & Gustări,1,24.0,24.0
ORD-202608-00388,Restaurantul Nostru,Sos Barbeque,Sosuri & Extra,1,6.0,6.0
ORD-202608-00388,Restaurantul Nostru,Salată de Ardei Copți,Salate,2,16.0,32.0
ORD-202608-00388,Restaurantul Nostru,Piept de Pui la Grătar,Preparate la Grătar & Mici,1,34.0,34.0
ORD-202608-00389,Restaurantul Nostru,Mici de Oaie și Vită (1 buc),Preparate la Grătar & Mici,1,8.5,8.5
ORD-202608-00389,Restaurantul Nostru,Salată de Vinete Coapte pe Plită,Aperitive & Gustări,2,24.0,48.0
ORD-202608-00389,Restaurantul Nostru,Espresso Scurt / Lung Julius Meinl,Băuturi Răcoritoare & Cafea,2,12.0,24.0
ORD-202608-00389,Restaurantul Nostru,Burger Casei cu Cartofi Prăjiți,Mâncăruri Gătite & Specialități,1,49.0,49.0
ORD-202608-00390,Restaurantul Nostru,Espresso Scurt / Lung Julius Meinl,Băuturi Răcoritoare & Cafea,1,12.0,12.0
ORD-202608-00390,Restaurantul Nostru,Coca-Cola / Coca-Cola Zero 0.33L,Băuturi Răcoritoare & Cafea,1,12.0,12.0
ORD-202608-00390,Restaurantul Nostru,Salată Grecească,Salate,1,34.0,34.0
ORD-202608-00390,Restaurantul Nostru,Papanași cu Smântână și Dulceață de Afine (2 buc),Desert,1,32.0,32.0
ORD-202608-00391,Restaurantul Nostru,Vin Purcari Rară Neagră Sticlă 0.75L,Băuturi Alcoolice & Bere,1,95.0,95.0
ORD-202608-00391,Restaurantul Nostru,Coca-Cola / Coca-Cola Zero 0.33L,Băuturi Răcoritoare & Cafea,1,12.0,12.0
ORD-202608-00391,Restaurantul Nostru,Mici Românești de Vită-Porc (1 buc),Preparate la Grătar & Mici,1,7.5,7.5
ORD-202608-00391,Restaurantul Nostru,Ciorbă de Burtiță Tradițională,Ciorbe & Supe,1,28.0,28.0
ORD-202608-00392,Restaurantul Nostru,Papanași cu Smântână și Dulceață de Afine (2 buc),Desert,1,32.0,32.0
ORD-202608-00392,Restaurantul Nostru,Clătite cu Finetti și Banane (2 buc),Desert,1,22.0,22.0
ORD-202608-00392,Restaurantul Nostru,Sos Barbeque,Sosuri & Extra,1,6.0,6.0
ORD-202608-00392,Restaurantul Nostru,Mici Românești de Vită-Porc (1 buc),Preparate la Grătar & Mici,1,7.5,7.5
ORD-202608-00393,Restaurantul Nostru,Salată Grecească,Salate,1,34.0,34.0
ORD-202608-00393,Restaurantul Nostru,Muștar Clasic,Sosuri & Extra,2,4.0,8.0
ORD-202608-00393,Restaurantul Nostru,Coca-Cola / Coca-Cola Zero 0.33L,Băuturi Răcoritoare & Cafea,1,12.0,12.0
ORD-202608-00394,Restaurantul Nostru,Apă Minerală / Plată Borsec 0.5L,Băuturi Răcoritoare & Cafea,1,10.0,10.0
ORD-202608-00394,Restaurantul Nostru,Salată Grecească,Salate,1,34.0,34.0
ORD-202608-00394,Restaurantul Nostru,Mujdei de Usturoi Tradițional,Sosuri & Extra,3,5.0,15.0
ORD-202608-00394,Restaurantul Nostru,Ceafă de Porc la Grătar,Preparate la Grătar & Mici,1,38.0,38.0
ORD-202608-00395,Restaurantul Nostru,Salată Grecească,Salate,1,34.0,34.0
ORD-202608-00395,Restaurantul Nostru,Tochitură Moldovenească cu Mămăligă,Mâncăruri Gătite & Specialități,1,48.0,48.0
ORD-202608-00395,Restaurantul Nostru,Sos Barbeque,Sosuri & Extra,1,6.0,6.0
ORD-202608-00395,Restaurantul Nostru,Cappuccino cu Spumă de Lapte,Băuturi Răcoritoare & Cafea,1,15.0,15.0
ORD-202608-00396,Restaurantul Nostru,Fasole Bătută cu Ceapă Călită,Aperitive & Gustări,1,20.0,20.0
ORD-202608-00396,Restaurantul Nostru,Bere Ciuc Premium la Draught 0.4L,Băuturi Alcoolice & Bere,1,14.0,14.0
ORD-202608-00397,Restaurantul Nostru,Varză Călită în Vin cu Chimen,Garnituri,1,15.0,15.0
ORD-202608-00397,Restaurantul Nostru,Mujdei de Usturoi Tradițional,Sosuri & Extra,1,5.0,5.0
ORD-202608-00397,Restaurantul Nostru,Sarmale Românești în Foi de Varză (4 buc),Mâncăruri Gătite & Specialități,1,44.0,44.0
ORD-202608-00397,Restaurantul Nostru,Cappuccino cu Spumă de Lapte,Băuturi Răcoritoare & Cafea,1,15.0,15.0
ORD-202608-00397,Restaurantul Nostru,Lava Cake cu Înghețată de Vanilie,Desert,1,28.0,28.0
ORD-202608-00398,Restaurantul Nostru,Sos Barbeque,Sosuri & Extra,1,6.0,6.0
ORD-202608-00398,Restaurantul Nostru,Coca-Cola / Coca-Cola Zero 0.33L,Băuturi Răcoritoare & Cafea,1,12.0,12.0
ORD-202608-00399,Restaurantul Nostru,Pachet Vinul Casei Fetească Regală 1L,Băuturi Alcoolice & Bere,1,55.0,55.0
ORD-202608-00399,Restaurantul Nostru,Mici Românești de Vită-Porc (1 buc),Preparate la Grătar & Mici,1,7.5,7.5
ORD-202608-00399,Restaurantul Nostru,Papanași cu Smântână și Dulceață de Afine (2 buc),Desert,1,32.0,32.0
ORD-202608-00399,Restaurantul Nostru,Piure de Cartofi cu Unt,Garnituri,1,16.0,16.0
ORD-202608-00400,Restaurantul Nostru,Clătite cu Finetti și Banane (2 buc),Desert,1,22.0,22.0
ORD-202608-00400,Restaurantul Nostru,Ciorbă de Perișoare,Ciorbe & Supe,1,24.0,24.0
ORD-202608-00401,Restaurantul Nostru,Platou Gustări Rece Tradiționale,Cârnați & Platouri,2,85.0,170.0
ORD-202608-00401,Restaurantul Nostru,Șnițel Gigant de Pui Pane,Mâncăruri Gătite & Specialități,2,36.0,72.0
ORD-202608-00401,Restaurantul Nostru,Mici Românești de Vită-Porc (1 buc),Preparate la Grătar & Mici,1,7.5,7.5
ORD-202608-00401,Restaurantul Nostru,Apă Minerală / Plată Borsec 0.5L,Băuturi Răcoritoare & Cafea,2,10.0,20.0
ORD-202608-00402,Restaurantul Nostru,Mici Românești de Vită-Porc (1 buc),Preparate la Grătar & Mici,1,7.5,7.5
ORD-202608-00402,Restaurantul Nostru,Piept de Pui la Grătar,Preparate la Grătar & Mici,2,34.0,68.0
ORD-202608-00402,Restaurantul Nostru,Frigărui de Berbecuț,Preparate la Grătar & Mici,1,58.0,58.0
ORD-202608-00402,Restaurantul Nostru,Bulz Ardelenesc la Grătar,Aperitive & Gustări,1,32.0,32.0
ORD-202608-00402,Restaurantul Nostru,Ștrudel de Mere cu Sos de Vanilie,Desert,2,25.0,50.0
ORD-202608-00403,Restaurantul Nostru,Fasole Bătută cu Ceapă Călită,Aperitive & Gustări,1,20.0,20.0
ORD-202608-00403,Restaurantul Nostru,Piept de Pui la Grătar,Preparate la Grătar & Mici,2,34.0,68.0
ORD-202608-00403,Restaurantul Nostru,Ștrudel de Mere cu Sos de Vanilie,Desert,2,25.0,50.0
ORD-202608-00403,Restaurantul Nostru,Cașcaval Pane Crocant,Aperitive & Gustări,1,28.0,28.0
ORD-202608-00403,Restaurantul Nostru,Bere Ciuc Premium la Draught 0.4L,Băuturi Alcoolice & Bere,1,14.0,14.0
ORD-202608-00404,Restaurantul Nostru,Ciorbă Rădăuțeană de Pui,Ciorbe & Supe,1,26.0,26.0
ORD-202608-00404,Restaurantul Nostru,Bere Nepasteurizată Zăganu 0.5L,Băuturi Alcoolice & Bere,2,22.0,44.0
ORD-202608-00404,Restaurantul Nostru,Lava Cake cu Înghețată de Vanilie,Desert,1,28.0,28.0
ORD-202608-00405,Restaurantul Nostru,Pastramă de Oaie la Tigaie cu Mămăligă,Mâncăruri Gătite & Specialități,2,56.0,112.0
ORD-202608-00405,Restaurantul Nostru,Piept de Pui la Grătar,Preparate la Grătar & Mici,2,34.0,68.0
ORD-202608-00405,Restaurantul Nostru,Țuică de Prune Ardelenească 50ml,Băuturi Alcoolice & Bere,3,18.0,54.0
ORD-202608-00405,Restaurantul Nostru,Bulz Ardelenesc la Grătar,Aperitive & Gustări,1,32.0,32.0
ORD-202608-00406,Restaurantul Nostru,Coș de Pâine de Casă,Sosuri & Extra,1,7.0,7.0
ORD-202608-00406,Restaurantul Nostru,Cartofi Prăjiți cu Usturoi și Parmezan,Garnituri,1,18.0,18.0
ORD-202608-00406,Restaurantul Nostru,Ciorbă de Văcuță,Ciorbe & Supe,2,25.0,50.0
ORD-202608-00406,Restaurantul Nostru,Clătite cu Finetti și Banane (2 buc),Desert,1,22.0,22.0
ORD-202608-00406,Restaurantul Nostru,Tochitură Moldovenească cu Mămăligă,Mâncăruri Gătite & Specialități,1,48.0,48.0
ORD-202608-00407,Restaurantul Nostru,Ciorbă de Perișoare,Ciorbe & Supe,1,24.0,24.0
ORD-202608-00407,Restaurantul Nostru,Mămăliguță Caldă,Garnituri,2,8.0,16.0
ORD-202608-00407,Restaurantul Nostru,Frigărui de Berbecuț,Preparate la Grătar & Mici,1,58.0,58.0
ORD-202608-00407,Restaurantul Nostru,Pachet Vinul Casei Fetească Regală 1L,Băuturi Alcoolice & Bere,1,55.0,55.0
ORD-202608-00407,Restaurantul Nostru,Bere Nepasteurizată Zăganu 0.5L,Băuturi Alcoolice & Bere,1,22.0,22.0
ORD-202608-00408,Restaurantul Nostru,Ciorbă Rădăuțeană de Pui,Ciorbe & Supe,1,26.0,26.0
ORD-202608-00408,Restaurantul Nostru,Lava Cake cu Înghețată de Vanilie,Desert,1,28.0,28.0
ORD-202608-00408,Restaurantul Nostru,Piept de Pui la Grătar,Preparate la Grătar & Mici,2,34.0,68.0
ORD-202608-00408,Restaurantul Nostru,Bulz Ardelenesc la Grătar,Aperitive & Gustări,1,32.0,32.0
ORD-202608-00409,Restaurantul Nostru,Espresso Scurt / Lung Julius Meinl,Băuturi Răcoritoare & Cafea,2,12.0,24.0
ORD-202608-00409,Restaurantul Nostru,Coca-Cola / Coca-Cola Zero 0.33L,Băuturi Răcoritoare & Cafea,1,12.0,12.0
ORD-202608-00409,Restaurantul Nostru,Piept de Pui la Grătar,Preparate la Grătar & Mici,1,34.0,34.0
ORD-202608-00409,Restaurantul Nostru,Țuică de Prune Ardelenească 50ml,Băuturi Alcoolice & Bere,1,18.0,18.0
ORD-202608-00409,Restaurantul Nostru,Cașcaval Pane Crocant,Aperitive & Gustări,1,28.0,28.0
ORD-202608-00410,Restaurantul Nostru,Salată Grecească,Salate,1,34.0,34.0
ORD-202608-00410,Restaurantul Nostru,Burger Casei cu Cartofi Prăjiți,Mâncăruri Gătite & Specialități,1,49.0,49.0
ORD-202608-00410,Restaurantul Nostru,Ciorbă Rădăuțeană de Pui,Ciorbe & Supe,2,26.0,52.0
ORD-202608-00410,Restaurantul Nostru,Cașcaval Pane Crocant,Aperitive & Gustări,1,28.0,28.0
ORD-202608-00410,Restaurantul Nostru,Piure de Cartofi cu Unt,Garnituri,2,16.0,32.0
ORD-202608-00411,Restaurantul Nostru,Apă Minerală / Plată Borsec 0.5L,Băuturi Răcoritoare & Cafea,1,10.0,10.0
ORD-202608-00411,Restaurantul Nostru,Mici de Oaie și Vită (1 buc),Preparate la Grătar & Mici,1,8.5,8.5
ORD-202608-00411,Restaurantul Nostru,Piure de Cartofi cu Unt,Garnituri,2,16.0,32.0
ORD-202608-00411,Restaurantul Nostru,Varză Călită în Vin cu Chimen,Garnituri,1,15.0,15.0
ORD-202608-00412,Restaurantul Nostru,Bere Heineken 0.33L,Băuturi Alcoolice & Bere,1,16.0,16.0
ORD-202608-00412,Restaurantul Nostru,Iahnie de Fasole cu Bacon,Garnituri,1,16.0,16.0
ORD-202608-00412,Restaurantul Nostru,Cartofi Prăjiți cu Usturoi și Parmezan,Garnituri,1,18.0,18.0
ORD-202608-00413,Restaurantul Nostru,Platou Gustări Rece Tradiționale,Cârnați & Platouri,2,85.0,170.0
ORD-202608-00413,Restaurantul Nostru,Salată de Ardei Copți,Salate,1,16.0,16.0
ORD-202608-00414,Restaurantul Nostru,Ciorbă de Burtiță Tradițională,Ciorbe & Supe,1,28.0,28.0
ORD-202608-00414,Restaurantul Nostru,Salată Caesar cu Pui la Grătar,Salate,1,38.0,38.0
ORD-202608-00415,Restaurantul Nostru,Tochitură Moldovenească cu Mămăligă,Mâncăruri Gătite & Specialități,1,48.0,48.0
ORD-202608-00415,Restaurantul Nostru,Ciorbă de Văcuță,Ciorbe & Supe,2,25.0,50.0
ORD-202608-00415,Restaurantul Nostru,Limonadă Proaspătă cu Miere și Mentă 0.5L,Băuturi Răcoritoare & Cafea,2,20.0,40.0
ORD-202608-00415,Restaurantul Nostru,Burger Casei cu Cartofi Prăjiți,Mâncăruri Gătite & Specialități,2,49.0,98.0
ORD-202608-00416,Restaurantul Nostru,Papanași cu Smântână și Dulceață de Afine (2 buc),Desert,1,32.0,32.0
ORD-202608-00416,Restaurantul Nostru,Mujdei de Usturoi Tradițional,Sosuri & Extra,1,5.0,5.0
ORD-202608-00416,Restaurantul Nostru,Cartofi Prăjiți cu Usturoi și Parmezan,Garnituri,1,18.0,18.0
ORD-202608-00416,Restaurantul Nostru,Tochitură Moldovenească cu Mămăligă,Mâncăruri Gătite & Specialități,3,48.0,144.0
ORD-202608-00416,Restaurantul Nostru,Șnițel Gigant de Pui Pane,Mâncăruri Gătite & Specialități,1,36.0,36.0
ORD-202608-00417,Restaurantul Nostru,Salată de Murături Asortate,Salate,1,14.0,14.0
ORD-202608-00417,Restaurantul Nostru,Frăție de Mici & Cârnați,Preparate la Grătar & Mici,1,54.0,54.0
ORD-202608-00417,Restaurantul Nostru,Salată de Ardei Copți,Salate,1,16.0,16.0
ORD-202608-00417,Restaurantul Nostru,Limonadă Proaspătă cu Miere și Mentă 0.5L,Băuturi Răcoritoare & Cafea,1,20.0,20.0
ORD-202608-00417,Restaurantul Nostru,Mujdei de Usturoi Tradițional,Sosuri & Extra,1,5.0,5.0
ORD-202608-00418,Restaurantul Nostru,Platou Boieresc (2-3 persoane),Cârnați & Platouri,1,145.0,145.0
ORD-202608-00418,Restaurantul Nostru,Salată de Ardei Copți,Salate,1,16.0,16.0
ORD-202608-00418,Restaurantul Nostru,Cașcaval Pane Crocant,Aperitive & Gustări,2,28.0,56.0
ORD-202608-00419,Restaurantul Nostru,Bulz Ardelenesc la Grătar,Aperitive & Gustări,1,32.0,32.0
ORD-202608-00419,Restaurantul Nostru,Lava Cake cu Înghețată de Vanilie,Desert,2,28.0,56.0
ORD-202608-00419,Restaurantul Nostru,Piure de Cartofi cu Unt,Garnituri,1,16.0,16.0
ORD-202608-00420,Restaurantul Nostru,Espresso Scurt / Lung Julius Meinl,Băuturi Răcoritoare & Cafea,2,12.0,24.0
ORD-202608-00420,Restaurantul Nostru,Pachet Vinul Casei Fetească Regală 1L,Băuturi Alcoolice & Bere,1,55.0,55.0
ORD-202608-00420,Restaurantul Nostru,Cappuccino cu Spumă de Lapte,Băuturi Răcoritoare & Cafea,1,15.0,15.0
ORD-202608-00421,Restaurantul Nostru,Varză Călită în Vin cu Chimen,Garnituri,2,15.0,30.0
ORD-202608-00421,Restaurantul Nostru,Ciorbă de Perișoare,Ciorbe & Supe,1,24.0,24.0
ORD-202608-00421,Restaurantul Nostru,Clătite cu Finetti și Banane (2 buc),Desert,1,22.0,22.0
ORD-202608-00421,Restaurantul Nostru,Țuică de Prune Ardelenească 50ml,Băuturi Alcoolice & Bere,1,18.0,18.0
ORD-202608-00422,Restaurantul Nostru,Coș de Pâine de Casă,Sosuri & Extra,2,7.0,14.0
ORD-202608-00422,Restaurantul Nostru,Vin Purcari Rară Neagră Sticlă 0.75L,Băuturi Alcoolice & Bere,1,95.0,95.0
ORD-202608-00422,Restaurantul Nostru,Frăție de Mici & Cârnați,Preparate la Grătar & Mici,1,54.0,54.0
ORD-202608-00422,Restaurantul Nostru,Cartofi Prăjiți cu Usturoi și Parmezan,Garnituri,1,18.0,18.0
ORD-202608-00422,Restaurantul Nostru,Ciolan de Porc Rumexit la Cuptor,Mâncăruri Gătite & Specialități,1,78.0,78.0
ORD-202608-00423,Restaurantul Nostru,Fasole Bătută cu Ceapă Călită,Aperitive & Gustări,1,20.0,20.0
ORD-202608-00423,Restaurantul Nostru,Sos Barbeque,Sosuri & Extra,1,6.0,6.0
ORD-202608-00423,Restaurantul Nostru,Salată de Ardei Copți,Salate,2,16.0,32.0
ORD-202608-00423,Restaurantul Nostru,Frăție de Mici & Cârnați,Preparate la Grătar & Mici,1,54.0,54.0
ORD-202608-00423,Restaurantul Nostru,Cappuccino cu Spumă de Lapte,Băuturi Răcoritoare & Cafea,1,15.0,15.0
ORD-202608-00424,Restaurantul Nostru,Mujdei de Usturoi Tradițional,Sosuri & Extra,1,5.0,5.0
ORD-202608-00424,Restaurantul Nostru,Ciolan de Porc Rumexit la Cuptor,Mâncăruri Gătite & Specialități,1,78.0,78.0
ORD-202608-00424,Restaurantul Nostru,Cartofi Prăjiți cu Usturoi și Parmezan,Garnituri,2,18.0,36.0
ORD-202608-00424,Restaurantul Nostru,Iahnie de Fasole cu Bacon,Garnituri,1,16.0,16.0
ORD-202608-00424,Restaurantul Nostru,Coș de Pâine de Casă,Sosuri & Extra,1,7.0,7.0
ORD-202608-00425,Restaurantul Nostru,Mujdei de Usturoi Tradițional,Sosuri & Extra,1,5.0,5.0
ORD-202608-00425,Restaurantul Nostru,Țuică de Prune Ardelenească 50ml,Băuturi Alcoolice & Bere,1,18.0,18.0
ORD-202608-00425,Restaurantul Nostru,Bere Heineken 0.33L,Băuturi Alcoolice & Bere,1,16.0,16.0
ORD-202608-00426,Restaurantul Nostru,Pachet Vinul Casei Fetească Regală 1L,Băuturi Alcoolice & Bere,2,55.0,110.0
ORD-202608-00426,Restaurantul Nostru,Muștar Clasic,Sosuri & Extra,1,4.0,4.0
ORD-202608-00427,Restaurantul Nostru,Platou Cârnați Asortați,Cârnați & Platouri,1,95.0,95.0
ORD-202608-00427,Restaurantul Nostru,Ștrudel de Mere cu Sos de Vanilie,Desert,1,25.0,25.0
ORD-202608-00427,Restaurantul Nostru,Bere Nepasteurizată Zăganu 0.5L,Băuturi Alcoolice & Bere,1,22.0,22.0
ORD-202608-00428,Restaurantul Nostru,Apă Minerală / Plată Borsec 0.5L,Băuturi Răcoritoare & Cafea,1,10.0,10.0
ORD-202608-00428,Restaurantul Nostru,Ciorbă de Burtiță Tradițională,Ciorbe & Supe,1,28.0,28.0
ORD-202608-00428,Restaurantul Nostru,Espresso Scurt / Lung Julius Meinl,Băuturi Răcoritoare & Cafea,2,12.0,24.0
ORD-202608-00428,Restaurantul Nostru,Salată Grecească,Salate,2,34.0,68.0
ORD-202608-00428,Restaurantul Nostru,Limonadă Proaspătă cu Miere și Mentă 0.5L,Băuturi Răcoritoare & Cafea,1,20.0,20.0
ORD-202608-00429,Restaurantul Nostru,Ciorbă Rădăuțeană de Pui,Ciorbe & Supe,1,26.0,26.0
ORD-202608-00429,Restaurantul Nostru,Ceafă de Porc la Grătar,Preparate la Grătar & Mici,1,38.0,38.0
ORD-202608-00430,Restaurantul Nostru,Tochitură Moldovenească cu Mămăligă,Mâncăruri Gătite & Specialități,1,48.0,48.0
ORD-202608-00430,Restaurantul Nostru,Smântână Proaspătă 20%,Sosuri & Extra,1,5.0,5.0
ORD-202608-00430,Restaurantul Nostru,Vin Purcari Rară Neagră Sticlă 0.75L,Băuturi Alcoolice & Bere,1,95.0,95.0
ORD-202608-00431,Restaurantul Nostru,Lava Cake cu Înghețată de Vanilie,Desert,3,28.0,84.0
ORD-202608-00431,Restaurantul Nostru,Cappuccino cu Spumă de Lapte,Băuturi Răcoritoare & Cafea,1,15.0,15.0
ORD-202608-00431,Restaurantul Nostru,Salată Caesar cu Pui la Grătar,Salate,1,38.0,38.0
ORD-202608-00432,Restaurantul Nostru,Bere Nepasteurizată Zăganu 0.5L,Băuturi Alcoolice & Bere,1,22.0,22.0
ORD-202608-00432,Restaurantul Nostru,Vin Purcari Rară Neagră Sticlă 0.75L,Băuturi Alcoolice & Bere,1,95.0,95.0
ORD-202608-00432,Restaurantul Nostru,Muștar Clasic,Sosuri & Extra,2,4.0,8.0
ORD-202608-00433,Restaurantul Nostru,Frăție de Mici & Cârnați,Preparate la Grătar & Mici,1,54.0,54.0
ORD-202608-00433,Restaurantul Nostru,Mici Românești de Vită-Porc (1 buc),Preparate la Grătar & Mici,1,7.5,7.5
ORD-202608-00433,Restaurantul Nostru,Sarmale Românești în Foi de Varză (4 buc),Mâncăruri Gătite & Specialități,1,44.0,44.0
ORD-202608-00433,Restaurantul Nostru,Țuică de Prune Ardelenească 50ml,Băuturi Alcoolice & Bere,1,18.0,18.0
ORD-202608-00434,Restaurantul Nostru,Ștrudel de Mere cu Sos de Vanilie,Desert,1,25.0,25.0
ORD-202608-00434,Restaurantul Nostru,Bere Ciuc Premium la Draught 0.4L,Băuturi Alcoolice & Bere,2,14.0,28.0
ORD-202608-00434,Restaurantul Nostru,Tochitură Moldovenească cu Mămăligă,Mâncăruri Gătite & Specialități,1,48.0,48.0
ORD-202608-00434,Restaurantul Nostru,Pachet Vinul Casei Fetească Regală 1L,Băuturi Alcoolice & Bere,1,55.0,55.0
ORD-202608-00434,Restaurantul Nostru,Ceafă de Porc la Grătar,Preparate la Grătar & Mici,1,38.0,38.0
ORD-202608-00435,Restaurantul Nostru,Varză Călită în Vin cu Chimen,Garnituri,2,15.0,30.0
ORD-202608-00435,Restaurantul Nostru,Șnițel Gigant de Pui Pane,Mâncăruri Gătite & Specialități,1,36.0,36.0
ORD-202608-00435,Restaurantul Nostru,Bere Nepasteurizată Zăganu 0.5L,Băuturi Alcoolice & Bere,1,22.0,22.0
ORD-202608-00436,Restaurantul Nostru,Burger Casei cu Cartofi Prăjiți,Mâncăruri Gătite & Specialități,1,49.0,49.0
ORD-202608-00436,Restaurantul Nostru,Salată de Vinete Coapte pe Plită,Aperitive & Gustări,1,24.0,24.0
ORD-202608-00436,Restaurantul Nostru,Lava Cake cu Înghețată de Vanilie,Desert,1,28.0,28.0
ORD-202608-00437,Restaurantul Nostru,Pastramă de Oaie la Tigaie cu Mămăligă,Mâncăruri Gătite & Specialități,1,56.0,56.0
ORD-202608-00437,Restaurantul Nostru,Frăție de Mici & Cârnați,Preparate la Grătar & Mici,2,54.0,108.0
ORD-202608-00437,Restaurantul Nostru,Ciorbă de Burtiță Tradițională,Ciorbe & Supe,1,28.0,28.0
ORD-202608-00437,Restaurantul Nostru,Salată Grecească,Salate,1,34.0,34.0
ORD-202608-00438,Restaurantul Nostru,Mujdei de Usturoi Tradițional,Sosuri & Extra,1,5.0,5.0
ORD-202608-00438,Restaurantul Nostru,Platou Gustări Rece Tradiționale,Cârnați & Platouri,2,85.0,170.0
ORD-202608-00438,Restaurantul Nostru,Salată Grecească,Salate,2,34.0,68.0
ORD-202608-00439,Restaurantul Nostru,Mujdei de Usturoi Tradițional,Sosuri & Extra,1,5.0,5.0
ORD-202608-00439,Restaurantul Nostru,Salată de Vinete Coapte pe Plită,Aperitive & Gustări,3,24.0,72.0
ORD-202608-00439,Restaurantul Nostru,Piure de Cartofi cu Unt,Garnituri,1,16.0,16.0
ORD-202608-00439,Restaurantul Nostru,Apă Minerală / Plată Borsec 0.5L,Băuturi Răcoritoare & Cafea,1,10.0,10.0
ORD-202608-00439,Restaurantul Nostru,Coș de Pâine de Casă,Sosuri & Extra,1,7.0,7.0
ORD-202608-00440,Restaurantul Nostru,Iahnie de Fasole cu Bacon,Garnituri,1,16.0,16.0
ORD-202608-00440,Restaurantul Nostru,Fasole Bătută cu Ceapă Călită,Aperitive & Gustări,1,20.0,20.0
ORD-202608-00440,Restaurantul Nostru,Bere Ciuc Premium la Draught 0.4L,Băuturi Alcoolice & Bere,1,14.0,14.0
ORD-202608-00440,Restaurantul Nostru,Varză Călită în Vin cu Chimen,Garnituri,1,15.0,15.0
ORD-202608-00440,Restaurantul Nostru,Țuică de Prune Ardelenească 50ml,Băuturi Alcoolice & Bere,1,18.0,18.0
ORD-202608-00441,Restaurantul Nostru,Coș de Pâine de Casă,Sosuri & Extra,1,7.0,7.0
ORD-202608-00441,Restaurantul Nostru,Salată Grecească,Salate,3,34.0,102.0
ORD-202608-00441,Restaurantul Nostru,Cârnați Picanți de Pleșcoi,Cârnați & Platouri,1,42.0,42.0
ORD-202608-00441,Restaurantul Nostru,Mămăliguță Caldă,Garnituri,1,8.0,8.0
ORD-202608-00442,Restaurantul Nostru,Bere Nepasteurizată Zăganu 0.5L,Băuturi Alcoolice & Bere,1,22.0,22.0
ORD-202608-00442,Restaurantul Nostru,Salată Caesar cu Pui la Grătar,Salate,1,38.0,38.0
ORD-202608-00442,Restaurantul Nostru,Sarmale Românești în Foi de Varză (4 buc),Mâncăruri Gătite & Specialități,1,44.0,44.0
ORD-202608-00443,Restaurantul Nostru,Limonadă Proaspătă cu Miere și Mentă 0.5L,Băuturi Răcoritoare & Cafea,1,20.0,20.0
ORD-202608-00443,Restaurantul Nostru,Șnițel Gigant de Pui Pane,Mâncăruri Gătite & Specialități,1,36.0,36.0
ORD-202608-00443,Restaurantul Nostru,Mici de Oaie și Vită (1 buc),Preparate la Grătar & Mici,1,8.5,8.5
ORD-202608-00443,Restaurantul Nostru,Salată de Murături Asortate,Salate,2,14.0,28.0
ORD-202608-00443,Restaurantul Nostru,Vin Purcari Rară Neagră Sticlă 0.75L,Băuturi Alcoolice & Bere,1,95.0,95.0
ORD-202608-00444,Restaurantul Nostru,Muștar Clasic,Sosuri & Extra,2,4.0,8.0
ORD-202608-00444,Restaurantul Nostru,Bere Heineken 0.33L,Băuturi Alcoolice & Bere,1,16.0,16.0
ORD-202608-00444,Restaurantul Nostru,Sos Barbeque,Sosuri & Extra,1,6.0,6.0
ORD-202608-00445,Restaurantul Nostru,Coca-Cola / Coca-Cola Zero 0.33L,Băuturi Răcoritoare & Cafea,1,12.0,12.0
ORD-202608-00445,Restaurantul Nostru,Țuică de Prune Ardelenească 50ml,Băuturi Alcoolice & Bere,1,18.0,18.0
ORD-202608-00446,Restaurantul Nostru,Ștrudel de Mere cu Sos de Vanilie,Desert,1,25.0,25.0
ORD-202608-00446,Restaurantul Nostru,Papanași cu Smântână și Dulceață de Afine (2 buc),Desert,1,32.0,32.0
ORD-202608-00446,Restaurantul Nostru,Bere Heineken 0.33L,Băuturi Alcoolice & Bere,1,16.0,16.0
ORD-202608-00446,Restaurantul Nostru,Clătite cu Finetti și Banane (2 buc),Desert,2,22.0,44.0
ORD-202608-00446,Restaurantul Nostru,Cartofi Prăjiți cu Usturoi și Parmezan,Garnituri,3,18.0,54.0
ORD-202608-00447,Restaurantul Nostru,Vin Purcari Rară Neagră Sticlă 0.75L,Băuturi Alcoolice & Bere,1,95.0,95.0
ORD-202608-00447,Restaurantul Nostru,Bere Ciuc Premium la Draught 0.4L,Băuturi Alcoolice & Bere,3,14.0,42.0
ORD-202608-00447,Restaurantul Nostru,Coș de Pâine de Casă,Sosuri & Extra,1,7.0,7.0
ORD-202608-00448,Restaurantul Nostru,Cappuccino cu Spumă de Lapte,Băuturi Răcoritoare & Cafea,1,15.0,15.0
ORD-202608-00448,Restaurantul Nostru,Varză Călită în Vin cu Chimen,Garnituri,2,15.0,30.0
ORD-202608-00448,Restaurantul Nostru,Salată de Vinete Coapte pe Plită,Aperitive & Gustări,1,24.0,24.0
ORD-202608-00448,Restaurantul Nostru,Piure de Cartofi cu Unt,Garnituri,1,16.0,16.0
ORD-202608-00449,Restaurantul Nostru,Coca-Cola / Coca-Cola Zero 0.33L,Băuturi Răcoritoare & Cafea,2,12.0,24.0
ORD-202608-00449,Restaurantul Nostru,Ciorbă de Burtiță Tradițională,Ciorbe & Supe,1,28.0,28.0
ORD-202608-00450,Restaurantul Nostru,Pastramă de Oaie la Tigaie cu Mămăligă,Mâncăruri Gătite & Specialități,1,56.0,56.0
ORD-202608-00450,Restaurantul Nostru,Salată Caesar cu Pui la Grătar,Salate,1,38.0,38.0
ORD-202608-00450,Restaurantul Nostru,Tochitură Moldovenească cu Mămăligă,Mâncăruri Gătite & Specialități,2,48.0,96.0
ORD-202608-00450,Restaurantul Nostru,Mici Românești de Vită-Porc (1 buc),Preparate la Grătar & Mici,1,7.5,7.5
ORD-202608-00450,Restaurantul Nostru,Platou Gustări Rece Tradiționale,Cârnați & Platouri,1,85.0,85.0
ORD-202608-00451,Restaurantul Nostru,Vin Purcari Rară Neagră Sticlă 0.75L,Băuturi Alcoolice & Bere,1,95.0,95.0
ORD-202608-00451,Restaurantul Nostru,Sos Barbeque,Sosuri & Extra,1,6.0,6.0
ORD-202608-00451,Restaurantul Nostru,Pachet Vinul Casei Fetească Regală 1L,Băuturi Alcoolice & Bere,1,55.0,55.0
ORD-202608-00451,Restaurantul Nostru,Tochitură Moldovenească cu Mămăligă,Mâncăruri Gătite & Specialități,1,48.0,48.0
ORD-202608-00451,Restaurantul Nostru,Platou Gustări Rece Tradiționale,Cârnați & Platouri,1,85.0,85.0
ORD-202608-00452,Restaurantul Nostru,Salată Caesar cu Pui la Grătar,Salate,1,38.0,38.0
ORD-202608-00452,Restaurantul Nostru,Platou Cârnați Asortați,Cârnați & Platouri,1,95.0,95.0
ORD-202608-00452,Restaurantul Nostru,Pastramă de Oaie la Tigaie cu Mămăligă,Mâncăruri Gătite & Specialități,1,56.0,56.0
ORD-202608-00452,Restaurantul Nostru,Salată de Vinete Coapte pe Plită,Aperitive & Gustări,3,24.0,72.0
ORD-202608-00452,Restaurantul Nostru,Salată de Ardei Copți,Salate,1,16.0,16.0
ORD-202608-00453,Restaurantul Nostru,Ciorbă Rădăuțeană de Pui,Ciorbe & Supe,3,26.0,78.0
ORD-202608-00453,Restaurantul Nostru,Smântână Proaspătă 20%,Sosuri & Extra,1,5.0,5.0
ORD-202608-00454,Restaurantul Nostru,Pastramă de Oaie la Tigaie cu Mămăligă,Mâncăruri Gătite & Specialități,1,56.0,56.0
ORD-202608-00454,Restaurantul Nostru,Piept de Pui la Grătar,Preparate la Grătar & Mici,1,34.0,34.0
ORD-202608-00454,Restaurantul Nostru,Ciorbă de Perișoare,Ciorbe & Supe,1,24.0,24.0
ORD-202608-00454,Restaurantul Nostru,Salată de Murături Asortate,Salate,2,14.0,28.0
ORD-202608-00455,Restaurantul Nostru,Cașcaval Pane Crocant,Aperitive & Gustări,1,28.0,28.0
ORD-202608-00455,Restaurantul Nostru,Mujdei de Usturoi Tradițional,Sosuri & Extra,1,5.0,5.0
ORD-202608-00455,Restaurantul Nostru,Piept de Pui la Grătar,Preparate la Grătar & Mici,1,34.0,34.0
ORD-202608-00455,Restaurantul Nostru,Pachet Vinul Casei Fetească Regală 1L,Băuturi Alcoolice & Bere,1,55.0,55.0
ORD-202608-00456,Restaurantul Nostru,Varză Călită în Vin cu Chimen,Garnituri,2,15.0,30.0
ORD-202608-00456,Restaurantul Nostru,Ciorbă de Văcuță,Ciorbe & Supe,1,25.0,25.0
ORD-202608-00456,Restaurantul Nostru,Mici de Oaie și Vită (1 buc),Preparate la Grătar & Mici,2,8.5,17.0
ORD-202608-00456,Restaurantul Nostru,Espresso Scurt / Lung Julius Meinl,Băuturi Răcoritoare & Cafea,1,12.0,12.0
ORD-202608-00457,Restaurantul Nostru,Ciolan de Porc Rumexit la Cuptor,Mâncăruri Gătite & Specialități,1,78.0,78.0
ORD-202608-00457,Restaurantul Nostru,Iahnie de Fasole cu Bacon,Garnituri,1,16.0,16.0
ORD-202608-00458,Restaurantul Nostru,Țuică de Prune Ardelenească 50ml,Băuturi Alcoolice & Bere,1,18.0,18.0
ORD-202608-00458,Restaurantul Nostru,Salată Caesar cu Pui la Grătar,Salate,1,38.0,38.0
ORD-202608-00459,Restaurantul Nostru,Pastramă de Oaie la Tigaie cu Mămăligă,Mâncăruri Gătite & Specialități,1,56.0,56.0
ORD-202608-00459,Restaurantul Nostru,Bulz Ardelenesc la Grătar,Aperitive & Gustări,1,32.0,32.0
ORD-202608-00459,Restaurantul Nostru,Coca-Cola / Coca-Cola Zero 0.33L,Băuturi Răcoritoare & Cafea,1,12.0,12.0
ORD-202608-00460,Restaurantul Nostru,Mici Românești de Vită-Porc (1 buc),Preparate la Grătar & Mici,1,7.5,7.5
ORD-202608-00460,Restaurantul Nostru,Varză Călită în Vin cu Chimen,Garnituri,1,15.0,15.0
ORD-202608-00460,Restaurantul Nostru,Platou Boieresc (2-3 persoane),Cârnați & Platouri,1,145.0,145.0
ORD-202608-00460,Restaurantul Nostru,Bere Nepasteurizată Zăganu 0.5L,Băuturi Alcoolice & Bere,1,22.0,22.0
ORD-202608-00460,Restaurantul Nostru,Apă Minerală / Plată Borsec 0.5L,Băuturi Răcoritoare & Cafea,1,10.0,10.0
ORD-202608-00461,Restaurantul Nostru,Coș de Pâine de Casă,Sosuri & Extra,1,7.0,7.0
ORD-202608-00461,Restaurantul Nostru,Mici de Oaie și Vită (1 buc),Preparate la Grătar & Mici,1,8.5,8.5
ORD-202608-00461,Restaurantul Nostru,Salată Caesar cu Pui la Grătar,Salate,1,38.0,38.0
ORD-202608-00462,Restaurantul Nostru,Lava Cake cu Înghețată de Vanilie,Desert,2,28.0,56.0
ORD-202608-00462,Restaurantul Nostru,Platou Gustări Rece Tradiționale,Cârnați & Platouri,1,85.0,85.0
ORD-202608-00462,Restaurantul Nostru,Ștrudel de Mere cu Sos de Vanilie,Desert,1,25.0,25.0
ORD-202608-00463,Restaurantul Nostru,Țuică de Prune Ardelenească 50ml,Băuturi Alcoolice & Bere,1,18.0,18.0
ORD-202608-00463,Restaurantul Nostru,Frăție de Mici & Cârnați,Preparate la Grătar & Mici,1,54.0,54.0
ORD-202608-00463,Restaurantul Nostru,Salată de Murături Asortate,Salate,1,14.0,14.0
ORD-202608-00463,Restaurantul Nostru,Piure de Cartofi cu Unt,Garnituri,1,16.0,16.0
ORD-202608-00464,Restaurantul Nostru,Apă Minerală / Plată Borsec 0.5L,Băuturi Răcoritoare & Cafea,1,10.0,10.0
ORD-202608-00464,Restaurantul Nostru,Bere Heineken 0.33L,Băuturi Alcoolice & Bere,1,16.0,16.0
ORD-202608-00464,Restaurantul Nostru,Pastramă de Oaie la Tigaie cu Mămăligă,Mâncăruri Gătite & Specialități,2,56.0,112.0
ORD-202608-00465,Restaurantul Nostru,Mămăliguță Caldă,Garnituri,2,8.0,16.0
ORD-202608-00465,Restaurantul Nostru,Cappuccino cu Spumă de Lapte,Băuturi Răcoritoare & Cafea,1,15.0,15.0
ORD-202608-00465,Restaurantul Nostru,Coca-Cola / Coca-Cola Zero 0.33L,Băuturi Răcoritoare & Cafea,1,12.0,12.0
ORD-202608-00465,Restaurantul Nostru,Piure de Cartofi cu Unt,Garnituri,1,16.0,16.0
ORD-202608-00465,Restaurantul Nostru,Sos Barbeque,Sosuri & Extra,1,6.0,6.0
ORD-202608-00466,Restaurantul Nostru,Tochitură Moldovenească cu Mămăligă,Mâncăruri Gătite & Specialități,1,48.0,48.0
ORD-202608-00466,Restaurantul Nostru,Frăție de Mici & Cârnați,Preparate la Grătar & Mici,1,54.0,54.0
ORD-202608-00467,Restaurantul Nostru,Sarmale Românești în Foi de Varză (4 buc),Mâncăruri Gătite & Specialități,1,44.0,44.0
ORD-202608-00467,Restaurantul Nostru,Iahnie de Fasole cu Bacon,Garnituri,1,16.0,16.0
ORD-202608-00467,Restaurantul Nostru,Coș de Pâine de Casă,Sosuri & Extra,2,7.0,14.0
ORD-202608-00467,Restaurantul Nostru,Salată de Ardei Copți,Salate,1,16.0,16.0
ORD-202608-00467,Restaurantul Nostru,Bere Nepasteurizată Zăganu 0.5L,Băuturi Alcoolice & Bere,1,22.0,22.0
ORD-202608-00468,Restaurantul Nostru,Bere Nepasteurizată Zăganu 0.5L,Băuturi Alcoolice & Bere,2,22.0,44.0
ORD-202608-00468,Restaurantul Nostru,Salată de Ardei Copți,Salate,3,16.0,48.0
ORD-202608-00468,Restaurantul Nostru,Mămăliguță Caldă,Garnituri,2,8.0,16.0
ORD-202608-00469,Restaurantul Nostru,Platou Gustări Rece Tradiționale,Cârnați & Platouri,2,85.0,170.0
ORD-202608-00469,Restaurantul Nostru,Salată Caesar cu Pui la Grătar,Salate,2,38.0,76.0
ORD-202608-00469,Restaurantul Nostru,Piept de Pui la Grătar,Preparate la Grătar & Mici,1,34.0,34.0
ORD-202608-00469,Restaurantul Nostru,Clătite cu Finetti și Banane (2 buc),Desert,1,22.0,22.0
ORD-202608-00470,Restaurantul Nostru,Mujdei de Usturoi Tradițional,Sosuri & Extra,1,5.0,5.0
ORD-202608-00470,Restaurantul Nostru,Bere Ciuc Premium la Draught 0.4L,Băuturi Alcoolice & Bere,2,14.0,28.0
ORD-202608-00470,Restaurantul Nostru,Țuică de Prune Ardelenească 50ml,Băuturi Alcoolice & Bere,1,18.0,18.0
ORD-202608-00470,Restaurantul Nostru,Tochitură Moldovenească cu Mămăligă,Mâncăruri Gătite & Specialități,1,48.0,48.0
ORD-202608-00470,Restaurantul Nostru,Frăție de Mici & Cârnați,Preparate la Grătar & Mici,1,54.0,54.0
ORD-202608-00471,Restaurantul Nostru,Pastramă de Oaie la Tigaie cu Mămăligă,Mâncăruri Gătite & Specialități,1,56.0,56.0
ORD-202608-00471,Restaurantul Nostru,Mujdei de Usturoi Tradițional,Sosuri & Extra,1,5.0,5.0
ORD-202608-00471,Restaurantul Nostru,Salată Caesar cu Pui la Grătar,Salate,1,38.0,38.0
ORD-202608-00471,Restaurantul Nostru,Bere Heineken 0.33L,Băuturi Alcoolice & Bere,1,16.0,16.0
ORD-202608-00471,Restaurantul Nostru,Salată de Vinete Coapte pe Plită,Aperitive & Gustări,2,24.0,48.0
ORD-202608-00472,Restaurantul Nostru,Piept de Pui la Grătar,Preparate la Grătar & Mici,1,34.0,34.0
ORD-202608-00472,Restaurantul Nostru,Tochitură Moldovenească cu Mămăligă,Mâncăruri Gătite & Specialități,2,48.0,96.0
ORD-202608-00472,Restaurantul Nostru,Muștar Clasic,Sosuri & Extra,1,4.0,4.0
ORD-202608-00472,Restaurantul Nostru,Salată Grecească,Salate,2,34.0,68.0
ORD-202608-00472,Restaurantul Nostru,Pachet Vinul Casei Fetească Regală 1L,Băuturi Alcoolice & Bere,1,55.0,55.0
ORD-202608-00473,Restaurantul Nostru,Sos Barbeque,Sosuri & Extra,1,6.0,6.0
ORD-202608-00473,Restaurantul Nostru,Platou Gustări Rece Tradiționale,Cârnați & Platouri,1,85.0,85.0
ORD-202608-00473,Restaurantul Nostru,Lava Cake cu Înghețată de Vanilie,Desert,1,28.0,28.0
ORD-202608-00473,Restaurantul Nostru,Frăție de Mici & Cârnați,Preparate la Grătar & Mici,1,54.0,54.0
ORD-202608-00474,Restaurantul Nostru,Bulz Ardelenesc la Grătar,Aperitive & Gustări,1,32.0,32.0
ORD-202608-00474,Restaurantul Nostru,Pastramă de Oaie la Tigaie cu Mămăligă,Mâncăruri Gătite & Specialități,2,56.0,112.0
ORD-202608-00474,Restaurantul Nostru,Piure de Cartofi cu Unt,Garnituri,1,16.0,16.0
ORD-202608-00474,Restaurantul Nostru,Salată de Ardei Copți,Salate,1,16.0,16.0
ORD-202608-00475,Restaurantul Nostru,Muștar Clasic,Sosuri & Extra,1,4.0,4.0
ORD-202608-00475,Restaurantul Nostru,Piept de Pui la Grătar,Preparate la Grătar & Mici,1,34.0,34.0
ORD-202608-00475,Restaurantul Nostru,Ștrudel de Mere cu Sos de Vanilie,Desert,1,25.0,25.0
ORD-202608-00475,Restaurantul Nostru,Platou Cârnați Asortați,Cârnați & Platouri,1,95.0,95.0
ORD-202608-00475,Restaurantul Nostru,Cappuccino cu Spumă de Lapte,Băuturi Răcoritoare & Cafea,1,15.0,15.0
ORD-202608-00476,Restaurantul Nostru,Țuică de Prune Ardelenească 50ml,Băuturi Alcoolice & Bere,3,18.0,54.0
ORD-202608-00476,Restaurantul Nostru,Apă Minerală / Plată Borsec 0.5L,Băuturi Răcoritoare & Cafea,3,10.0,30.0
ORD-202608-00476,Restaurantul Nostru,Limonadă Proaspătă cu Miere și Mentă 0.5L,Băuturi Răcoritoare & Cafea,1,20.0,20.0
ORD-202608-00476,Restaurantul Nostru,Platou Cârnați Asortați,Cârnați & Platouri,1,95.0,95.0
ORD-202608-00476,Restaurantul Nostru,Mămăliguță Caldă,Garnituri,1,8.0,8.0
ORD-202608-00477,Restaurantul Nostru,Platou Gustări Rece Tradiționale,Cârnați & Platouri,1,85.0,85.0
ORD-202608-00477,Restaurantul Nostru,Papanași cu Smântână și Dulceață de Afine (2 buc),Desert,1,32.0,32.0
ORD-202608-00478,Restaurantul Nostru,Ciolan de Porc Rumexit la Cuptor,Mâncăruri Gătite & Specialități,1,78.0,78.0
ORD-202608-00478,Restaurantul Nostru,Piure de Cartofi cu Unt,Garnituri,1,16.0,16.0
ORD-202608-00478,Restaurantul Nostru,Platou Cârnați Asortați,Cârnați & Platouri,1,95.0,95.0
ORD-202608-00479,Restaurantul Nostru,Pastramă de Oaie la Tigaie cu Mămăligă,Mâncăruri Gătite & Specialități,1,56.0,56.0
ORD-202608-00479,Restaurantul Nostru,Bulz Ardelenesc la Grătar,Aperitive & Gustări,3,32.0,96.0
ORD-202608-00479,Restaurantul Nostru,Varză Călită în Vin cu Chimen,Garnituri,1,15.0,15.0
ORD-202608-00480,Restaurantul Nostru,Sarmale Românești în Foi de Varză (4 buc),Mâncăruri Gătite & Specialități,2,44.0,88.0
ORD-202608-00480,Restaurantul Nostru,Piure de Cartofi cu Unt,Garnituri,1,16.0,16.0
ORD-202608-00481,Restaurantul Nostru,Mujdei de Usturoi Tradițional,Sosuri & Extra,1,5.0,5.0
ORD-202608-00481,Restaurantul Nostru,Țuică de Prune Ardelenească 50ml,Băuturi Alcoolice & Bere,1,18.0,18.0
ORD-202608-00481,Restaurantul Nostru,Salată Grecească,Salate,1,34.0,34.0
ORD-202608-00481,Restaurantul Nostru,Salată de Ardei Copți,Salate,1,16.0,16.0
ORD-202608-00481,Restaurantul Nostru,Șnițel Gigant de Pui Pane,Mâncăruri Gătite & Specialități,1,36.0,36.0
ORD-202608-00482,Restaurantul Nostru,Bere Nepasteurizată Zăganu 0.5L,Băuturi Alcoolice & Bere,1,22.0,22.0
ORD-202608-00482,Restaurantul Nostru,Salată Caesar cu Pui la Grătar,Salate,1,38.0,38.0
ORD-202608-00482,Restaurantul Nostru,Sos Barbeque,Sosuri & Extra,1,6.0,6.0
ORD-202608-00482,Restaurantul Nostru,Vin Purcari Rară Neagră Sticlă 0.75L,Băuturi Alcoolice & Bere,1,95.0,95.0
ORD-202608-00482,Restaurantul Nostru,Piure de Cartofi cu Unt,Garnituri,1,16.0,16.0
ORD-202608-00483,Restaurantul Nostru,Piept de Pui la Grătar,Preparate la Grătar & Mici,2,34.0,68.0
ORD-202608-00483,Restaurantul Nostru,Espresso Scurt / Lung Julius Meinl,Băuturi Răcoritoare & Cafea,1,12.0,12.0
ORD-202608-00483,Restaurantul Nostru,Papanași cu Smântână și Dulceață de Afine (2 buc),Desert,1,32.0,32.0
ORD-202608-00483,Restaurantul Nostru,Ciorbă de Văcuță,Ciorbe & Supe,1,25.0,25.0
ORD-202608-00484,Restaurantul Nostru,Mici Românești de Vită-Porc (1 buc),Preparate la Grătar & Mici,1,7.5,7.5
ORD-202608-00484,Restaurantul Nostru,Mici de Oaie și Vită (1 buc),Preparate la Grătar & Mici,1,8.5,8.5
ORD-202608-00484,Restaurantul Nostru,Frigărui de Berbecuț,Preparate la Grătar & Mici,1,58.0,58.0
ORD-202608-00484,Restaurantul Nostru,Apă Minerală / Plată Borsec 0.5L,Băuturi Răcoritoare & Cafea,1,10.0,10.0
ORD-202608-00485,Restaurantul Nostru,Șnițel Gigant de Pui Pane,Mâncăruri Gătite & Specialități,1,36.0,36.0
ORD-202608-00485,Restaurantul Nostru,Pastramă de Oaie la Tigaie cu Mămăligă,Mâncăruri Gătite & Specialități,1,56.0,56.0
ORD-202608-00485,Restaurantul Nostru,Ciorbă de Perișoare,Ciorbe & Supe,2,24.0,48.0
ORD-202608-00486,Restaurantul Nostru,Piure de Cartofi cu Unt,Garnituri,1,16.0,16.0
ORD-202608-00486,Restaurantul Nostru,Salată de Vinete Coapte pe Plită,Aperitive & Gustări,1,24.0,24.0
ORD-202608-00487,Restaurantul Nostru,Papanași cu Smântână și Dulceață de Afine (2 buc),Desert,3,32.0,96.0
ORD-202608-00487,Restaurantul Nostru,Clătite cu Finetti și Banane (2 buc),Desert,2,22.0,44.0
ORD-202608-00487,Restaurantul Nostru,Pastramă de Oaie la Tigaie cu Mămăligă,Mâncăruri Gătite & Specialități,1,56.0,56.0
ORD-202608-00488,Restaurantul Nostru,Apă Minerală / Plată Borsec 0.5L,Băuturi Răcoritoare & Cafea,1,10.0,10.0
ORD-202608-00488,Restaurantul Nostru,Tochitură Moldovenească cu Mămăligă,Mâncăruri Gătite & Specialități,1,48.0,48.0
ORD-202608-00489,Restaurantul Nostru,Bulz Ardelenesc la Grătar,Aperitive & Gustări,1,32.0,32.0
ORD-202608-00489,Restaurantul Nostru,Piure de Cartofi cu Unt,Garnituri,1,16.0,16.0
ORD-202608-00490,Restaurantul Nostru,Mujdei de Usturoi Tradițional,Sosuri & Extra,1,5.0,5.0
ORD-202608-00490,Restaurantul Nostru,Supă Cremă de Legume cu Crutoane,Ciorbe & Supe,1,22.0,22.0
ORD-202608-00491,Restaurantul Nostru,Ciorbă de Perișoare,Ciorbe & Supe,1,24.0,24.0
ORD-202608-00491,Restaurantul Nostru,Fasole Bătută cu Ceapă Călită,Aperitive & Gustări,2,20.0,40.0
ORD-202608-00491,Restaurantul Nostru,Salată de Ardei Copți,Salate,1,16.0,16.0
ORD-202608-00491,Restaurantul Nostru,Salată Caesar cu Pui la Grătar,Salate,1,38.0,38.0
ORD-202608-00492,Restaurantul Nostru,Smântână Proaspătă 20%,Sosuri & Extra,1,5.0,5.0
ORD-202608-00492,Restaurantul Nostru,Limonadă Proaspătă cu Miere și Mentă 0.5L,Băuturi Răcoritoare & Cafea,1,20.0,20.0
ORD-202608-00492,Restaurantul Nostru,Cappuccino cu Spumă de Lapte,Băuturi Răcoritoare & Cafea,1,15.0,15.0
ORD-202608-00492,Restaurantul Nostru,Papanași cu Smântână și Dulceață de Afine (2 buc),Desert,1,32.0,32.0
ORD-202608-00493,Restaurantul Nostru,Lava Cake cu Înghețată de Vanilie,Desert,1,28.0,28.0
ORD-202608-00493,Restaurantul Nostru,Sarmale Românești în Foi de Varză (4 buc),Mâncăruri Gătite & Specialități,1,44.0,44.0
ORD-202608-00493,Restaurantul Nostru,Iahnie de Fasole cu Bacon,Garnituri,3,16.0,48.0
ORD-202608-00494,Restaurantul Nostru,Bere Ciuc Premium la Draught 0.4L,Băuturi Alcoolice & Bere,3,14.0,42.0
ORD-202608-00494,Restaurantul Nostru,Fasole Bătută cu Ceapă Călită,Aperitive & Gustări,3,20.0,60.0
ORD-202608-00495,Restaurantul Nostru,Clătite cu Finetti și Banane (2 buc),Desert,1,22.0,22.0
ORD-202608-00495,Restaurantul Nostru,Ciolan de Porc Rumexit la Cuptor,Mâncăruri Gătite & Specialități,1,78.0,78.0
ORD-202608-00495,Restaurantul Nostru,Șnițel Gigant de Pui Pane,Mâncăruri Gătite & Specialități,1,36.0,36.0
ORD-202608-00495,Restaurantul Nostru,Ciorbă de Perișoare,Ciorbe & Supe,1,24.0,24.0
ORD-202608-00496,Restaurantul Nostru,Limonadă Proaspătă cu Miere și Mentă 0.5L,Băuturi Răcoritoare & Cafea,2,20.0,40.0
ORD-202608-00496,Restaurantul Nostru,Cartofi Prăjiți cu Usturoi și Parmezan,Garnituri,1,18.0,18.0
ORD-202608-00496,Restaurantul Nostru,Apă Minerală / Plată Borsec 0.5L,Băuturi Răcoritoare & Cafea,1,10.0,10.0
ORD-202608-00496,Restaurantul Nostru,Ciorbă de Perișoare,Ciorbe & Supe,2,24.0,48.0
ORD-202608-00496,Restaurantul Nostru,Bere Ciuc Premium la Draught 0.4L,Băuturi Alcoolice & Bere,1,14.0,14.0
ORD-202608-00497,Restaurantul Nostru,Coca-Cola / Coca-Cola Zero 0.33L,Băuturi Răcoritoare & Cafea,1,12.0,12.0
ORD-202608-00497,Restaurantul Nostru,Sarmale Românești în Foi de Varză (4 buc),Mâncăruri Gătite & Specialități,2,44.0,88.0
ORD-202608-00497,Restaurantul Nostru,Ciorbă de Văcuță,Ciorbe & Supe,1,25.0,25.0
ORD-202608-00497,Restaurantul Nostru,Salată Grecească,Salate,1,34.0,34.0
ORD-202608-00498,Restaurantul Nostru,Varză Călită în Vin cu Chimen,Garnituri,1,15.0,15.0
ORD-202608-00498,Restaurantul Nostru,Iahnie de Fasole cu Bacon,Garnituri,1,16.0,16.0
ORD-202608-00498,Restaurantul Nostru,Ciorbă de Perișoare,Ciorbe & Supe,1,24.0,24.0
ORD-202608-00498,Restaurantul Nostru,Clătite cu Finetti și Banane (2 buc),Desert,1,22.0,22.0
ORD-202608-00498,Restaurantul Nostru,Supă Cremă de Legume cu Crutoane,Ciorbe & Supe,1,22.0,22.0
ORD-202608-00499,Restaurantul Nostru,Burger Casei cu Cartofi Prăjiți,Mâncăruri Gătite & Specialități,2,49.0,98.0
ORD-202608-00499,Restaurantul Nostru,Cappuccino cu Spumă de Lapte,Băuturi Răcoritoare & Cafea,1,15.0,15.0
ORD-202608-00499,Restaurantul Nostru,Tochitură Moldovenească cu Mămăligă,Mâncăruri Gătite & Specialități,3,48.0,144.0
ORD-202608-00499,Restaurantul Nostru,Cârnați Picanți de Pleșcoi,Cârnați & Platouri,1,42.0,42.0
ORD-202608-00499,Restaurantul Nostru,Mici de Oaie și Vită (1 buc),Preparate la Grătar & Mici,3,8.5,25.5
ORD-202608-00500,Restaurantul Nostru,Șnițel Gigant de Pui Pane,Mâncăruri Gătite & Specialități,1,36.0,36.0
ORD-202608-00500,Restaurantul Nostru,Ciorbă Rădăuțeană de Pui,Ciorbe & Supe,1,26.0,26.0
ORD-202608-00500,Restaurantul Nostru,Burger Casei cu Cartofi Prăjiți,Mâncăruri Gătite & Specialități,1,49.0,49.0
ORD-202608-00500,Restaurantul Nostru,Ciolan de Porc Rumexit la Cuptor,Mâncăruri Gătite & Specialități,1,78.0,78.0
ORD-202608-00500,Restaurantul Nostru,Pachet Vinul Casei Fetească Regală 1L,Băuturi Alcoolice & Bere,1,55.0,55.0
ORD-202608-00501,Restaurantul Nostru,Pachet Vinul Casei Fetească Regală 1L,Băuturi Alcoolice & Bere,1,55.0,55.0
ORD-202608-00501,Restaurantul Nostru,Muștar Clasic,Sosuri & Extra,1,4.0,4.0
ORD-202608-00501,Restaurantul Nostru,Platou Cârnați Asortați,Cârnați & Platouri,2,95.0,190.0
ORD-202608-00501,Restaurantul Nostru,Sos Barbeque,Sosuri & Extra,1,6.0,6.0
ORD-202608-00501,Restaurantul Nostru,Bere Nepasteurizată Zăganu 0.5L,Băuturi Alcoolice & Bere,1,22.0,22.0
ORD-202608-00502,Restaurantul Nostru,Cappuccino cu Spumă de Lapte,Băuturi Răcoritoare & Cafea,2,15.0,30.0
ORD-202608-00502,Restaurantul Nostru,Mujdei de Usturoi Tradițional,Sosuri & Extra,1,5.0,5.0
ORD-202608-00502,Restaurantul Nostru,Platou Boieresc (2-3 persoane),Cârnați & Platouri,1,145.0,145.0
ORD-202608-00502,Restaurantul Nostru,Salată Grecească,Salate,1,34.0,34.0
ORD-202608-00502,Restaurantul Nostru,Ciolan de Porc Rumexit la Cuptor,Mâncăruri Gătite & Specialități,1,78.0,78.0
ORD-202608-00503,Restaurantul Nostru,Cappuccino cu Spumă de Lapte,Băuturi Răcoritoare & Cafea,1,15.0,15.0
ORD-202608-00503,Restaurantul Nostru,Sarmale Românești în Foi de Varză (4 buc),Mâncăruri Gătite & Specialități,1,44.0,44.0
ORD-202608-00503,Restaurantul Nostru,Coș de Pâine de Casă,Sosuri & Extra,2,7.0,14.0
ORD-202608-00504,Restaurantul Nostru,Frigărui de Berbecuț,Preparate la Grătar & Mici,1,58.0,58.0
ORD-202608-00504,Restaurantul Nostru,Pastramă de Oaie la Tigaie cu Mămăligă,Mâncăruri Gătite & Specialități,2,56.0,112.0
ORD-202608-00505,Restaurantul Nostru,Burger Casei cu Cartofi Prăjiți,Mâncăruri Gătite & Specialități,1,49.0,49.0
ORD-202608-00505,Restaurantul Nostru,Platou Gustări Rece Tradiționale,Cârnați & Platouri,1,85.0,85.0
ORD-202608-00505,Restaurantul Nostru,Salată de Vinete Coapte pe Plită,Aperitive & Gustări,1,24.0,24.0
ORD-202608-00505,Restaurantul Nostru,Clătite cu Finetti și Banane (2 buc),Desert,1,22.0,22.0
ORD-202608-00505,Restaurantul Nostru,Piure de Cartofi cu Unt,Garnituri,1,16.0,16.0
ORD-202608-00506,Restaurantul Nostru,Supă Cremă de Legume cu Crutoane,Ciorbe & Supe,1,22.0,22.0
ORD-202608-00506,Restaurantul Nostru,Bere Nepasteurizată Zăganu 0.5L,Băuturi Alcoolice & Bere,2,22.0,44.0
ORD-202608-00506,Restaurantul Nostru,Salată de Vinete Coapte pe Plită,Aperitive & Gustări,1,24.0,24.0
ORD-202608-00507,Restaurantul Nostru,Bere Heineken 0.33L,Băuturi Alcoolice & Bere,1,16.0,16.0
ORD-202608-00507,Restaurantul Nostru,Coca-Cola / Coca-Cola Zero 0.33L,Băuturi Răcoritoare & Cafea,1,12.0,12.0
ORD-202608-00508,Restaurantul Nostru,Bere Nepasteurizată Zăganu 0.5L,Băuturi Alcoolice & Bere,1,22.0,22.0
ORD-202608-00508,Restaurantul Nostru,Clătite cu Finetti și Banane (2 buc),Desert,2,22.0,44.0
ORD-202608-00509,Restaurantul Nostru,Platou Boieresc (2-3 persoane),Cârnați & Platouri,1,145.0,145.0
ORD-202608-00509,Restaurantul Nostru,Platou Gustări Rece Tradiționale,Cârnați & Platouri,2,85.0,170.0
ORD-202608-00509,Restaurantul Nostru,Țuică de Prune Ardelenească 50ml,Băuturi Alcoolice & Bere,1,18.0,18.0
ORD-202608-00509,Restaurantul Nostru,Cappuccino cu Spumă de Lapte,Băuturi Răcoritoare & Cafea,2,15.0,30.0
ORD-202608-00510,Restaurantul Nostru,Coca-Cola / Coca-Cola Zero 0.33L,Băuturi Răcoritoare & Cafea,1,12.0,12.0
ORD-202608-00510,Restaurantul Nostru,Platou Gustări Rece Tradiționale,Cârnați & Platouri,1,85.0,85.0
ORD-202608-00511,Restaurantul Nostru,Piure de Cartofi cu Unt,Garnituri,2,16.0,32.0
ORD-202608-00511,Restaurantul Nostru,Mujdei de Usturoi Tradițional,Sosuri & Extra,1,5.0,5.0
ORD-202608-00511,Restaurantul Nostru,Vin Purcari Rară Neagră Sticlă 0.75L,Băuturi Alcoolice & Bere,1,95.0,95.0
ORD-202608-00511,Restaurantul Nostru,Salată Caesar cu Pui la Grătar,Salate,1,38.0,38.0
ORD-202608-00512,Restaurantul Nostru,Salată de Ardei Copți,Salate,1,16.0,16.0
ORD-202608-00512,Restaurantul Nostru,Tochitură Moldovenească cu Mămăligă,Mâncăruri Gătite & Specialități,1,48.0,48.0
ORD-202608-00512,Restaurantul Nostru,Țuică de Prune Ardelenească 50ml,Băuturi Alcoolice & Bere,1,18.0,18.0
ORD-202608-00513,Restaurantul Nostru,Mici de Oaie și Vită (1 buc),Preparate la Grătar & Mici,2,8.5,17.0
ORD-202608-00513,Restaurantul Nostru,Apă Minerală / Plată Borsec 0.5L,Băuturi Răcoritoare & Cafea,2,10.0,20.0
ORD-202608-00513,Restaurantul Nostru,Sarmale Românești în Foi de Varză (4 buc),Mâncăruri Gătite & Specialități,1,44.0,44.0
ORD-202608-00513,Restaurantul Nostru,Salată Caesar cu Pui la Grătar,Salate,1,38.0,38.0
ORD-202608-00513,Restaurantul Nostru,Varză Călită în Vin cu Chimen,Garnituri,1,15.0,15.0
ORD-202608-00514,Restaurantul Nostru,Platou Gustări Rece Tradiționale,Cârnați & Platouri,2,85.0,170.0
ORD-202608-00514,Restaurantul Nostru,Salată de Ardei Copți,Salate,2,16.0,32.0
ORD-202608-00515,Restaurantul Nostru,Salată Caesar cu Pui la Grătar,Salate,1,38.0,38.0
ORD-202608-00515,Restaurantul Nostru,Coca-Cola / Coca-Cola Zero 0.33L,Băuturi Răcoritoare & Cafea,2,12.0,24.0
ORD-202608-00515,Restaurantul Nostru,Ciolan de Porc Rumexit la Cuptor,Mâncăruri Gătite & Specialități,1,78.0,78.0
ORD-202608-00515,Restaurantul Nostru,Sarmale Românești în Foi de Varză (4 buc),Mâncăruri Gătite & Specialități,1,44.0,44.0
ORD-202608-00515,Restaurantul Nostru,Cașcaval Pane Crocant,Aperitive & Gustări,1,28.0,28.0
ORD-202608-00516,Restaurantul Nostru,Papanași cu Smântână și Dulceață de Afine (2 buc),Desert,1,32.0,32.0
ORD-202608-00516,Restaurantul Nostru,Iahnie de Fasole cu Bacon,Garnituri,1,16.0,16.0
ORD-202608-00517,Restaurantul Nostru,Piure de Cartofi cu Unt,Garnituri,1,16.0,16.0
ORD-202608-00517,Restaurantul Nostru,Ceafă de Porc la Grătar,Preparate la Grătar & Mici,1,38.0,38.0
ORD-202608-00517,Restaurantul Nostru,Muștar Clasic,Sosuri & Extra,1,4.0,4.0
ORD-202608-00517,Restaurantul Nostru,Mici de Oaie și Vită (1 buc),Preparate la Grătar & Mici,2,8.5,17.0
ORD-202608-00517,Restaurantul Nostru,Mujdei de Usturoi Tradițional,Sosuri & Extra,1,5.0,5.0
ORD-202608-00518,Restaurantul Nostru,Cappuccino cu Spumă de Lapte,Băuturi Răcoritoare & Cafea,1,15.0,15.0
ORD-202608-00518,Restaurantul Nostru,Salată Caesar cu Pui la Grătar,Salate,1,38.0,38.0
ORD-202608-00518,Restaurantul Nostru,Ciorbă de Perișoare,Ciorbe & Supe,2,24.0,48.0
ORD-202608-00518,Restaurantul Nostru,Salată de Vinete Coapte pe Plită,Aperitive & Gustări,1,24.0,24.0
ORD-202608-00518,Restaurantul Nostru,Supă Cremă de Legume cu Crutoane,Ciorbe & Supe,2,22.0,44.0
ORD-202608-00519,Restaurantul Nostru,Bulz Ardelenesc la Grătar,Aperitive & Gustări,1,32.0,32.0
ORD-202608-00519,Restaurantul Nostru,Ciorbă de Perișoare,Ciorbe & Supe,3,24.0,72.0
ORD-202608-00519,Restaurantul Nostru,Mici de Oaie și Vită (1 buc),Preparate la Grătar & Mici,1,8.5,8.5
ORD-202608-00519,Restaurantul Nostru,Pachet Vinul Casei Fetească Regală 1L,Băuturi Alcoolice & Bere,2,55.0,110.0
ORD-202608-00519,Restaurantul Nostru,Ciorbă Rădăuțeană de Pui,Ciorbe & Supe,1,26.0,26.0
ORD-202608-00520,Restaurantul Nostru,Salată de Ardei Copți,Salate,1,16.0,16.0
ORD-202608-00520,Restaurantul Nostru,Papanași cu Smântână și Dulceață de Afine (2 buc),Desert,2,32.0,64.0
ORD-202608-00520,Restaurantul Nostru,Smântână Proaspătă 20%,Sosuri & Extra,1,5.0,5.0
ORD-202608-00520,Restaurantul Nostru,Fasole Bătută cu Ceapă Călită,Aperitive & Gustări,1,20.0,20.0
ORD-202608-00520,Restaurantul Nostru,Coș de Pâine de Casă,Sosuri & Extra,1,7.0,7.0
ORD-202608-00521,Restaurantul Nostru,Varză Călită în Vin cu Chimen,Garnituri,1,15.0,15.0
ORD-202608-00521,Restaurantul Nostru,Salată Grecească,Salate,1,34.0,34.0
ORD-202608-00521,Restaurantul Nostru,Muștar Clasic,Sosuri & Extra,1,4.0,4.0
ORD-202608-00521,Restaurantul Nostru,Coca-Cola / Coca-Cola Zero 0.33L,Băuturi Răcoritoare & Cafea,1,12.0,12.0
ORD-202608-00522,Restaurantul Nostru,Tochitură Moldovenească cu Mămăligă,Mâncăruri Gătite & Specialități,1,48.0,48.0
ORD-202608-00522,Restaurantul Nostru,Piure de Cartofi cu Unt,Garnituri,2,16.0,32.0
ORD-202608-00522,Restaurantul Nostru,Cartofi Prăjiți cu Usturoi și Parmezan,Garnituri,1,18.0,18.0
ORD-202608-00522,Restaurantul Nostru,Ciorbă Rădăuțeană de Pui,Ciorbe & Supe,1,26.0,26.0
ORD-202608-00522,Restaurantul Nostru,Coca-Cola / Coca-Cola Zero 0.33L,Băuturi Răcoritoare & Cafea,1,12.0,12.0
ORD-202608-00523,Restaurantul Nostru,Espresso Scurt / Lung Julius Meinl,Băuturi Răcoritoare & Cafea,1,12.0,12.0
ORD-202608-00523,Restaurantul Nostru,Ciorbă de Burtiță Tradițională,Ciorbe & Supe,1,28.0,28.0
ORD-202608-00523,Restaurantul Nostru,Bere Heineken 0.33L,Băuturi Alcoolice & Bere,1,16.0,16.0
ORD-202608-00524,Restaurantul Nostru,Platou Boieresc (2-3 persoane),Cârnați & Platouri,2,145.0,290.0
ORD-202608-00524,Restaurantul Nostru,Bere Ciuc Premium la Draught 0.4L,Băuturi Alcoolice & Bere,1,14.0,14.0
ORD-202608-00524,Restaurantul Nostru,Ceafă de Porc la Grătar,Preparate la Grătar & Mici,2,38.0,76.0
ORD-202608-00524,Restaurantul Nostru,Iahnie de Fasole cu Bacon,Garnituri,1,16.0,16.0
ORD-202608-00524,Restaurantul Nostru,Frăție de Mici & Cârnați,Preparate la Grătar & Mici,1,54.0,54.0
ORD-202608-00525,Restaurantul Nostru,Iahnie de Fasole cu Bacon,Garnituri,1,16.0,16.0
ORD-202608-00525,Restaurantul Nostru,Cartofi Prăjiți cu Usturoi și Parmezan,Garnituri,2,18.0,36.0
ORD-202608-00525,Restaurantul Nostru,Mici Românești de Vită-Porc (1 buc),Preparate la Grătar & Mici,1,7.5,7.5
ORD-202608-00526,Restaurantul Nostru,Bere Heineken 0.33L,Băuturi Alcoolice & Bere,1,16.0,16.0
ORD-202608-00526,Restaurantul Nostru,Papanași cu Smântână și Dulceață de Afine (2 buc),Desert,2,32.0,64.0
ORD-202608-00527,Restaurantul Nostru,Ciolan de Porc Rumexit la Cuptor,Mâncăruri Gătite & Specialități,1,78.0,78.0
ORD-202608-00527,Restaurantul Nostru,Smântână Proaspătă 20%,Sosuri & Extra,3,5.0,15.0
ORD-202608-00527,Restaurantul Nostru,Șnițel Gigant de Pui Pane,Mâncăruri Gătite & Specialități,1,36.0,36.0
ORD-202608-00527,Restaurantul Nostru,Apă Minerală / Plată Borsec 0.5L,Băuturi Răcoritoare & Cafea,2,10.0,20.0
ORD-202608-00528,Restaurantul Nostru,Clătite cu Finetti și Banane (2 buc),Desert,1,22.0,22.0
ORD-202608-00528,Restaurantul Nostru,Piept de Pui la Grătar,Preparate la Grătar & Mici,1,34.0,34.0
ORD-202608-00529,Restaurantul Nostru,Supă Cremă de Legume cu Crutoane,Ciorbe & Supe,1,22.0,22.0
ORD-202608-00529,Restaurantul Nostru,Salată Caesar cu Pui la Grătar,Salate,1,38.0,38.0
ORD-202608-00529,Restaurantul Nostru,Pachet Vinul Casei Fetească Regală 1L,Băuturi Alcoolice & Bere,1,55.0,55.0
ORD-202608-00529,Restaurantul Nostru,Coca-Cola / Coca-Cola Zero 0.33L,Băuturi Răcoritoare & Cafea,1,12.0,12.0
ORD-202608-00529,Restaurantul Nostru,Mici de Oaie și Vită (1 buc),Preparate la Grătar & Mici,1,8.5,8.5
ORD-202608-00530,Restaurantul Nostru,Clătite cu Finetti și Banane (2 buc),Desert,1,22.0,22.0
ORD-202608-00530,Restaurantul Nostru,Mujdei de Usturoi Tradițional,Sosuri & Extra,1,5.0,5.0
ORD-202608-00530,Restaurantul Nostru,Papanași cu Smântână și Dulceață de Afine (2 buc),Desert,1,32.0,32.0
ORD-202608-00530,Restaurantul Nostru,Ciorbă de Perișoare,Ciorbe & Supe,2,24.0,48.0
ORD-202608-00530,Restaurantul Nostru,Șnițel Gigant de Pui Pane,Mâncăruri Gătite & Specialități,1,36.0,36.0
ORD-202608-00531,Restaurantul Nostru,Limonadă Proaspătă cu Miere și Mentă 0.5L,Băuturi Răcoritoare & Cafea,1,20.0,20.0
ORD-202608-00531,Restaurantul Nostru,Supă Cremă de Legume cu Crutoane,Ciorbe & Supe,1,22.0,22.0
ORD-202608-00531,Restaurantul Nostru,Cartofi Prăjiți cu Usturoi și Parmezan,Garnituri,1,18.0,18.0
ORD-202608-00531,Restaurantul Nostru,Muștar Clasic,Sosuri & Extra,2,4.0,8.0
ORD-202608-00531,Restaurantul Nostru,Platou Boieresc (2-3 persoane),Cârnați & Platouri,2,145.0,290.0
ORD-202608-00532,Restaurantul Nostru,Platou Gustări Rece Tradiționale,Cârnați & Platouri,1,85.0,85.0
ORD-202608-00532,Restaurantul Nostru,Ciolan de Porc Rumexit la Cuptor,Mâncăruri Gătite & Specialități,1,78.0,78.0
ORD-202608-00533,Restaurantul Nostru,Tochitură Moldovenească cu Mămăligă,Mâncăruri Gătite & Specialități,1,48.0,48.0
ORD-202608-00533,Restaurantul Nostru,Bere Ciuc Premium la Draught 0.4L,Băuturi Alcoolice & Bere,1,14.0,14.0
ORD-202608-00533,Restaurantul Nostru,Țuică de Prune Ardelenească 50ml,Băuturi Alcoolice & Bere,1,18.0,18.0
ORD-202608-00533,Restaurantul Nostru,Ceafă de Porc la Grătar,Preparate la Grătar & Mici,1,38.0,38.0
ORD-202608-00534,Restaurantul Nostru,Supă Cremă de Legume cu Crutoane,Ciorbe & Supe,1,22.0,22.0
ORD-202608-00534,Restaurantul Nostru,Coca-Cola / Coca-Cola Zero 0.33L,Băuturi Răcoritoare & Cafea,2,12.0,24.0
ORD-202608-00534,Restaurantul Nostru,Cârnați Picanți de Pleșcoi,Cârnați & Platouri,2,42.0,84.0
ORD-202608-00534,Restaurantul Nostru,Iahnie de Fasole cu Bacon,Garnituri,1,16.0,16.0
ORD-202608-00535,Restaurantul Nostru,Burger Casei cu Cartofi Prăjiți,Mâncăruri Gătite & Specialități,1,49.0,49.0
ORD-202608-00535,Restaurantul Nostru,Ciolan de Porc Rumexit la Cuptor,Mâncăruri Gătite & Specialități,2,78.0,156.0
ORD-202608-00535,Restaurantul Nostru,Salată de Ardei Copți,Salate,1,16.0,16.0
ORD-202608-00536,Restaurantul Nostru,Bere Nepasteurizată Zăganu 0.5L,Băuturi Alcoolice & Bere,1,22.0,22.0
ORD-202608-00536,Restaurantul Nostru,Mici Românești de Vită-Porc (1 buc),Preparate la Grătar & Mici,2,7.5,15.0
ORD-202608-00536,Restaurantul Nostru,Ciorbă Rădăuțeană de Pui,Ciorbe & Supe,1,26.0,26.0
ORD-202608-00537,Restaurantul Nostru,Pachet Vinul Casei Fetească Regală 1L,Băuturi Alcoolice & Bere,1,55.0,55.0
ORD-202608-00537,Restaurantul Nostru,Smântână Proaspătă 20%,Sosuri & Extra,1,5.0,5.0
ORD-202608-00538,Restaurantul Nostru,Coș de Pâine de Casă,Sosuri & Extra,1,7.0,7.0
ORD-202608-00538,Restaurantul Nostru,Ciorbă de Văcuță,Ciorbe & Supe,1,25.0,25.0
ORD-202608-00538,Restaurantul Nostru,Bulz Ardelenesc la Grătar,Aperitive & Gustări,2,32.0,64.0
ORD-202608-00538,Restaurantul Nostru,Ciorbă Rădăuțeană de Pui,Ciorbe & Supe,1,26.0,26.0
ORD-202608-00538,Restaurantul Nostru,Salată de Vinete Coapte pe Plită,Aperitive & Gustări,1,24.0,24.0
ORD-202608-00539,Restaurantul Nostru,Vin Purcari Rară Neagră Sticlă 0.75L,Băuturi Alcoolice & Bere,1,95.0,95.0
ORD-202608-00539,Restaurantul Nostru,Bulz Ardelenesc la Grătar,Aperitive & Gustări,1,32.0,32.0
ORD-202608-00539,Restaurantul Nostru,Platou Gustări Rece Tradiționale,Cârnați & Platouri,1,85.0,85.0
ORD-202608-00539,Restaurantul Nostru,Varză Călită în Vin cu Chimen,Garnituri,2,15.0,30.0
ORD-202608-00540,Restaurantul Nostru,Sarmale Românești în Foi de Varză (4 buc),Mâncăruri Gătite & Specialități,1,44.0,44.0
ORD-202608-00540,Restaurantul Nostru,Supă Cremă de Legume cu Crutoane,Ciorbe & Supe,1,22.0,22.0
ORD-202608-00540,Restaurantul Nostru,Cârnați Picanți de Pleșcoi,Cârnați & Platouri,1,42.0,42.0
ORD-202608-00540,Restaurantul Nostru,Salată Caesar cu Pui la Grătar,Salate,2,38.0,76.0
ORD-202608-00540,Restaurantul Nostru,Muștar Clasic,Sosuri & Extra,1,4.0,4.0
ORD-202608-00541,Restaurantul Nostru,Cârnați Picanți de Pleșcoi,Cârnați & Platouri,1,42.0,42.0
ORD-202608-00541,Restaurantul Nostru,Platou Cârnați Asortați,Cârnați & Platouri,1,95.0,95.0
ORD-202608-00541,Restaurantul Nostru,Limonadă Proaspătă cu Miere și Mentă 0.5L,Băuturi Răcoritoare & Cafea,1,20.0,20.0
ORD-202608-00542,Restaurantul Nostru,Ciorbă de Perișoare,Ciorbe & Supe,1,24.0,24.0
ORD-202608-00542,Restaurantul Nostru,Platou Boieresc (2-3 persoane),Cârnați & Platouri,3,145.0,435.0
ORD-202608-00543,Restaurantul Nostru,Bere Heineken 0.33L,Băuturi Alcoolice & Bere,1,16.0,16.0
ORD-202608-00543,Restaurantul Nostru,Papanași cu Smântână și Dulceață de Afine (2 buc),Desert,1,32.0,32.0
ORD-202608-00543,Restaurantul Nostru,Piept de Pui la Grătar,Preparate la Grătar & Mici,1,34.0,34.0
ORD-202608-00544,Restaurantul Nostru,Piure de Cartofi cu Unt,Garnituri,3,16.0,48.0
ORD-202608-00544,Restaurantul Nostru,Papanași cu Smântână și Dulceață de Afine (2 buc),Desert,1,32.0,32.0
ORD-202608-00544,Restaurantul Nostru,Salată de Murături Asortate,Salate,2,14.0,28.0
ORD-202608-00545,Restaurantul Nostru,Supă Cremă de Legume cu Crutoane,Ciorbe & Supe,1,22.0,22.0
ORD-202608-00545,Restaurantul Nostru,Coș de Pâine de Casă,Sosuri & Extra,1,7.0,7.0
ORD-202608-00545,Restaurantul Nostru,Piept de Pui la Grătar,Preparate la Grătar & Mici,1,34.0,34.0
ORD-202608-00545,Restaurantul Nostru,Mămăliguță Caldă,Garnituri,2,8.0,16.0
ORD-202608-00545,Restaurantul Nostru,Fasole Bătută cu Ceapă Călită,Aperitive & Gustări,1,20.0,20.0
ORD-202608-00546,Restaurantul Nostru,Ștrudel de Mere cu Sos de Vanilie,Desert,1,25.0,25.0
ORD-202608-00546,Restaurantul Nostru,Platou Boieresc (2-3 persoane),Cârnați & Platouri,1,145.0,145.0
ORD-202608-00546,Restaurantul Nostru,Ceafă de Porc la Grătar,Preparate la Grătar & Mici,1,38.0,38.0
ORD-202608-00547,Restaurantul Nostru,Salată de Ardei Copți,Salate,1,16.0,16.0
ORD-202608-00547,Restaurantul Nostru,Bere Nepasteurizată Zăganu 0.5L,Băuturi Alcoolice & Bere,1,22.0,22.0
ORD-202608-00548,Restaurantul Nostru,Platou Boieresc (2-3 persoane),Cârnați & Platouri,3,145.0,435.0
ORD-202608-00548,Restaurantul Nostru,Papanași cu Smântână și Dulceață de Afine (2 buc),Desert,2,32.0,64.0
ORD-202608-00549,Restaurantul Nostru,Ciolan de Porc Rumexit la Cuptor,Mâncăruri Gătite & Specialități,1,78.0,78.0
ORD-202608-00549,Restaurantul Nostru,Coca-Cola / Coca-Cola Zero 0.33L,Băuturi Răcoritoare & Cafea,1,12.0,12.0
ORD-202608-00549,Restaurantul Nostru,Smântână Proaspătă 20%,Sosuri & Extra,1,5.0,5.0
ORD-202608-00549,Restaurantul Nostru,Salată de Murături Asortate,Salate,1,14.0,14.0
ORD-202608-00549,Restaurantul Nostru,Pastramă de Oaie la Tigaie cu Mămăligă,Mâncăruri Gătite & Specialități,1,56.0,56.0
ORD-202608-00550,Restaurantul Nostru,Sarmale Românești în Foi de Varză (4 buc),Mâncăruri Gătite & Specialități,1,44.0,44.0
ORD-202608-00550,Restaurantul Nostru,Salată Caesar cu Pui la Grătar,Salate,1,38.0,38.0
ORD-202608-00551,Restaurantul Nostru,Salată de Murături Asortate,Salate,1,14.0,14.0
ORD-202608-00551,Restaurantul Nostru,Piept de Pui la Grătar,Preparate la Grătar & Mici,1,34.0,34.0
ORD-202608-00551,Restaurantul Nostru,Ciorbă de Perișoare,Ciorbe & Supe,1,24.0,24.0
ORD-202608-00551,Restaurantul Nostru,Cartofi Prăjiți cu Usturoi și Parmezan,Garnituri,1,18.0,18.0
ORD-202608-00551,Restaurantul Nostru,Salată de Vinete Coapte pe Plită,Aperitive & Gustări,1,24.0,24.0
ORD-202608-00552,Restaurantul Nostru,Mici de Oaie și Vită (1 buc),Preparate la Grătar & Mici,2,8.5,17.0
ORD-202608-00552,Restaurantul Nostru,Cârnați Picanți de Pleșcoi,Cârnați & Platouri,1,42.0,42.0
ORD-202608-00552,Restaurantul Nostru,Ciorbă de Burtiță Tradițională,Ciorbe & Supe,2,28.0,56.0
ORD-202608-00552,Restaurantul Nostru,Piept de Pui la Grătar,Preparate la Grătar & Mici,1,34.0,34.0
ORD-202608-00553,Restaurantul Nostru,Ciorbă de Văcuță,Ciorbe & Supe,1,25.0,25.0
ORD-202608-00553,Restaurantul Nostru,Ceafă de Porc la Grătar,Preparate la Grătar & Mici,1,38.0,38.0
ORD-202608-00553,Restaurantul Nostru,Ștrudel de Mere cu Sos de Vanilie,Desert,1,25.0,25.0
ORD-202608-00553,Restaurantul Nostru,Platou Boieresc (2-3 persoane),Cârnați & Platouri,1,145.0,145.0
ORD-202608-00553,Restaurantul Nostru,Clătite cu Finetti și Banane (2 buc),Desert,1,22.0,22.0
ORD-202608-00554,Restaurantul Nostru,Iahnie de Fasole cu Bacon,Garnituri,1,16.0,16.0
ORD-202608-00554,Restaurantul Nostru,Ceafă de Porc la Grătar,Preparate la Grătar & Mici,2,38.0,76.0
ORD-202608-00554,Restaurantul Nostru,Coș de Pâine de Casă,Sosuri & Extra,2,7.0,14.0
ORD-202608-00555,Restaurantul Nostru,Platou Boieresc (2-3 persoane),Cârnați & Platouri,1,145.0,145.0
ORD-202608-00555,Restaurantul Nostru,Ciorbă de Văcuță,Ciorbe & Supe,1,25.0,25.0
ORD-202608-00555,Restaurantul Nostru,Cârnați Picanți de Pleșcoi,Cârnați & Platouri,2,42.0,84.0
ORD-202608-00555,Restaurantul Nostru,Frigărui de Berbecuț,Preparate la Grătar & Mici,1,58.0,58.0
ORD-202608-00556,Restaurantul Nostru,Platou Cârnați Asortați,Cârnați & Platouri,1,95.0,95.0
ORD-202608-00556,Restaurantul Nostru,Platou Boieresc (2-3 persoane),Cârnați & Platouri,1,145.0,145.0
ORD-202608-00556,Restaurantul Nostru,Varză Călită în Vin cu Chimen,Garnituri,1,15.0,15.0
ORD-202608-00556,Restaurantul Nostru,Iahnie de Fasole cu Bacon,Garnituri,1,16.0,16.0
ORD-202608-00557,Restaurantul Nostru,Muștar Clasic,Sosuri & Extra,1,4.0,4.0
ORD-202608-00557,Restaurantul Nostru,Burger Casei cu Cartofi Prăjiți,Mâncăruri Gătite & Specialități,1,49.0,49.0
ORD-202608-00557,Restaurantul Nostru,Bulz Ardelenesc la Grătar,Aperitive & Gustări,1,32.0,32.0
ORD-202608-00557,Restaurantul Nostru,Ștrudel de Mere cu Sos de Vanilie,Desert,1,25.0,25.0
ORD-202608-00558,Restaurantul Nostru,Coca-Cola / Coca-Cola Zero 0.33L,Băuturi Răcoritoare & Cafea,1,12.0,12.0
ORD-202608-00558,Restaurantul Nostru,Bere Ciuc Premium la Draught 0.4L,Băuturi Alcoolice & Bere,1,14.0,14.0
ORD-202608-00558,Restaurantul Nostru,Salată de Murături Asortate,Salate,2,14.0,28.0
ORD-202608-00559,Restaurantul Nostru,Bere Ciuc Premium la Draught 0.4L,Băuturi Alcoolice & Bere,1,14.0,14.0
ORD-202608-00559,Restaurantul Nostru,Bere Nepasteurizată Zăganu 0.5L,Băuturi Alcoolice & Bere,1,22.0,22.0
ORD-202608-00559,Restaurantul Nostru,Salată de Murături Asortate,Salate,1,14.0,14.0
ORD-202608-00559,Restaurantul Nostru,Tochitură Moldovenească cu Mămăligă,Mâncăruri Gătite & Specialități,1,48.0,48.0
ORD-202608-00559,Restaurantul Nostru,Clătite cu Finetti și Banane (2 buc),Desert,1,22.0,22.0
ORD-202608-00560,Restaurantul Nostru,Platou Gustări Rece Tradiționale,Cârnați & Platouri,1,85.0,85.0
ORD-202608-00560,Restaurantul Nostru,Varză Călită în Vin cu Chimen,Garnituri,1,15.0,15.0
ORD-202608-00560,Restaurantul Nostru,Espresso Scurt / Lung Julius Meinl,Băuturi Răcoritoare & Cafea,1,12.0,12.0
ORD-202608-00560,Restaurantul Nostru,Ciolan de Porc Rumexit la Cuptor,Mâncăruri Gătite & Specialități,2,78.0,156.0
ORD-202608-00560,Restaurantul Nostru,Bere Nepasteurizată Zăganu 0.5L,Băuturi Alcoolice & Bere,1,22.0,22.0
ORD-202608-00561,Restaurantul Nostru,Frăție de Mici & Cârnați,Preparate la Grătar & Mici,3,54.0,162.0
ORD-202608-00561,Restaurantul Nostru,Burger Casei cu Cartofi Prăjiți,Mâncăruri Gătite & Specialități,1,49.0,49.0
ORD-202608-00562,Restaurantul Nostru,Smântână Proaspătă 20%,Sosuri & Extra,1,5.0,5.0
ORD-202608-00562,Restaurantul Nostru,Ceafă de Porc la Grătar,Preparate la Grătar & Mici,1,38.0,38.0
ORD-202608-00562,Restaurantul Nostru,Salată Grecească,Salate,3,34.0,102.0
ORD-202608-00562,Restaurantul Nostru,Sarmale Românești în Foi de Varză (4 buc),Mâncăruri Gătite & Specialități,1,44.0,44.0
ORD-202608-00563,Restaurantul Nostru,Ștrudel de Mere cu Sos de Vanilie,Desert,2,25.0,50.0
ORD-202608-00563,Restaurantul Nostru,Ciorbă de Văcuță,Ciorbe & Supe,1,25.0,25.0
ORD-202608-00564,Restaurantul Nostru,Salată Caesar cu Pui la Grătar,Salate,1,38.0,38.0
ORD-202608-00564,Restaurantul Nostru,Coș de Pâine de Casă,Sosuri & Extra,1,7.0,7.0
ORD-202608-00564,Restaurantul Nostru,Ciorbă Rădăuțeană de Pui,Ciorbe & Supe,2,26.0,52.0
ORD-202608-00564,Restaurantul Nostru,Frigărui de Berbecuț,Preparate la Grătar & Mici,1,58.0,58.0
ORD-202608-00564,Restaurantul Nostru,Salată Grecească,Salate,1,34.0,34.0
ORD-202608-00565,Restaurantul Nostru,Bere Nepasteurizată Zăganu 0.5L,Băuturi Alcoolice & Bere,1,22.0,22.0
ORD-202608-00565,Restaurantul Nostru,Fasole Bătută cu Ceapă Călită,Aperitive & Gustări,1,20.0,20.0
ORD-202608-00565,Restaurantul Nostru,Varză Călită în Vin cu Chimen,Garnituri,2,15.0,30.0
ORD-202608-00566,Restaurantul Nostru,Șnițel Gigant de Pui Pane,Mâncăruri Gătite & Specialități,1,36.0,36.0
ORD-202608-00566,Restaurantul Nostru,Muștar Clasic,Sosuri & Extra,2,4.0,8.0
ORD-202608-00566,Restaurantul Nostru,Mujdei de Usturoi Tradițional,Sosuri & Extra,2,5.0,10.0
ORD-202608-00567,Restaurantul Nostru,Bere Nepasteurizată Zăganu 0.5L,Băuturi Alcoolice & Bere,1,22.0,22.0
ORD-202608-00567,Restaurantul Nostru,Bere Ciuc Premium la Draught 0.4L,Băuturi Alcoolice & Bere,1,14.0,14.0
ORD-202608-00567,Restaurantul Nostru,Salată de Vinete Coapte pe Plită,Aperitive & Gustări,1,24.0,24.0
ORD-202608-00568,Restaurantul Nostru,Piept de Pui la Grătar,Preparate la Grătar & Mici,1,34.0,34.0
ORD-202608-00568,Restaurantul Nostru,Salată de Murături Asortate,Salate,1,14.0,14.0
ORD-202608-00568,Restaurantul Nostru,Platou Cârnați Asortați,Cârnați & Platouri,1,95.0,95.0
ORD-202608-00568,Restaurantul Nostru,Burger Casei cu Cartofi Prăjiți,Mâncăruri Gătite & Specialități,1,49.0,49.0
ORD-202608-00569,Restaurantul Nostru,Supă Cremă de Legume cu Crutoane,Ciorbe & Supe,1,22.0,22.0
ORD-202608-00569,Restaurantul Nostru,Frigărui de Berbecuț,Preparate la Grătar & Mici,1,58.0,58.0
ORD-202608-00570,Restaurantul Nostru,Pastramă de Oaie la Tigaie cu Mămăligă,Mâncăruri Gătite & Specialități,1,56.0,56.0
ORD-202608-00570,Restaurantul Nostru,Supă Cremă de Legume cu Crutoane,Ciorbe & Supe,1,22.0,22.0
ORD-202608-00570,Restaurantul Nostru,Salată Grecească,Salate,1,34.0,34.0
ORD-202608-00570,Restaurantul Nostru,Salată Caesar cu Pui la Grătar,Salate,1,38.0,38.0
ORD-202608-00570,Restaurantul Nostru,Mici de Oaie și Vită (1 buc),Preparate la Grătar & Mici,1,8.5,8.5
ORD-202608-00571,Restaurantul Nostru,Papanași cu Smântână și Dulceață de Afine (2 buc),Desert,1,32.0,32.0
ORD-202608-00571,Restaurantul Nostru,Ciorbă de Perișoare,Ciorbe & Supe,1,24.0,24.0
ORD-202608-00572,Restaurantul Nostru,Iahnie de Fasole cu Bacon,Garnituri,1,16.0,16.0
ORD-202608-00572,Restaurantul Nostru,Ștrudel de Mere cu Sos de Vanilie,Desert,3,25.0,75.0
ORD-202608-00573,Restaurantul Nostru,Smântână Proaspătă 20%,Sosuri & Extra,1,5.0,5.0
ORD-202608-00573,Restaurantul Nostru,Clătite cu Finetti și Banane (2 buc),Desert,1,22.0,22.0
ORD-202608-00573,Restaurantul Nostru,Frăție de Mici & Cârnați,Preparate la Grătar & Mici,3,54.0,162.0
ORD-202608-00573,Restaurantul Nostru,Bulz Ardelenesc la Grătar,Aperitive & Gustări,1,32.0,32.0
ORD-202608-00573,Restaurantul Nostru,Pachet Vinul Casei Fetească Regală 1L,Băuturi Alcoolice & Bere,1,55.0,55.0
ORD-202608-00574,Restaurantul Nostru,Mici Românești de Vită-Porc (1 buc),Preparate la Grătar & Mici,1,7.5,7.5
ORD-202608-00574,Restaurantul Nostru,Ciolan de Porc Rumexit la Cuptor,Mâncăruri Gătite & Specialități,1,78.0,78.0
ORD-202608-00574,Restaurantul Nostru,Frăție de Mici & Cârnați,Preparate la Grătar & Mici,1,54.0,54.0
ORD-202608-00574,Restaurantul Nostru,Platou Cârnați Asortați,Cârnați & Platouri,1,95.0,95.0
ORD-202608-00574,Restaurantul Nostru,Platou Boieresc (2-3 persoane),Cârnați & Platouri,2,145.0,290.0
ORD-202608-00575,Restaurantul Nostru,Salată Caesar cu Pui la Grătar,Salate,1,38.0,38.0
ORD-202608-00575,Restaurantul Nostru,Lava Cake cu Înghețată de Vanilie,Desert,1,28.0,28.0
ORD-202608-00575,Restaurantul Nostru,Piept de Pui la Grătar,Preparate la Grătar & Mici,1,34.0,34.0
ORD-202608-00575,Restaurantul Nostru,Piure de Cartofi cu Unt,Garnituri,3,16.0,48.0
ORD-202608-00575,Restaurantul Nostru,Mămăliguță Caldă,Garnituri,2,8.0,16.0
ORD-202608-00576,Restaurantul Nostru,Ciorbă de Perișoare,Ciorbe & Supe,2,24.0,48.0
ORD-202608-00576,Restaurantul Nostru,Mujdei de Usturoi Tradițional,Sosuri & Extra,1,5.0,5.0
ORD-202608-00576,Restaurantul Nostru,Salată de Ardei Copți,Salate,1,16.0,16.0
ORD-202608-00576,Restaurantul Nostru,Clătite cu Finetti și Banane (2 buc),Desert,2,22.0,44.0
ORD-202608-00577,Restaurantul Nostru,Supă Cremă de Legume cu Crutoane,Ciorbe & Supe,1,22.0,22.0
ORD-202608-00577,Restaurantul Nostru,Espresso Scurt / Lung Julius Meinl,Băuturi Răcoritoare & Cafea,2,12.0,24.0
ORD-202608-00577,Restaurantul Nostru,Bere Ciuc Premium la Draught 0.4L,Băuturi Alcoolice & Bere,3,14.0,42.0
ORD-202608-00577,Restaurantul Nostru,Țuică de Prune Ardelenească 50ml,Băuturi Alcoolice & Bere,1,18.0,18.0
ORD-202608-00578,Restaurantul Nostru,Ștrudel de Mere cu Sos de Vanilie,Desert,1,25.0,25.0
ORD-202608-00578,Restaurantul Nostru,Coca-Cola / Coca-Cola Zero 0.33L,Băuturi Răcoritoare & Cafea,2,12.0,24.0
ORD-202608-00579,Restaurantul Nostru,Muștar Clasic,Sosuri & Extra,2,4.0,8.0
ORD-202608-00579,Restaurantul Nostru,Cârnați Picanți de Pleșcoi,Cârnați & Platouri,2,42.0,84.0
ORD-202608-00580,Restaurantul Nostru,Ceafă de Porc la Grătar,Preparate la Grătar & Mici,1,38.0,38.0
ORD-202608-00580,Restaurantul Nostru,Salată Grecească,Salate,1,34.0,34.0
ORD-202608-00580,Restaurantul Nostru,Muștar Clasic,Sosuri & Extra,1,4.0,4.0
ORD-202608-00580,Restaurantul Nostru,Ciorbă de Văcuță,Ciorbe & Supe,1,25.0,25.0
ORD-202608-00580,Restaurantul Nostru,Papanași cu Smântână și Dulceață de Afine (2 buc),Desert,1,32.0,32.0
ORD-202608-00581,Restaurantul Nostru,Smântână Proaspătă 20%,Sosuri & Extra,1,5.0,5.0
ORD-202608-00581,Restaurantul Nostru,Pastramă de Oaie la Tigaie cu Mămăligă,Mâncăruri Gătite & Specialități,1,56.0,56.0
ORD-202608-00581,Restaurantul Nostru,Ciorbă Rădăuțeană de Pui,Ciorbe & Supe,3,26.0,78.0
ORD-202608-00581,Restaurantul Nostru,Cappuccino cu Spumă de Lapte,Băuturi Răcoritoare & Cafea,2,15.0,30.0
ORD-202608-00581,Restaurantul Nostru,Piure de Cartofi cu Unt,Garnituri,1,16.0,16.0
ORD-202608-00582,Restaurantul Nostru,Bere Ciuc Premium la Draught 0.4L,Băuturi Alcoolice & Bere,1,14.0,14.0
ORD-202608-00582,Restaurantul Nostru,Smântână Proaspătă 20%,Sosuri & Extra,1,5.0,5.0
ORD-202608-00582,Restaurantul Nostru,Sos Barbeque,Sosuri & Extra,1,6.0,6.0
ORD-202608-00583,Restaurantul Nostru,Ceafă de Porc la Grătar,Preparate la Grătar & Mici,1,38.0,38.0
ORD-202608-00583,Restaurantul Nostru,Țuică de Prune Ardelenească 50ml,Băuturi Alcoolice & Bere,2,18.0,36.0
ORD-202608-00583,Restaurantul Nostru,Salată Caesar cu Pui la Grătar,Salate,1,38.0,38.0
ORD-202608-00583,Restaurantul Nostru,Papanași cu Smântână și Dulceață de Afine (2 buc),Desert,1,32.0,32.0
ORD-202608-00584,Restaurantul Nostru,Tochitură Moldovenească cu Mămăligă,Mâncăruri Gătite & Specialități,2,48.0,96.0
ORD-202608-00584,Restaurantul Nostru,Muștar Clasic,Sosuri & Extra,2,4.0,8.0
ORD-202608-00584,Restaurantul Nostru,Vin Purcari Rară Neagră Sticlă 0.75L,Băuturi Alcoolice & Bere,1,95.0,95.0
ORD-202608-00584,Restaurantul Nostru,Platou Boieresc (2-3 persoane),Cârnați & Platouri,1,145.0,145.0
ORD-202608-00584,Restaurantul Nostru,Limonadă Proaspătă cu Miere și Mentă 0.5L,Băuturi Răcoritoare & Cafea,2,20.0,40.0
ORD-202608-00585,Restaurantul Nostru,Pachet Vinul Casei Fetească Regală 1L,Băuturi Alcoolice & Bere,2,55.0,110.0
ORD-202608-00585,Restaurantul Nostru,Ștrudel de Mere cu Sos de Vanilie,Desert,1,25.0,25.0
ORD-202608-00586,Restaurantul Nostru,Mici de Oaie și Vită (1 buc),Preparate la Grătar & Mici,1,8.5,8.5
ORD-202608-00586,Restaurantul Nostru,Salată de Ardei Copți,Salate,1,16.0,16.0
ORD-202608-00587,Restaurantul Nostru,Limonadă Proaspătă cu Miere și Mentă 0.5L,Băuturi Răcoritoare & Cafea,1,20.0,20.0
ORD-202608-00587,Restaurantul Nostru,Supă Cremă de Legume cu Crutoane,Ciorbe & Supe,1,22.0,22.0
ORD-202608-00587,Restaurantul Nostru,Piure de Cartofi cu Unt,Garnituri,1,16.0,16.0
ORD-202608-00588,Restaurantul Nostru,Coș de Pâine de Casă,Sosuri & Extra,2,7.0,14.0
ORD-202608-00588,Restaurantul Nostru,Muștar Clasic,Sosuri & Extra,1,4.0,4.0
ORD-202608-00589,Restaurantul Nostru,Apă Minerală / Plată Borsec 0.5L,Băuturi Răcoritoare & Cafea,1,10.0,10.0
ORD-202608-00589,Restaurantul Nostru,Pachet Vinul Casei Fetească Regală 1L,Băuturi Alcoolice & Bere,1,55.0,55.0
ORD-202608-00589,Restaurantul Nostru,Piure de Cartofi cu Unt,Garnituri,1,16.0,16.0
ORD-202608-00589,Restaurantul Nostru,Bere Ciuc Premium la Draught 0.4L,Băuturi Alcoolice & Bere,1,14.0,14.0
ORD-202608-00589,Restaurantul Nostru,Lava Cake cu Înghețată de Vanilie,Desert,1,28.0,28.0
ORD-202608-00590,Restaurantul Nostru,Cașcaval Pane Crocant,Aperitive & Gustări,2,28.0,56.0
ORD-202608-00590,Restaurantul Nostru,Cappuccino cu Spumă de Lapte,Băuturi Răcoritoare & Cafea,1,15.0,15.0
ORD-202608-00590,Restaurantul Nostru,Lava Cake cu Înghețată de Vanilie,Desert,1,28.0,28.0
ORD-202608-00590,Restaurantul Nostru,Pachet Vinul Casei Fetească Regală 1L,Băuturi Alcoolice & Bere,1,55.0,55.0
ORD-202608-00591,Restaurantul Nostru,Vin Purcari Rară Neagră Sticlă 0.75L,Băuturi Alcoolice & Bere,2,95.0,190.0
ORD-202608-00591,Restaurantul Nostru,Sos Barbeque,Sosuri & Extra,1,6.0,6.0
ORD-202608-00591,Restaurantul Nostru,Smântână Proaspătă 20%,Sosuri & Extra,1,5.0,5.0
ORD-202608-00591,Restaurantul Nostru,Cașcaval Pane Crocant,Aperitive & Gustări,1,28.0,28.0
ORD-202608-00591,Restaurantul Nostru,Iahnie de Fasole cu Bacon,Garnituri,1,16.0,16.0
ORD-202608-00592,Restaurantul Nostru,Tochitură Moldovenească cu Mămăligă,Mâncăruri Gătite & Specialități,1,48.0,48.0
ORD-202608-00592,Restaurantul Nostru,Ștrudel de Mere cu Sos de Vanilie,Desert,1,25.0,25.0
ORD-202608-00593,Restaurantul Nostru,Ștrudel de Mere cu Sos de Vanilie,Desert,1,25.0,25.0
ORD-202608-00593,Restaurantul Nostru,Fasole Bătută cu Ceapă Călită,Aperitive & Gustări,1,20.0,20.0
ORD-202608-00593,Restaurantul Nostru,Muștar Clasic,Sosuri & Extra,1,4.0,4.0
ORD-202608-00593,Restaurantul Nostru,Cârnați Picanți de Pleșcoi,Cârnați & Platouri,1,42.0,42.0
ORD-202608-00593,Restaurantul Nostru,Piure de Cartofi cu Unt,Garnituri,3,16.0,48.0
ORD-202608-00594,Restaurantul Nostru,Ciorbă Rădăuțeană de Pui,Ciorbe & Supe,1,26.0,26.0
ORD-202608-00594,Restaurantul Nostru,Salată Caesar cu Pui la Grătar,Salate,1,38.0,38.0
ORD-202608-00595,Restaurantul Nostru,Ciorbă Rădăuțeană de Pui,Ciorbe & Supe,1,26.0,26.0
ORD-202608-00595,Restaurantul Nostru,Piept de Pui la Grătar,Preparate la Grătar & Mici,1,34.0,34.0
ORD-202608-00595,Restaurantul Nostru,Bere Ciuc Premium la Draught 0.4L,Băuturi Alcoolice & Bere,1,14.0,14.0
ORD-202608-00595,Restaurantul Nostru,Iahnie de Fasole cu Bacon,Garnituri,1,16.0,16.0
ORD-202608-00595,Restaurantul Nostru,Mici Românești de Vită-Porc (1 buc),Preparate la Grătar & Mici,1,7.5,7.5
ORD-202608-00596,Restaurantul Nostru,Pastramă de Oaie la Tigaie cu Mămăligă,Mâncăruri Gătite & Specialități,1,56.0,56.0
ORD-202608-00596,Restaurantul Nostru,Ciolan de Porc Rumexit la Cuptor,Mâncăruri Gătite & Specialități,1,78.0,78.0
ORD-202608-00596,Restaurantul Nostru,Vin Purcari Rară Neagră Sticlă 0.75L,Băuturi Alcoolice & Bere,2,95.0,190.0
ORD-202608-00596,Restaurantul Nostru,Mici de Oaie și Vită (1 buc),Preparate la Grătar & Mici,1,8.5,8.5
ORD-202608-00597,Restaurantul Nostru,Cartofi Prăjiți cu Usturoi și Parmezan,Garnituri,1,18.0,18.0
ORD-202608-00597,Restaurantul Nostru,Salată de Ardei Copți,Salate,3,16.0,48.0
ORD-202608-00597,Restaurantul Nostru,Mici Românești de Vită-Porc (1 buc),Preparate la Grătar & Mici,1,7.5,7.5
ORD-202608-00597,Restaurantul Nostru,Fasole Bătută cu Ceapă Călită,Aperitive & Gustări,1,20.0,20.0
ORD-202608-00598,Restaurantul Nostru,Bere Nepasteurizată Zăganu 0.5L,Băuturi Alcoolice & Bere,1,22.0,22.0
ORD-202608-00598,Restaurantul Nostru,Apă Minerală / Plată Borsec 0.5L,Băuturi Răcoritoare & Cafea,1,10.0,10.0
ORD-202608-00598,Restaurantul Nostru,Piure de Cartofi cu Unt,Garnituri,1,16.0,16.0
ORD-202608-00599,Restaurantul Nostru,Salată Caesar cu Pui la Grătar,Salate,1,38.0,38.0
ORD-202608-00599,Restaurantul Nostru,Ciorbă de Burtiță Tradițională,Ciorbe & Supe,3,28.0,84.0
ORD-202608-00599,Restaurantul Nostru,Limonadă Proaspătă cu Miere și Mentă 0.5L,Băuturi Răcoritoare & Cafea,1,20.0,20.0
ORD-202608-00599,Restaurantul Nostru,Mămăliguță Caldă,Garnituri,1,8.0,8.0
ORD-202608-00600,Restaurantul Nostru,Varză Călită în Vin cu Chimen,Garnituri,1,15.0,15.0
ORD-202608-00600,Restaurantul Nostru,Fasole Bătută cu Ceapă Călită,Aperitive & Gustări,2,20.0,40.0
ORD-202608-00600,Restaurantul Nostru,Șnițel Gigant de Pui Pane,Mâncăruri Gătite & Specialități,1,36.0,36.0
ORD-202608-00601,Restaurantul Nostru,Supă Cremă de Legume cu Crutoane,Ciorbe & Supe,1,22.0,22.0
ORD-202608-00601,Restaurantul Nostru,Fasole Bătută cu Ceapă Călită,Aperitive & Gustări,1,20.0,20.0
ORD-202608-00601,Restaurantul Nostru,Mămăliguță Caldă,Garnituri,1,8.0,8.0
ORD-202608-00602,Restaurantul Nostru,Ciorbă Rădăuțeană de Pui,Ciorbe & Supe,1,26.0,26.0
ORD-202608-00602,Restaurantul Nostru,Salată de Ardei Copți,Salate,1,16.0,16.0
ORD-202608-00602,Restaurantul Nostru,Platou Gustări Rece Tradiționale,Cârnați & Platouri,1,85.0,85.0
ORD-202608-00602,Restaurantul Nostru,Papanași cu Smântână și Dulceață de Afine (2 buc),Desert,2,32.0,64.0
ORD-202608-00602,Restaurantul Nostru,Varză Călită în Vin cu Chimen,Garnituri,1,15.0,15.0
ORD-202608-00603,Restaurantul Nostru,Cappuccino cu Spumă de Lapte,Băuturi Răcoritoare & Cafea,1,15.0,15.0
ORD-202608-00603,Restaurantul Nostru,Supă Cremă de Legume cu Crutoane,Ciorbe & Supe,3,22.0,66.0
ORD-202608-00603,Restaurantul Nostru,Salată de Vinete Coapte pe Plită,Aperitive & Gustări,1,24.0,24.0
ORD-202608-00603,Restaurantul Nostru,Cartofi Prăjiți cu Usturoi și Parmezan,Garnituri,1,18.0,18.0
ORD-202608-00604,Restaurantul Nostru,Lava Cake cu Înghețată de Vanilie,Desert,1,28.0,28.0
ORD-202608-00604,Restaurantul Nostru,Piept de Pui la Grătar,Preparate la Grătar & Mici,1,34.0,34.0
ORD-202608-00604,Restaurantul Nostru,Cașcaval Pane Crocant,Aperitive & Gustări,1,28.0,28.0
ORD-202608-00604,Restaurantul Nostru,Sarmale Românești în Foi de Varză (4 buc),Mâncăruri Gătite & Specialități,1,44.0,44.0
ORD-202608-00605,Restaurantul Nostru,Varză Călită în Vin cu Chimen,Garnituri,1,15.0,15.0
ORD-202608-00605,Restaurantul Nostru,Tochitură Moldovenească cu Mămăligă,Mâncăruri Gătite & Specialități,2,48.0,96.0
ORD-202608-00605,Restaurantul Nostru,Salată Caesar cu Pui la Grătar,Salate,1,38.0,38.0
ORD-202608-00606,Restaurantul Nostru,Frigărui de Berbecuț,Preparate la Grătar & Mici,1,58.0,58.0
ORD-202608-00606,Restaurantul Nostru,Lava Cake cu Înghețată de Vanilie,Desert,2,28.0,56.0
ORD-202608-00607,Restaurantul Nostru,Cașcaval Pane Crocant,Aperitive & Gustări,1,28.0,28.0
ORD-202608-00607,Restaurantul Nostru,Lava Cake cu Înghețată de Vanilie,Desert,1,28.0,28.0
ORD-202608-00607,Restaurantul Nostru,Smântână Proaspătă 20%,Sosuri & Extra,1,5.0,5.0
ORD-202608-00608,Restaurantul Nostru,Lava Cake cu Înghețată de Vanilie,Desert,1,28.0,28.0
ORD-202608-00608,Restaurantul Nostru,Ceafă de Porc la Grătar,Preparate la Grătar & Mici,2,38.0,76.0
ORD-202608-00608,Restaurantul Nostru,Coș de Pâine de Casă,Sosuri & Extra,1,7.0,7.0
ORD-202608-00608,Restaurantul Nostru,Burger Casei cu Cartofi Prăjiți,Mâncăruri Gătite & Specialități,3,49.0,147.0
ORD-202608-00609,Restaurantul Nostru,Platou Gustări Rece Tradiționale,Cârnați & Platouri,1,85.0,85.0
ORD-202608-00609,Restaurantul Nostru,Salată de Vinete Coapte pe Plită,Aperitive & Gustări,1,24.0,24.0
ORD-202608-00609,Restaurantul Nostru,Mici de Oaie și Vită (1 buc),Preparate la Grătar & Mici,1,8.5,8.5
ORD-202608-00609,Restaurantul Nostru,Ciorbă de Perișoare,Ciorbe & Supe,1,24.0,24.0
ORD-202608-00610,Restaurantul Nostru,Bere Nepasteurizată Zăganu 0.5L,Băuturi Alcoolice & Bere,1,22.0,22.0
ORD-202608-00610,Restaurantul Nostru,Piept de Pui la Grătar,Preparate la Grătar & Mici,1,34.0,34.0
ORD-202608-00611,Restaurantul Nostru,Muștar Clasic,Sosuri & Extra,1,4.0,4.0
ORD-202608-00611,Restaurantul Nostru,Bere Nepasteurizată Zăganu 0.5L,Băuturi Alcoolice & Bere,1,22.0,22.0
ORD-202608-00611,Restaurantul Nostru,Șnițel Gigant de Pui Pane,Mâncăruri Gătite & Specialități,1,36.0,36.0
ORD-202608-00611,Restaurantul Nostru,Salată Caesar cu Pui la Grătar,Salate,1,38.0,38.0
ORD-202608-00612,Restaurantul Nostru,Muștar Clasic,Sosuri & Extra,1,4.0,4.0
ORD-202608-00612,Restaurantul Nostru,Platou Gustări Rece Tradiționale,Cârnați & Platouri,1,85.0,85.0
ORD-202608-00613,Restaurantul Nostru,Frăție de Mici & Cârnați,Preparate la Grătar & Mici,1,54.0,54.0
ORD-202608-00613,Restaurantul Nostru,Burger Casei cu Cartofi Prăjiți,Mâncăruri Gătite & Specialități,1,49.0,49.0
ORD-202608-00613,Restaurantul Nostru,Cașcaval Pane Crocant,Aperitive & Gustări,1,28.0,28.0
ORD-202608-00613,Restaurantul Nostru,Sos Barbeque,Sosuri & Extra,1,6.0,6.0
ORD-202608-00613,Restaurantul Nostru,Fasole Bătută cu Ceapă Călită,Aperitive & Gustări,2,20.0,40.0
ORD-202608-00614,Restaurantul Nostru,Bere Ciuc Premium la Draught 0.4L,Băuturi Alcoolice & Bere,1,14.0,14.0
ORD-202608-00614,Restaurantul Nostru,Mămăliguță Caldă,Garnituri,1,8.0,8.0
ORD-202608-00614,Restaurantul Nostru,Limonadă Proaspătă cu Miere și Mentă 0.5L,Băuturi Răcoritoare & Cafea,1,20.0,20.0
ORD-202608-00614,Restaurantul Nostru,Coca-Cola / Coca-Cola Zero 0.33L,Băuturi Răcoritoare & Cafea,1,12.0,12.0
ORD-202608-00614,Restaurantul Nostru,Mici de Oaie și Vită (1 buc),Preparate la Grătar & Mici,1,8.5,8.5
ORD-202608-00615,Restaurantul Nostru,Cașcaval Pane Crocant,Aperitive & Gustări,2,28.0,56.0
ORD-202608-00615,Restaurantul Nostru,Platou Cârnați Asortați,Cârnați & Platouri,1,95.0,95.0
ORD-202608-00615,Restaurantul Nostru,Pastramă de Oaie la Tigaie cu Mămăligă,Mâncăruri Gătite & Specialități,1,56.0,56.0
ORD-202608-00615,Restaurantul Nostru,Mujdei de Usturoi Tradițional,Sosuri & Extra,2,5.0,10.0
ORD-202608-00615,Restaurantul Nostru,Cappuccino cu Spumă de Lapte,Băuturi Răcoritoare & Cafea,1,15.0,15.0
ORD-202608-00616,Restaurantul Nostru,Supă Cremă de Legume cu Crutoane,Ciorbe & Supe,1,22.0,22.0
ORD-202608-00616,Restaurantul Nostru,Salată de Vinete Coapte pe Plită,Aperitive & Gustări,2,24.0,48.0
ORD-202608-00616,Restaurantul Nostru,Piure de Cartofi cu Unt,Garnituri,2,16.0,32.0
ORD-202608-00616,Restaurantul Nostru,Frigărui de Berbecuț,Preparate la Grătar & Mici,2,58.0,116.0
ORD-202608-00616,Restaurantul Nostru,Burger Casei cu Cartofi Prăjiți,Mâncăruri Gătite & Specialități,1,49.0,49.0
ORD-202608-00617,Restaurantul Nostru,Pachet Vinul Casei Fetească Regală 1L,Băuturi Alcoolice & Bere,1,55.0,55.0
ORD-202608-00617,Restaurantul Nostru,Lava Cake cu Înghețată de Vanilie,Desert,1,28.0,28.0
ORD-202608-00617,Restaurantul Nostru,Vin Purcari Rară Neagră Sticlă 0.75L,Băuturi Alcoolice & Bere,1,95.0,95.0
ORD-202608-00618,Restaurantul Nostru,Ciorbă de Burtiță Tradițională,Ciorbe & Supe,1,28.0,28.0
ORD-202608-00618,Restaurantul Nostru,Cappuccino cu Spumă de Lapte,Băuturi Răcoritoare & Cafea,3,15.0,45.0
ORD-202608-00618,Restaurantul Nostru,Cartofi Prăjiți cu Usturoi și Parmezan,Garnituri,1,18.0,18.0
ORD-202608-00619,Restaurantul Nostru,Piept de Pui la Grătar,Preparate la Grătar & Mici,1,34.0,34.0
ORD-202608-00619,Restaurantul Nostru,Salată de Murături Asortate,Salate,2,14.0,28.0
ORD-202608-00619,Restaurantul Nostru,Bulz Ardelenesc la Grătar,Aperitive & Gustări,1,32.0,32.0
ORD-202608-00620,Restaurantul Nostru,Pachet Vinul Casei Fetească Regală 1L,Băuturi Alcoolice & Bere,2,55.0,110.0
ORD-202608-00620,Restaurantul Nostru,Țuică de Prune Ardelenească 50ml,Băuturi Alcoolice & Bere,1,18.0,18.0
ORD-202608-00620,Restaurantul Nostru,Coca-Cola / Coca-Cola Zero 0.33L,Băuturi Răcoritoare & Cafea,2,12.0,24.0
ORD-202608-00621,Restaurantul Nostru,Salată Grecească,Salate,1,34.0,34.0
ORD-202608-00621,Restaurantul Nostru,Salată de Vinete Coapte pe Plită,Aperitive & Gustări,1,24.0,24.0
ORD-202608-00621,Restaurantul Nostru,Varză Călită în Vin cu Chimen,Garnituri,2,15.0,30.0
ORD-202608-00622,Restaurantul Nostru,Salată Caesar cu Pui la Grătar,Salate,1,38.0,38.0
ORD-202608-00622,Restaurantul Nostru,Varză Călită în Vin cu Chimen,Garnituri,1,15.0,15.0
ORD-202608-00623,Restaurantul Nostru,Sarmale Românești în Foi de Varză (4 buc),Mâncăruri Gătite & Specialități,2,44.0,88.0
ORD-202608-00623,Restaurantul Nostru,Varză Călită în Vin cu Chimen,Garnituri,3,15.0,45.0
ORD-202608-00623,Restaurantul Nostru,Salată Grecească,Salate,2,34.0,68.0
ORD-202608-00624,Restaurantul Nostru,Frăție de Mici & Cârnați,Preparate la Grătar & Mici,1,54.0,54.0
ORD-202608-00624,Restaurantul Nostru,Salată de Ardei Copți,Salate,1,16.0,16.0
ORD-202608-00624,Restaurantul Nostru,Șnițel Gigant de Pui Pane,Mâncăruri Gătite & Specialități,1,36.0,36.0
ORD-202608-00624,Restaurantul Nostru,Supă Cremă de Legume cu Crutoane,Ciorbe & Supe,1,22.0,22.0
ORD-202608-00624,Restaurantul Nostru,Platou Gustări Rece Tradiționale,Cârnați & Platouri,1,85.0,85.0
ORD-202608-00625,Restaurantul Nostru,Frăție de Mici & Cârnați,Preparate la Grătar & Mici,1,54.0,54.0
ORD-202608-00625,Restaurantul Nostru,Mujdei de Usturoi Tradițional,Sosuri & Extra,1,5.0,5.0
ORD-202608-00625,Restaurantul Nostru,Vin Purcari Rară Neagră Sticlă 0.75L,Băuturi Alcoolice & Bere,1,95.0,95.0
ORD-202608-00625,Restaurantul Nostru,Piept de Pui la Grătar,Preparate la Grătar & Mici,2,34.0,68.0
ORD-202608-00626,Restaurantul Nostru,Smântână Proaspătă 20%,Sosuri & Extra,1,5.0,5.0
ORD-202608-00626,Restaurantul Nostru,Mici Românești de Vită-Porc (1 buc),Preparate la Grătar & Mici,2,7.5,15.0
ORD-202608-00626,Restaurantul Nostru,Muștar Clasic,Sosuri & Extra,1,4.0,4.0
ORD-202608-00626,Restaurantul Nostru,Pachet Vinul Casei Fetească Regală 1L,Băuturi Alcoolice & Bere,1,55.0,55.0
ORD-202608-00627,Restaurantul Nostru,Platou Cârnați Asortați,Cârnați & Platouri,2,95.0,190.0
ORD-202608-00627,Restaurantul Nostru,Fasole Bătută cu Ceapă Călită,Aperitive & Gustări,1,20.0,20.0
ORD-202608-00627,Restaurantul Nostru,Salată Caesar cu Pui la Grătar,Salate,1,38.0,38.0
ORD-202608-00628,Restaurantul Nostru,Cartofi Prăjiți cu Usturoi și Parmezan,Garnituri,1,18.0,18.0
ORD-202608-00628,Restaurantul Nostru,Varză Călită în Vin cu Chimen,Garnituri,1,15.0,15.0
ORD-202608-00629,Restaurantul Nostru,Pachet Vinul Casei Fetească Regală 1L,Băuturi Alcoolice & Bere,2,55.0,110.0
ORD-202608-00629,Restaurantul Nostru,Ciorbă Rădăuțeană de Pui,Ciorbe & Supe,1,26.0,26.0
ORD-202608-00630,Restaurantul Nostru,Bere Ciuc Premium la Draught 0.4L,Băuturi Alcoolice & Bere,2,14.0,28.0
ORD-202608-00630,Restaurantul Nostru,Mujdei de Usturoi Tradițional,Sosuri & Extra,1,5.0,5.0
ORD-202608-00630,Restaurantul Nostru,Vin Purcari Rară Neagră Sticlă 0.75L,Băuturi Alcoolice & Bere,1,95.0,95.0
ORD-202608-00630,Restaurantul Nostru,Iahnie de Fasole cu Bacon,Garnituri,1,16.0,16.0
ORD-202608-00631,Restaurantul Nostru,Papanași cu Smântână și Dulceață de Afine (2 buc),Desert,1,32.0,32.0
ORD-202608-00631,Restaurantul Nostru,Mici Românești de Vită-Porc (1 buc),Preparate la Grătar & Mici,1,7.5,7.5
ORD-202608-00631,Restaurantul Nostru,Cappuccino cu Spumă de Lapte,Băuturi Răcoritoare & Cafea,1,15.0,15.0
ORD-202608-00631,Restaurantul Nostru,Pastramă de Oaie la Tigaie cu Mămăligă,Mâncăruri Gătite & Specialități,1,56.0,56.0
ORD-202608-00632,Restaurantul Nostru,Pastramă de Oaie la Tigaie cu Mămăligă,Mâncăruri Gătite & Specialități,1,56.0,56.0
ORD-202608-00632,Restaurantul Nostru,Fasole Bătută cu Ceapă Călită,Aperitive & Gustări,2,20.0,40.0
ORD-202608-00633,Restaurantul Nostru,Șnițel Gigant de Pui Pane,Mâncăruri Gătite & Specialități,1,36.0,36.0
ORD-202608-00633,Restaurantul Nostru,Lava Cake cu Înghețată de Vanilie,Desert,1,28.0,28.0
ORD-202608-00634,Restaurantul Nostru,Limonadă Proaspătă cu Miere și Mentă 0.5L,Băuturi Răcoritoare & Cafea,1,20.0,20.0
ORD-202608-00634,Restaurantul Nostru,Mămăliguță Caldă,Garnituri,1,8.0,8.0
ORD-202608-00634,Restaurantul Nostru,Bere Nepasteurizată Zăganu 0.5L,Băuturi Alcoolice & Bere,2,22.0,44.0
ORD-202608-00634,Restaurantul Nostru,Lava Cake cu Înghețată de Vanilie,Desert,1,28.0,28.0
ORD-202608-00634,Restaurantul Nostru,Sarmale Românești în Foi de Varză (4 buc),Mâncăruri Gătite & Specialități,1,44.0,44.0
ORD-202608-00635,Restaurantul Nostru,Supă Cremă de Legume cu Crutoane,Ciorbe & Supe,1,22.0,22.0
ORD-202608-00635,Restaurantul Nostru,Lava Cake cu Înghețată de Vanilie,Desert,1,28.0,28.0
ORD-202608-00635,Restaurantul Nostru,Bere Heineken 0.33L,Băuturi Alcoolice & Bere,1,16.0,16.0
ORD-202608-00635,Restaurantul Nostru,Coca-Cola / Coca-Cola Zero 0.33L,Băuturi Răcoritoare & Cafea,1,12.0,12.0
ORD-202608-00636,Restaurantul Nostru,Ștrudel de Mere cu Sos de Vanilie,Desert,1,25.0,25.0
ORD-202608-00636,Restaurantul Nostru,Bulz Ardelenesc la Grătar,Aperitive & Gustări,1,32.0,32.0
ORD-202608-00636,Restaurantul Nostru,Mici Românești de Vită-Porc (1 buc),Preparate la Grătar & Mici,2,7.5,15.0
ORD-202608-00636,Restaurantul Nostru,Tochitură Moldovenească cu Mămăligă,Mâncăruri Gătite & Specialități,1,48.0,48.0
ORD-202608-00637,Restaurantul Nostru,Bere Ciuc Premium la Draught 0.4L,Băuturi Alcoolice & Bere,3,14.0,42.0
ORD-202608-00637,Restaurantul Nostru,Piept de Pui la Grătar,Preparate la Grătar & Mici,1,34.0,34.0
ORD-202608-00638,Restaurantul Nostru,Ceafă de Porc la Grătar,Preparate la Grătar & Mici,3,38.0,114.0
ORD-202608-00638,Restaurantul Nostru,Sarmale Românești în Foi de Varză (4 buc),Mâncăruri Gătite & Specialități,1,44.0,44.0
ORD-202608-00638,Restaurantul Nostru,Tochitură Moldovenească cu Mămăligă,Mâncăruri Gătite & Specialități,1,48.0,48.0
ORD-202608-00638,Restaurantul Nostru,Burger Casei cu Cartofi Prăjiți,Mâncăruri Gătite & Specialități,1,49.0,49.0
ORD-202608-00638,Restaurantul Nostru,Piure de Cartofi cu Unt,Garnituri,2,16.0,32.0
ORD-202608-00639,Restaurantul Nostru,Ciorbă de Văcuță,Ciorbe & Supe,1,25.0,25.0
ORD-202608-00639,Restaurantul Nostru,Bere Heineken 0.33L,Băuturi Alcoolice & Bere,1,16.0,16.0
ORD-202608-00639,Restaurantul Nostru,Pastramă de Oaie la Tigaie cu Mămăligă,Mâncăruri Gătite & Specialități,1,56.0,56.0
ORD-202608-00640,Restaurantul Nostru,Coca-Cola / Coca-Cola Zero 0.33L,Băuturi Răcoritoare & Cafea,1,12.0,12.0
ORD-202608-00640,Restaurantul Nostru,Pachet Vinul Casei Fetească Regală 1L,Băuturi Alcoolice & Bere,1,55.0,55.0
ORD-202608-00640,Restaurantul Nostru,Salată de Murături Asortate,Salate,1,14.0,14.0
ORD-202608-00640,Restaurantul Nostru,Clătite cu Finetti și Banane (2 buc),Desert,1,22.0,22.0
ORD-202608-00641,Restaurantul Nostru,Platou Gustări Rece Tradiționale,Cârnați & Platouri,1,85.0,85.0
ORD-202608-00641,Restaurantul Nostru,Cappuccino cu Spumă de Lapte,Băuturi Răcoritoare & Cafea,1,15.0,15.0
ORD-202608-00642,Restaurantul Nostru,Cașcaval Pane Crocant,Aperitive & Gustări,1,28.0,28.0
ORD-202608-00642,Restaurantul Nostru,Piept de Pui la Grătar,Preparate la Grătar & Mici,2,34.0,68.0
ORD-202608-00643,Restaurantul Nostru,Supă Cremă de Legume cu Crutoane,Ciorbe & Supe,3,22.0,66.0
ORD-202608-00643,Restaurantul Nostru,Salată de Vinete Coapte pe Plită,Aperitive & Gustări,1,24.0,24.0
ORD-202608-00644,Restaurantul Nostru,Platou Boieresc (2-3 persoane),Cârnați & Platouri,1,145.0,145.0
ORD-202608-00644,Restaurantul Nostru,Mămăliguță Caldă,Garnituri,1,8.0,8.0
ORD-202608-00644,Restaurantul Nostru,Fasole Bătută cu Ceapă Călită,Aperitive & Gustări,1,20.0,20.0
ORD-202608-00644,Restaurantul Nostru,Sos Barbeque,Sosuri & Extra,1,6.0,6.0
ORD-202608-00644,Restaurantul Nostru,Papanași cu Smântână și Dulceață de Afine (2 buc),Desert,1,32.0,32.0
ORD-202608-00645,Restaurantul Nostru,Coș de Pâine de Casă,Sosuri & Extra,1,7.0,7.0
ORD-202608-00645,Restaurantul Nostru,Ceafă de Porc la Grătar,Preparate la Grătar & Mici,1,38.0,38.0
ORD-202608-00646,Restaurantul Nostru,Piure de Cartofi cu Unt,Garnituri,1,16.0,16.0
ORD-202608-00646,Restaurantul Nostru,Ștrudel de Mere cu Sos de Vanilie,Desert,2,25.0,50.0
ORD-202608-00646,Restaurantul Nostru,Platou Gustări Rece Tradiționale,Cârnați & Platouri,1,85.0,85.0
ORD-202608-00646,Restaurantul Nostru,Ceafă de Porc la Grătar,Preparate la Grătar & Mici,2,38.0,76.0
ORD-202608-00646,Restaurantul Nostru,Piept de Pui la Grătar,Preparate la Grătar & Mici,1,34.0,34.0
ORD-202608-00647,Restaurantul Nostru,Ștrudel de Mere cu Sos de Vanilie,Desert,2,25.0,50.0
ORD-202608-00647,Restaurantul Nostru,Salată Grecească,Salate,1,34.0,34.0
ORD-202608-00647,Restaurantul Nostru,Ciorbă Rădăuțeană de Pui,Ciorbe & Supe,1,26.0,26.0
ORD-202608-00647,Restaurantul Nostru,Cârnați Picanți de Pleșcoi,Cârnați & Platouri,1,42.0,42.0
ORD-202608-00648,Restaurantul Nostru,Sos Barbeque,Sosuri & Extra,1,6.0,6.0
ORD-202608-00648,Restaurantul Nostru,Mujdei de Usturoi Tradițional,Sosuri & Extra,1,5.0,5.0
ORD-202608-00648,Restaurantul Nostru,Ciolan de Porc Rumexit la Cuptor,Mâncăruri Gătite & Specialități,2,78.0,156.0
ORD-202608-00649,Restaurantul Nostru,Muștar Clasic,Sosuri & Extra,1,4.0,4.0
ORD-202608-00649,Restaurantul Nostru,Piure de Cartofi cu Unt,Garnituri,2,16.0,32.0
ORD-202608-00649,Restaurantul Nostru,Ceafă de Porc la Grătar,Preparate la Grătar & Mici,2,38.0,76.0
ORD-202608-00649,Restaurantul Nostru,Salată de Vinete Coapte pe Plită,Aperitive & Gustări,1,24.0,24.0
ORD-202608-00650,Restaurantul Nostru,Piure de Cartofi cu Unt,Garnituri,1,16.0,16.0
ORD-202608-00650,Restaurantul Nostru,Ciorbă de Burtiță Tradițională,Ciorbe & Supe,1,28.0,28.0
ORD-202608-00650,Restaurantul Nostru,Ciolan de Porc Rumexit la Cuptor,Mâncăruri Gătite & Specialități,1,78.0,78.0
ORD-202608-00651,Restaurantul Nostru,Bere Nepasteurizată Zăganu 0.5L,Băuturi Alcoolice & Bere,1,22.0,22.0
ORD-202608-00651,Restaurantul Nostru,Ciorbă de Perișoare,Ciorbe & Supe,1,24.0,24.0
ORD-202608-00651,Restaurantul Nostru,Apă Minerală / Plată Borsec 0.5L,Băuturi Răcoritoare & Cafea,1,10.0,10.0
ORD-202608-00651,Restaurantul Nostru,Varză Călită în Vin cu Chimen,Garnituri,1,15.0,15.0
ORD-202608-00651,Restaurantul Nostru,Bere Ciuc Premium la Draught 0.4L,Băuturi Alcoolice & Bere,1,14.0,14.0
ORD-202608-00652,Restaurantul Nostru,Mici Românești de Vită-Porc (1 buc),Preparate la Grătar & Mici,1,7.5,7.5
ORD-202608-00652,Restaurantul Nostru,Salată Caesar cu Pui la Grătar,Salate,1,38.0,38.0
ORD-202608-00653,Restaurantul Nostru,Cappuccino cu Spumă de Lapte,Băuturi Răcoritoare & Cafea,1,15.0,15.0
ORD-202608-00653,Restaurantul Nostru,Vin Purcari Rară Neagră Sticlă 0.75L,Băuturi Alcoolice & Bere,1,95.0,95.0
ORD-202608-00654,Restaurantul Nostru,Mămăliguță Caldă,Garnituri,1,8.0,8.0
ORD-202608-00654,Restaurantul Nostru,Ciorbă Rădăuțeană de Pui,Ciorbe & Supe,1,26.0,26.0
ORD-202608-00654,Restaurantul Nostru,Clătite cu Finetti și Banane (2 buc),Desert,1,22.0,22.0
ORD-202608-00654,Restaurantul Nostru,Mujdei de Usturoi Tradițional,Sosuri & Extra,1,5.0,5.0
ORD-202608-00655,Restaurantul Nostru,Țuică de Prune Ardelenească 50ml,Băuturi Alcoolice & Bere,1,18.0,18.0
ORD-202608-00655,Restaurantul Nostru,Mămăliguță Caldă,Garnituri,1,8.0,8.0
ORD-202608-00655,Restaurantul Nostru,Șnițel Gigant de Pui Pane,Mâncăruri Gătite & Specialități,1,36.0,36.0
ORD-202608-00655,Restaurantul Nostru,Platou Gustări Rece Tradiționale,Cârnați & Platouri,1,85.0,85.0
ORD-202608-00656,Restaurantul Nostru,Papanași cu Smântână și Dulceață de Afine (2 buc),Desert,1,32.0,32.0
ORD-202608-00656,Restaurantul Nostru,Lava Cake cu Înghețată de Vanilie,Desert,1,28.0,28.0
ORD-202608-00657,Restaurantul Nostru,Salată de Murături Asortate,Salate,1,14.0,14.0
ORD-202608-00657,Restaurantul Nostru,Șnițel Gigant de Pui Pane,Mâncăruri Gătite & Specialități,2,36.0,72.0
ORD-202608-00657,Restaurantul Nostru,Bere Nepasteurizată Zăganu 0.5L,Băuturi Alcoolice & Bere,1,22.0,22.0
ORD-202608-00657,Restaurantul Nostru,Cartofi Prăjiți cu Usturoi și Parmezan,Garnituri,1,18.0,18.0
ORD-202608-00658,Restaurantul Nostru,Bere Nepasteurizată Zăganu 0.5L,Băuturi Alcoolice & Bere,1,22.0,22.0
ORD-202608-00658,Restaurantul Nostru,Mici Românești de Vită-Porc (1 buc),Preparate la Grătar & Mici,2,7.5,15.0
ORD-202608-00658,Restaurantul Nostru,Ciorbă de Perișoare,Ciorbe & Supe,1,24.0,24.0
ORD-202608-00659,Restaurantul Nostru,Ceafă de Porc la Grătar,Preparate la Grătar & Mici,1,38.0,38.0
ORD-202608-00659,Restaurantul Nostru,Ștrudel de Mere cu Sos de Vanilie,Desert,1,25.0,25.0
ORD-202608-00659,Restaurantul Nostru,Mămăliguță Caldă,Garnituri,3,8.0,24.0
ORD-202608-00659,Restaurantul Nostru,Clătite cu Finetti și Banane (2 buc),Desert,1,22.0,22.0
ORD-202608-00659,Restaurantul Nostru,Salată de Murături Asortate,Salate,1,14.0,14.0
ORD-202608-00660,Restaurantul Nostru,Mujdei de Usturoi Tradițional,Sosuri & Extra,1,5.0,5.0
ORD-202608-00660,Restaurantul Nostru,Tochitură Moldovenească cu Mămăligă,Mâncăruri Gătite & Specialități,2,48.0,96.0
ORD-202608-00660,Restaurantul Nostru,Salată de Vinete Coapte pe Plită,Aperitive & Gustări,3,24.0,72.0
ORD-202608-00660,Restaurantul Nostru,Burger Casei cu Cartofi Prăjiți,Mâncăruri Gătite & Specialități,1,49.0,49.0
ORD-202608-00660,Restaurantul Nostru,Ceafă de Porc la Grătar,Preparate la Grătar & Mici,1,38.0,38.0
ORD-202608-00661,Restaurantul Nostru,Iahnie de Fasole cu Bacon,Garnituri,1,16.0,16.0
ORD-202608-00661,Restaurantul Nostru,Sos Barbeque,Sosuri & Extra,1,6.0,6.0
ORD-202608-00662,Restaurantul Nostru,Salată Caesar cu Pui la Grătar,Salate,1,38.0,38.0
ORD-202608-00662,Restaurantul Nostru,Sarmale Românești în Foi de Varză (4 buc),Mâncăruri Gătite & Specialități,2,44.0,88.0
ORD-202608-00662,Restaurantul Nostru,Ștrudel de Mere cu Sos de Vanilie,Desert,1,25.0,25.0
ORD-202608-00662,Restaurantul Nostru,Frăție de Mici & Cârnați,Preparate la Grătar & Mici,1,54.0,54.0
ORD-202608-00663,Restaurantul Nostru,Piure de Cartofi cu Unt,Garnituri,1,16.0,16.0
ORD-202608-00663,Restaurantul Nostru,Coca-Cola / Coca-Cola Zero 0.33L,Băuturi Răcoritoare & Cafea,1,12.0,12.0
ORD-202608-00663,Restaurantul Nostru,Salată de Ardei Copți,Salate,2,16.0,32.0
ORD-202608-00663,Restaurantul Nostru,Burger Casei cu Cartofi Prăjiți,Mâncăruri Gătite & Specialități,1,49.0,49.0
ORD-202608-00664,Restaurantul Nostru,Bere Ciuc Premium la Draught 0.4L,Băuturi Alcoolice & Bere,1,14.0,14.0
ORD-202608-00664,Restaurantul Nostru,Vin Purcari Rară Neagră Sticlă 0.75L,Băuturi Alcoolice & Bere,1,95.0,95.0
ORD-202608-00664,Restaurantul Nostru,Papanași cu Smântână și Dulceață de Afine (2 buc),Desert,1,32.0,32.0
ORD-202608-00665,Restaurantul Nostru,Mici de Oaie și Vită (1 buc),Preparate la Grătar & Mici,1,8.5,8.5
ORD-202608-00665,Restaurantul Nostru,Burger Casei cu Cartofi Prăjiți,Mâncăruri Gătite & Specialități,1,49.0,49.0
ORD-202608-00665,Restaurantul Nostru,Mujdei de Usturoi Tradițional,Sosuri & Extra,2,5.0,10.0
ORD-202608-00665,Restaurantul Nostru,Bere Nepasteurizată Zăganu 0.5L,Băuturi Alcoolice & Bere,1,22.0,22.0
ORD-202608-00666,Restaurantul Nostru,Muștar Clasic,Sosuri & Extra,2,4.0,8.0
ORD-202608-00666,Restaurantul Nostru,Varză Călită în Vin cu Chimen,Garnituri,2,15.0,30.0
ORD-202608-00667,Restaurantul Nostru,Frigărui de Berbecuț,Preparate la Grătar & Mici,2,58.0,116.0
ORD-202608-00667,Restaurantul Nostru,Cartofi Prăjiți cu Usturoi și Parmezan,Garnituri,1,18.0,18.0
ORD-202608-00668,Restaurantul Nostru,Bulz Ardelenesc la Grătar,Aperitive & Gustări,1,32.0,32.0
ORD-202608-00668,Restaurantul Nostru,Mici de Oaie și Vită (1 buc),Preparate la Grătar & Mici,1,8.5,8.5
ORD-202608-00669,Restaurantul Nostru,Frigărui de Berbecuț,Preparate la Grătar & Mici,1,58.0,58.0
ORD-202608-00669,Restaurantul Nostru,Coca-Cola / Coca-Cola Zero 0.33L,Băuturi Răcoritoare & Cafea,1,12.0,12.0
ORD-202608-00669,Restaurantul Nostru,Cappuccino cu Spumă de Lapte,Băuturi Răcoritoare & Cafea,1,15.0,15.0
ORD-202608-00670,Restaurantul Nostru,Cârnați Picanți de Pleșcoi,Cârnați & Platouri,1,42.0,42.0
ORD-202608-00670,Restaurantul Nostru,Burger Casei cu Cartofi Prăjiți,Mâncăruri Gătite & Specialități,1,49.0,49.0
ORD-202608-00671,Restaurantul Nostru,Bulz Ardelenesc la Grătar,Aperitive & Gustări,1,32.0,32.0
ORD-202608-00671,Restaurantul Nostru,Cartofi Prăjiți cu Usturoi și Parmezan,Garnituri,1,18.0,18.0
ORD-202608-00671,Restaurantul Nostru,Pachet Vinul Casei Fetească Regală 1L,Băuturi Alcoolice & Bere,1,55.0,55.0
ORD-202608-00671,Restaurantul Nostru,Platou Gustări Rece Tradiționale,Cârnați & Platouri,1,85.0,85.0
ORD-202608-00672,Restaurantul Nostru,Mici Românești de Vită-Porc (1 buc),Preparate la Grătar & Mici,3,7.5,22.5
ORD-202608-00672,Restaurantul Nostru,Ceafă de Porc la Grătar,Preparate la Grătar & Mici,1,38.0,38.0
ORD-202608-00672,Restaurantul Nostru,Lava Cake cu Înghețată de Vanilie,Desert,1,28.0,28.0
ORD-202608-00672,Restaurantul Nostru,Varză Călită în Vin cu Chimen,Garnituri,1,15.0,15.0
ORD-202608-00672,Restaurantul Nostru,Papanași cu Smântână și Dulceață de Afine (2 buc),Desert,2,32.0,64.0
ORD-202608-00673,Restaurantul Nostru,Fasole Bătută cu Ceapă Călită,Aperitive & Gustări,1,20.0,20.0
ORD-202608-00673,Restaurantul Nostru,Cașcaval Pane Crocant,Aperitive & Gustări,2,28.0,56.0
ORD-202608-00673,Restaurantul Nostru,Salată Grecească,Salate,1,34.0,34.0
ORD-202608-00673,Restaurantul Nostru,Vin Purcari Rară Neagră Sticlă 0.75L,Băuturi Alcoolice & Bere,1,95.0,95.0
ORD-202608-00674,Restaurantul Nostru,Bere Heineken 0.33L,Băuturi Alcoolice & Bere,3,16.0,48.0
ORD-202608-00674,Restaurantul Nostru,Ciolan de Porc Rumexit la Cuptor,Mâncăruri Gătite & Specialități,2,78.0,156.0
ORD-202608-00674,Restaurantul Nostru,Salată de Vinete Coapte pe Plită,Aperitive & Gustări,1,24.0,24.0
ORD-202608-00674,Restaurantul Nostru,Țuică de Prune Ardelenească 50ml,Băuturi Alcoolice & Bere,2,18.0,36.0
ORD-202608-00674,Restaurantul Nostru,Coca-Cola / Coca-Cola Zero 0.33L,Băuturi Răcoritoare & Cafea,1,12.0,12.0
ORD-202608-00675,Restaurantul Nostru,Papanași cu Smântână și Dulceață de Afine (2 buc),Desert,2,32.0,64.0
ORD-202608-00675,Restaurantul Nostru,Platou Cârnați Asortați,Cârnați & Platouri,1,95.0,95.0
ORD-202608-00675,Restaurantul Nostru,Platou Boieresc (2-3 persoane),Cârnați & Platouri,2,145.0,290.0
ORD-202608-00675,Restaurantul Nostru,Cașcaval Pane Crocant,Aperitive & Gustări,1,28.0,28.0
ORD-202608-00676,Restaurantul Nostru,Ciorbă de Burtiță Tradițională,Ciorbe & Supe,1,28.0,28.0
ORD-202608-00676,Restaurantul Nostru,Coș de Pâine de Casă,Sosuri & Extra,3,7.0,21.0
ORD-202608-00676,Restaurantul Nostru,Ciorbă de Văcuță,Ciorbe & Supe,2,25.0,50.0
ORD-202608-00676,Restaurantul Nostru,Platou Gustări Rece Tradiționale,Cârnați & Platouri,1,85.0,85.0
ORD-202608-00677,Restaurantul Nostru,Frigărui de Berbecuț,Preparate la Grătar & Mici,2,58.0,116.0
ORD-202608-00677,Restaurantul Nostru,Salată de Vinete Coapte pe Plită,Aperitive & Gustări,1,24.0,24.0
ORD-202608-00678,Restaurantul Nostru,Platou Boieresc (2-3 persoane),Cârnați & Platouri,3,145.0,435.0
ORD-202608-00678,Restaurantul Nostru,Supă Cremă de Legume cu Crutoane,Ciorbe & Supe,1,22.0,22.0
ORD-202608-00678,Restaurantul Nostru,Cartofi Prăjiți cu Usturoi și Parmezan,Garnituri,1,18.0,18.0
ORD-202608-00678,Restaurantul Nostru,Țuică de Prune Ardelenească 50ml,Băuturi Alcoolice & Bere,1,18.0,18.0
ORD-202608-00678,Restaurantul Nostru,Ciorbă de Burtiță Tradițională,Ciorbe & Supe,1,28.0,28.0
ORD-202608-00679,Restaurantul Nostru,Sarmale Românești în Foi de Varză (4 buc),Mâncăruri Gătite & Specialități,3,44.0,132.0
ORD-202608-00679,Restaurantul Nostru,Burger Casei cu Cartofi Prăjiți,Mâncăruri Gătite & Specialități,1,49.0,49.0
ORD-202608-00679,Restaurantul Nostru,Șnițel Gigant de Pui Pane,Mâncăruri Gătite & Specialități,2,36.0,72.0
ORD-202608-00679,Restaurantul Nostru,Salată de Murături Asortate,Salate,1,14.0,14.0
ORD-202608-00680,Restaurantul Nostru,Șnițel Gigant de Pui Pane,Mâncăruri Gătite & Specialități,1,36.0,36.0
ORD-202608-00680,Restaurantul Nostru,Burger Casei cu Cartofi Prăjiți,Mâncăruri Gătite & Specialități,1,49.0,49.0
ORD-202608-00680,Restaurantul Nostru,Salată de Vinete Coapte pe Plită,Aperitive & Gustări,3,24.0,72.0
ORD-202608-00680,Restaurantul Nostru,Vin Purcari Rară Neagră Sticlă 0.75L,Băuturi Alcoolice & Bere,1,95.0,95.0
ORD-202608-00680,Restaurantul Nostru,Pachet Vinul Casei Fetească Regală 1L,Băuturi Alcoolice & Bere,1,55.0,55.0
ORD-202608-00681,Restaurantul Nostru,Sos Barbeque,Sosuri & Extra,1,6.0,6.0
ORD-202608-00681,Restaurantul Nostru,Limonadă Proaspătă cu Miere și Mentă 0.5L,Băuturi Răcoritoare & Cafea,1,20.0,20.0
ORD-202608-00681,Restaurantul Nostru,Platou Cârnați Asortați,Cârnați & Platouri,2,95.0,190.0
ORD-202608-00682,Restaurantul Nostru,Bere Heineken 0.33L,Băuturi Alcoolice & Bere,1,16.0,16.0
ORD-202608-00682,Restaurantul Nostru,Bere Nepasteurizată Zăganu 0.5L,Băuturi Alcoolice & Bere,1,22.0,22.0
ORD-202608-00682,Restaurantul Nostru,Ciorbă de Perișoare,Ciorbe & Supe,1,24.0,24.0
ORD-202608-00683,Restaurantul Nostru,Mujdei de Usturoi Tradițional,Sosuri & Extra,1,5.0,5.0
ORD-202608-00683,Restaurantul Nostru,Espresso Scurt / Lung Julius Meinl,Băuturi Răcoritoare & Cafea,1,12.0,12.0
ORD-202608-00684,Restaurantul Nostru,Ciorbă Rădăuțeană de Pui,Ciorbe & Supe,1,26.0,26.0
ORD-202608-00684,Restaurantul Nostru,Ciorbă de Perișoare,Ciorbe & Supe,1,24.0,24.0
ORD-202608-00685,Restaurantul Nostru,Ciorbă de Văcuță,Ciorbe & Supe,1,25.0,25.0
ORD-202608-00685,Restaurantul Nostru,Șnițel Gigant de Pui Pane,Mâncăruri Gătite & Specialități,1,36.0,36.0
ORD-202608-00685,Restaurantul Nostru,Cappuccino cu Spumă de Lapte,Băuturi Răcoritoare & Cafea,1,15.0,15.0
ORD-202608-00685,Restaurantul Nostru,Papanași cu Smântână și Dulceață de Afine (2 buc),Desert,1,32.0,32.0
ORD-202608-00686,Restaurantul Nostru,Muștar Clasic,Sosuri & Extra,1,4.0,4.0
ORD-202608-00686,Restaurantul Nostru,Coș de Pâine de Casă,Sosuri & Extra,2,7.0,14.0
ORD-202608-00686,Restaurantul Nostru,Pastramă de Oaie la Tigaie cu Mămăligă,Mâncăruri Gătite & Specialități,3,56.0,168.0
ORD-202608-00687,Restaurantul Nostru,Salată de Murături Asortate,Salate,1,14.0,14.0
ORD-202608-00687,Restaurantul Nostru,Ștrudel de Mere cu Sos de Vanilie,Desert,1,25.0,25.0
ORD-202608-00687,Restaurantul Nostru,Frigărui de Berbecuț,Preparate la Grătar & Mici,1,58.0,58.0
ORD-202608-00688,Restaurantul Nostru,Papanași cu Smântână și Dulceață de Afine (2 buc),Desert,1,32.0,32.0
ORD-202608-00688,Restaurantul Nostru,Ciorbă de Perișoare,Ciorbe & Supe,1,24.0,24.0
ORD-202608-00688,Restaurantul Nostru,Bere Nepasteurizată Zăganu 0.5L,Băuturi Alcoolice & Bere,1,22.0,22.0
ORD-202608-00689,Restaurantul Nostru,Lava Cake cu Înghețată de Vanilie,Desert,1,28.0,28.0
ORD-202608-00689,Restaurantul Nostru,Varză Călită în Vin cu Chimen,Garnituri,1,15.0,15.0
ORD-202608-00689,Restaurantul Nostru,Bere Heineken 0.33L,Băuturi Alcoolice & Bere,1,16.0,16.0
ORD-202608-00690,Restaurantul Nostru,Sos Barbeque,Sosuri & Extra,1,6.0,6.0
ORD-202608-00690,Restaurantul Nostru,Clătite cu Finetti și Banane (2 buc),Desert,1,22.0,22.0
ORD-202608-00691,Restaurantul Nostru,Salată Grecească,Salate,2,34.0,68.0
ORD-202608-00691,Restaurantul Nostru,Mujdei de Usturoi Tradițional,Sosuri & Extra,2,5.0,10.0
ORD-202608-00692,Restaurantul Nostru,Ștrudel de Mere cu Sos de Vanilie,Desert,1,25.0,25.0
ORD-202608-00692,Restaurantul Nostru,Bulz Ardelenesc la Grătar,Aperitive & Gustări,1,32.0,32.0
ORD-202608-00692,Restaurantul Nostru,Coca-Cola / Coca-Cola Zero 0.33L,Băuturi Răcoritoare & Cafea,1,12.0,12.0
ORD-202608-00692,Restaurantul Nostru,Bere Nepasteurizată Zăganu 0.5L,Băuturi Alcoolice & Bere,1,22.0,22.0
ORD-202608-00692,Restaurantul Nostru,Limonadă Proaspătă cu Miere și Mentă 0.5L,Băuturi Răcoritoare & Cafea,1,20.0,20.0
ORD-202608-00693,Restaurantul Nostru,Mici Românești de Vită-Porc (1 buc),Preparate la Grătar & Mici,1,7.5,7.5
ORD-202608-00693,Restaurantul Nostru,Ciorbă Rădăuțeană de Pui,Ciorbe & Supe,1,26.0,26.0
ORD-202608-00694,Restaurantul Nostru,Ceafă de Porc la Grătar,Preparate la Grătar & Mici,1,38.0,38.0
ORD-202608-00694,Restaurantul Nostru,Cappuccino cu Spumă de Lapte,Băuturi Răcoritoare & Cafea,2,15.0,30.0
ORD-202608-00694,Restaurantul Nostru,Țuică de Prune Ardelenească 50ml,Băuturi Alcoolice & Bere,1,18.0,18.0
ORD-202608-00695,Restaurantul Nostru,Bulz Ardelenesc la Grătar,Aperitive & Gustări,1,32.0,32.0
ORD-202608-00695,Restaurantul Nostru,Salată Grecească,Salate,1,34.0,34.0
ORD-202608-00696,Restaurantul Nostru,Bere Heineken 0.33L,Băuturi Alcoolice & Bere,2,16.0,32.0
ORD-202608-00696,Restaurantul Nostru,Bere Ciuc Premium la Draught 0.4L,Băuturi Alcoolice & Bere,1,14.0,14.0
ORD-202608-00696,Restaurantul Nostru,Pastramă de Oaie la Tigaie cu Mămăligă,Mâncăruri Gătite & Specialități,2,56.0,112.0
ORD-202608-00696,Restaurantul Nostru,Sos Barbeque,Sosuri & Extra,2,6.0,12.0
ORD-202608-00696,Restaurantul Nostru,Cârnați Picanți de Pleșcoi,Cârnați & Platouri,1,42.0,42.0
ORD-202608-00697,Restaurantul Nostru,Clătite cu Finetti și Banane (2 buc),Desert,1,22.0,22.0
ORD-202608-00697,Restaurantul Nostru,Pastramă de Oaie la Tigaie cu Mămăligă,Mâncăruri Gătite & Specialități,1,56.0,56.0
ORD-202608-00697,Restaurantul Nostru,Platou Gustări Rece Tradiționale,Cârnați & Platouri,1,85.0,85.0
ORD-202608-00697,Restaurantul Nostru,Mici de Oaie și Vită (1 buc),Preparate la Grătar & Mici,1,8.5,8.5
ORD-202608-00697,Restaurantul Nostru,Cârnați Picanți de Pleșcoi,Cârnați & Platouri,1,42.0,42.0
ORD-202608-00698,Restaurantul Nostru,Ciorbă de Perișoare,Ciorbe & Supe,1,24.0,24.0
ORD-202608-00698,Restaurantul Nostru,Coș de Pâine de Casă,Sosuri & Extra,1,7.0,7.0
ORD-202608-00698,Restaurantul Nostru,Pastramă de Oaie la Tigaie cu Mămăligă,Mâncăruri Gătite & Specialități,2,56.0,112.0
ORD-202608-00699,Restaurantul Nostru,Papanași cu Smântână și Dulceață de Afine (2 buc),Desert,1,32.0,32.0
ORD-202608-00699,Restaurantul Nostru,Apă Minerală / Plată Borsec 0.5L,Băuturi Răcoritoare & Cafea,1,10.0,10.0
ORD-202608-00700,Restaurantul Nostru,Ciorbă de Văcuță,Ciorbe & Supe,1,25.0,25.0
ORD-202608-00700,Restaurantul Nostru,Fasole Bătută cu Ceapă Călită,Aperitive & Gustări,2,20.0,40.0
ORD-202608-00700,Restaurantul Nostru,Cașcaval Pane Crocant,Aperitive & Gustări,1,28.0,28.0
ORD-202608-00700,Restaurantul Nostru,Ciorbă de Burtiță Tradițională,Ciorbe & Supe,3,28.0,84.0
ORD-202608-00700,Restaurantul Nostru,Bere Ciuc Premium la Draught 0.4L,Băuturi Alcoolice & Bere,1,14.0,14.0
ORD-202608-00701,Restaurantul Nostru,Piure de Cartofi cu Unt,Garnituri,1,16.0,16.0
ORD-202608-00701,Restaurantul Nostru,Sos Barbeque,Sosuri & Extra,1,6.0,6.0
ORD-202608-00701,Restaurantul Nostru,Bulz Ardelenesc la Grătar,Aperitive & Gustări,2,32.0,64.0
ORD-202608-00701,Restaurantul Nostru,Fasole Bătută cu Ceapă Călită,Aperitive & Gustări,3,20.0,60.0
ORD-202608-00702,Restaurantul Nostru,Bere Nepasteurizată Zăganu 0.5L,Băuturi Alcoolice & Bere,1,22.0,22.0
ORD-202608-00702,Restaurantul Nostru,Limonadă Proaspătă cu Miere și Mentă 0.5L,Băuturi Răcoritoare & Cafea,1,20.0,20.0
ORD-202608-00703,Restaurantul Nostru,Espresso Scurt / Lung Julius Meinl,Băuturi Răcoritoare & Cafea,1,12.0,12.0
ORD-202608-00703,Restaurantul Nostru,Salată de Murături Asortate,Salate,1,14.0,14.0
ORD-202608-00703,Restaurantul Nostru,Burger Casei cu Cartofi Prăjiți,Mâncăruri Gătite & Specialități,1,49.0,49.0
ORD-202608-00703,Restaurantul Nostru,Ciorbă Rădăuțeană de Pui,Ciorbe & Supe,1,26.0,26.0
ORD-202608-00704,Restaurantul Nostru,Ciorbă de Burtiță Tradițională,Ciorbe & Supe,1,28.0,28.0
ORD-202608-00704,Restaurantul Nostru,Varză Călită în Vin cu Chimen,Garnituri,1,15.0,15.0
ORD-202608-00704,Restaurantul Nostru,Țuică de Prune Ardelenească 50ml,Băuturi Alcoolice & Bere,1,18.0,18.0
ORD-202608-00704,Restaurantul Nostru,Ciorbă de Perișoare,Ciorbe & Supe,1,24.0,24.0
ORD-202608-00705,Restaurantul Nostru,Apă Minerală / Plată Borsec 0.5L,Băuturi Răcoritoare & Cafea,1,10.0,10.0
ORD-202608-00705,Restaurantul Nostru,Pastramă de Oaie la Tigaie cu Mămăligă,Mâncăruri Gătite & Specialități,1,56.0,56.0
ORD-202608-00705,Restaurantul Nostru,Cartofi Prăjiți cu Usturoi și Parmezan,Garnituri,1,18.0,18.0
ORD-202608-00706,Restaurantul Nostru,Cârnați Picanți de Pleșcoi,Cârnați & Platouri,1,42.0,42.0
ORD-202608-00706,Restaurantul Nostru,Ciorbă de Burtiță Tradițională,Ciorbe & Supe,2,28.0,56.0
ORD-202608-00706,Restaurantul Nostru,Salată de Ardei Copți,Salate,1,16.0,16.0
ORD-202608-00706,Restaurantul Nostru,Bere Heineken 0.33L,Băuturi Alcoolice & Bere,1,16.0,16.0
ORD-202608-00707,Restaurantul Nostru,Salată de Ardei Copți,Salate,2,16.0,32.0
ORD-202608-00707,Restaurantul Nostru,Iahnie de Fasole cu Bacon,Garnituri,1,16.0,16.0
ORD-202608-00707,Restaurantul Nostru,Bere Nepasteurizată Zăganu 0.5L,Băuturi Alcoolice & Bere,1,22.0,22.0
ORD-202608-00708,Restaurantul Nostru,Piure de Cartofi cu Unt,Garnituri,1,16.0,16.0
ORD-202608-00708,Restaurantul Nostru,Ceafă de Porc la Grătar,Preparate la Grătar & Mici,1,38.0,38.0
ORD-202608-00708,Restaurantul Nostru,Ștrudel de Mere cu Sos de Vanilie,Desert,1,25.0,25.0
ORD-202608-00708,Restaurantul Nostru,Muștar Clasic,Sosuri & Extra,1,4.0,4.0
ORD-202608-00709,Restaurantul Nostru,Coca-Cola / Coca-Cola Zero 0.33L,Băuturi Răcoritoare & Cafea,3,12.0,36.0
ORD-202608-00709,Restaurantul Nostru,Pastramă de Oaie la Tigaie cu Mămăligă,Mâncăruri Gătite & Specialități,1,56.0,56.0
ORD-202608-00709,Restaurantul Nostru,Frigărui de Berbecuț,Preparate la Grătar & Mici,1,58.0,58.0
ORD-202608-00709,Restaurantul Nostru,Șnițel Gigant de Pui Pane,Mâncăruri Gătite & Specialități,1,36.0,36.0
ORD-202608-00709,Restaurantul Nostru,Bere Ciuc Premium la Draught 0.4L,Băuturi Alcoolice & Bere,2,14.0,28.0
ORD-202608-00710,Restaurantul Nostru,Bere Nepasteurizată Zăganu 0.5L,Băuturi Alcoolice & Bere,1,22.0,22.0
ORD-202608-00710,Restaurantul Nostru,Salată de Vinete Coapte pe Plită,Aperitive & Gustări,1,24.0,24.0
ORD-202608-00710,Restaurantul Nostru,Ștrudel de Mere cu Sos de Vanilie,Desert,1,25.0,25.0
ORD-202608-00711,Restaurantul Nostru,Sarmale Românești în Foi de Varză (4 buc),Mâncăruri Gătite & Specialități,2,44.0,88.0
ORD-202608-00711,Restaurantul Nostru,Ciorbă de Perișoare,Ciorbe & Supe,3,24.0,72.0
ORD-202608-00712,Restaurantul Nostru,Mujdei de Usturoi Tradițional,Sosuri & Extra,2,5.0,10.0
ORD-202608-00712,Restaurantul Nostru,Ștrudel de Mere cu Sos de Vanilie,Desert,1,25.0,25.0
ORD-202608-00713,Restaurantul Nostru,Mămăliguță Caldă,Garnituri,1,8.0,8.0
ORD-202608-00713,Restaurantul Nostru,Platou Boieresc (2-3 persoane),Cârnați & Platouri,1,145.0,145.0
ORD-202608-00713,Restaurantul Nostru,Mici Românești de Vită-Porc (1 buc),Preparate la Grătar & Mici,1,7.5,7.5
ORD-202608-00713,Restaurantul Nostru,Papanași cu Smântână și Dulceață de Afine (2 buc),Desert,1,32.0,32.0
ORD-202608-00714,Restaurantul Nostru,Piept de Pui la Grătar,Preparate la Grătar & Mici,1,34.0,34.0
ORD-202608-00714,Restaurantul Nostru,Muștar Clasic,Sosuri & Extra,1,4.0,4.0
ORD-202608-00715,Restaurantul Nostru,Vin Purcari Rară Neagră Sticlă 0.75L,Băuturi Alcoolice & Bere,2,95.0,190.0
ORD-202608-00715,Restaurantul Nostru,Cappuccino cu Spumă de Lapte,Băuturi Răcoritoare & Cafea,1,15.0,15.0
ORD-202608-00715,Restaurantul Nostru,Sarmale Românești în Foi de Varză (4 buc),Mâncăruri Gătite & Specialități,1,44.0,44.0
ORD-202608-00715,Restaurantul Nostru,Tochitură Moldovenească cu Mămăligă,Mâncăruri Gătite & Specialități,1,48.0,48.0
ORD-202608-00715,Restaurantul Nostru,Bere Heineken 0.33L,Băuturi Alcoolice & Bere,1,16.0,16.0
ORD-202608-00716,Restaurantul Nostru,Clătite cu Finetti și Banane (2 buc),Desert,1,22.0,22.0
ORD-202608-00716,Restaurantul Nostru,Vin Purcari Rară Neagră Sticlă 0.75L,Băuturi Alcoolice & Bere,1,95.0,95.0
ORD-202608-00717,Restaurantul Nostru,Cașcaval Pane Crocant,Aperitive & Gustări,1,28.0,28.0
ORD-202608-00717,Restaurantul Nostru,Salată de Murături Asortate,Salate,1,14.0,14.0
ORD-202608-00718,Restaurantul Nostru,Salată Caesar cu Pui la Grătar,Salate,1,38.0,38.0
ORD-202608-00718,Restaurantul Nostru,Platou Gustări Rece Tradiționale,Cârnați & Platouri,1,85.0,85.0
ORD-202608-00718,Restaurantul Nostru,Vin Purcari Rară Neagră Sticlă 0.75L,Băuturi Alcoolice & Bere,1,95.0,95.0
ORD-202608-00719,Restaurantul Nostru,Cappuccino cu Spumă de Lapte,Băuturi Răcoritoare & Cafea,1,15.0,15.0
ORD-202608-00719,Restaurantul Nostru,Ștrudel de Mere cu Sos de Vanilie,Desert,2,25.0,50.0
ORD-202608-00719,Restaurantul Nostru,Coca-Cola / Coca-Cola Zero 0.33L,Băuturi Răcoritoare & Cafea,2,12.0,24.0
ORD-202608-00719,Restaurantul Nostru,Supă Cremă de Legume cu Crutoane,Ciorbe & Supe,1,22.0,22.0
ORD-202608-00720,Restaurantul Nostru,Pachet Vinul Casei Fetească Regală 1L,Băuturi Alcoolice & Bere,2,55.0,110.0
ORD-202608-00720,Restaurantul Nostru,Supă Cremă de Legume cu Crutoane,Ciorbe & Supe,1,22.0,22.0
ORD-202608-00721,Restaurantul Nostru,Bere Heineken 0.33L,Băuturi Alcoolice & Bere,1,16.0,16.0
ORD-202608-00721,Restaurantul Nostru,Cartofi Prăjiți cu Usturoi și Parmezan,Garnituri,2,18.0,36.0
ORD-202608-00721,Restaurantul Nostru,Bere Nepasteurizată Zăganu 0.5L,Băuturi Alcoolice & Bere,1,22.0,22.0
ORD-202608-00721,Restaurantul Nostru,Ciolan de Porc Rumexit la Cuptor,Mâncăruri Gătite & Specialități,1,78.0,78.0
ORD-202608-00722,Restaurantul Nostru,Ceafă de Porc la Grătar,Preparate la Grătar & Mici,1,38.0,38.0
ORD-202608-00722,Restaurantul Nostru,Espresso Scurt / Lung Julius Meinl,Băuturi Răcoritoare & Cafea,1,12.0,12.0
ORD-202608-00723,Restaurantul Nostru,Smântână Proaspătă 20%,Sosuri & Extra,1,5.0,5.0
ORD-202608-00723,Restaurantul Nostru,Piept de Pui la Grătar,Preparate la Grătar & Mici,1,34.0,34.0
ORD-202608-00723,Restaurantul Nostru,Apă Minerală / Plată Borsec 0.5L,Băuturi Răcoritoare & Cafea,2,10.0,20.0
ORD-202608-00723,Restaurantul Nostru,Bere Ciuc Premium la Draught 0.4L,Băuturi Alcoolice & Bere,1,14.0,14.0
ORD-202608-00723,Restaurantul Nostru,Mici de Oaie și Vită (1 buc),Preparate la Grătar & Mici,1,8.5,8.5
ORD-202608-00724,Restaurantul Nostru,Salată Caesar cu Pui la Grătar,Salate,3,38.0,114.0
ORD-202608-00724,Restaurantul Nostru,Cârnați Picanți de Pleșcoi,Cârnați & Platouri,1,42.0,42.0
ORD-202608-00725,Restaurantul Nostru,Ștrudel de Mere cu Sos de Vanilie,Desert,1,25.0,25.0
ORD-202608-00725,Restaurantul Nostru,Țuică de Prune Ardelenească 50ml,Băuturi Alcoolice & Bere,1,18.0,18.0
ORD-202608-00725,Restaurantul Nostru,Mici Românești de Vită-Porc (1 buc),Preparate la Grătar & Mici,1,7.5,7.5
ORD-202608-00726,Restaurantul Nostru,Salată de Vinete Coapte pe Plită,Aperitive & Gustări,1,24.0,24.0
ORD-202608-00726,Restaurantul Nostru,Piure de Cartofi cu Unt,Garnituri,1,16.0,16.0
ORD-202608-00726,Restaurantul Nostru,Sarmale Românești în Foi de Varză (4 buc),Mâncăruri Gătite & Specialități,1,44.0,44.0
ORD-202608-00726,Restaurantul Nostru,Mici de Oaie și Vită (1 buc),Preparate la Grătar & Mici,1,8.5,8.5
ORD-202608-00727,Restaurantul Nostru,Salată Grecească,Salate,1,34.0,34.0
ORD-202608-00727,Restaurantul Nostru,Mici Românești de Vită-Porc (1 buc),Preparate la Grătar & Mici,1,7.5,7.5
ORD-202608-00727,Restaurantul Nostru,Mici de Oaie și Vită (1 buc),Preparate la Grătar & Mici,1,8.5,8.5
ORD-202608-00727,Restaurantul Nostru,Ceafă de Porc la Grătar,Preparate la Grătar & Mici,1,38.0,38.0
ORD-202608-00728,Restaurantul Nostru,Platou Boieresc (2-3 persoane),Cârnați & Platouri,1,145.0,145.0
ORD-202608-00728,Restaurantul Nostru,Frăție de Mici & Cârnați,Preparate la Grătar & Mici,1,54.0,54.0
ORD-202608-00729,Restaurantul Nostru,Ciolan de Porc Rumexit la Cuptor,Mâncăruri Gătite & Specialități,1,78.0,78.0
ORD-202608-00729,Restaurantul Nostru,Ciorbă de Văcuță,Ciorbe & Supe,1,25.0,25.0
ORD-202608-00730,Restaurantul Nostru,Mămăliguță Caldă,Garnituri,2,8.0,16.0
ORD-202608-00730,Restaurantul Nostru,Clătite cu Finetti și Banane (2 buc),Desert,1,22.0,22.0
ORD-202608-00730,Restaurantul Nostru,Fasole Bătută cu Ceapă Călită,Aperitive & Gustări,1,20.0,20.0
ORD-202608-00731,Restaurantul Nostru,Bere Heineken 0.33L,Băuturi Alcoolice & Bere,1,16.0,16.0
ORD-202608-00731,Restaurantul Nostru,Vin Purcari Rară Neagră Sticlă 0.75L,Băuturi Alcoolice & Bere,1,95.0,95.0
ORD-202608-00732,Restaurantul Nostru,Fasole Bătută cu Ceapă Călită,Aperitive & Gustări,1,20.0,20.0
ORD-202608-00732,Restaurantul Nostru,Iahnie de Fasole cu Bacon,Garnituri,1,16.0,16.0
ORD-202608-00732,Restaurantul Nostru,Salată de Ardei Copți,Salate,1,16.0,16.0
ORD-202608-00732,Restaurantul Nostru,Salată Grecească,Salate,2,34.0,68.0
ORD-202608-00732,Restaurantul Nostru,Ciorbă de Burtiță Tradițională,Ciorbe & Supe,2,28.0,56.0
ORD-202608-00733,Restaurantul Nostru,Vin Purcari Rară Neagră Sticlă 0.75L,Băuturi Alcoolice & Bere,1,95.0,95.0
ORD-202608-00733,Restaurantul Nostru,Bere Ciuc Premium la Draught 0.4L,Băuturi Alcoolice & Bere,1,14.0,14.0
ORD-202608-00733,Restaurantul Nostru,Lava Cake cu Înghețată de Vanilie,Desert,3,28.0,84.0
ORD-202608-00733,Restaurantul Nostru,Salată de Murături Asortate,Salate,2,14.0,28.0
ORD-202608-00733,Restaurantul Nostru,Bere Heineken 0.33L,Băuturi Alcoolice & Bere,2,16.0,32.0
ORD-202608-00734,Restaurantul Nostru,Smântână Proaspătă 20%,Sosuri & Extra,1,5.0,5.0
ORD-202608-00734,Restaurantul Nostru,Platou Gustări Rece Tradiționale,Cârnați & Platouri,1,85.0,85.0
ORD-202608-00734,Restaurantul Nostru,Piure de Cartofi cu Unt,Garnituri,1,16.0,16.0
ORD-202608-00734,Restaurantul Nostru,Fasole Bătută cu Ceapă Călită,Aperitive & Gustări,2,20.0,40.0
ORD-202608-00734,Restaurantul Nostru,Cașcaval Pane Crocant,Aperitive & Gustări,1,28.0,28.0
ORD-202608-00735,Restaurantul Nostru,Bulz Ardelenesc la Grătar,Aperitive & Gustări,1,32.0,32.0
ORD-202608-00735,Restaurantul Nostru,Platou Gustări Rece Tradiționale,Cârnați & Platouri,1,85.0,85.0
ORD-202608-00736,Restaurantul Nostru,Salată Caesar cu Pui la Grătar,Salate,2,38.0,76.0
ORD-202608-00736,Restaurantul Nostru,Cartofi Prăjiți cu Usturoi și Parmezan,Garnituri,1,18.0,18.0
ORD-202608-00736,Restaurantul Nostru,Salată de Ardei Copți,Salate,1,16.0,16.0
ORD-202608-00736,Restaurantul Nostru,Sos Barbeque,Sosuri & Extra,1,6.0,6.0
ORD-202608-00736,Restaurantul Nostru,Pachet Vinul Casei Fetească Regală 1L,Băuturi Alcoolice & Bere,1,55.0,55.0
ORD-202608-00737,Restaurantul Nostru,Bere Nepasteurizată Zăganu 0.5L,Băuturi Alcoolice & Bere,1,22.0,22.0
ORD-202608-00737,Restaurantul Nostru,Bere Ciuc Premium la Draught 0.4L,Băuturi Alcoolice & Bere,2,14.0,28.0
ORD-202608-00738,Restaurantul Nostru,Frigărui de Berbecuț,Preparate la Grătar & Mici,1,58.0,58.0
ORD-202608-00738,Restaurantul Nostru,Șnițel Gigant de Pui Pane,Mâncăruri Gătite & Specialități,1,36.0,36.0
ORD-202608-00738,Restaurantul Nostru,Mujdei de Usturoi Tradițional,Sosuri & Extra,1,5.0,5.0
ORD-202608-00738,Restaurantul Nostru,Varză Călită în Vin cu Chimen,Garnituri,1,15.0,15.0
ORD-202608-00739,Restaurantul Nostru,Espresso Scurt / Lung Julius Meinl,Băuturi Răcoritoare & Cafea,1,12.0,12.0
ORD-202608-00739,Restaurantul Nostru,Platou Gustări Rece Tradiționale,Cârnați & Platouri,1,85.0,85.0
ORD-202608-00739,Restaurantul Nostru,Frigărui de Berbecuț,Preparate la Grătar & Mici,3,58.0,174.0
ORD-202608-00739,Restaurantul Nostru,Tochitură Moldovenească cu Mămăligă,Mâncăruri Gătite & Specialități,1,48.0,48.0
ORD-202608-00740,Restaurantul Nostru,Vin Purcari Rară Neagră Sticlă 0.75L,Băuturi Alcoolice & Bere,1,95.0,95.0
ORD-202608-00740,Restaurantul Nostru,Ciorbă Rădăuțeană de Pui,Ciorbe & Supe,1,26.0,26.0
ORD-202608-00740,Restaurantul Nostru,Espresso Scurt / Lung Julius Meinl,Băuturi Răcoritoare & Cafea,1,12.0,12.0
ORD-202608-00741,Restaurantul Nostru,Salată Grecească,Salate,1,34.0,34.0
ORD-202608-00741,Restaurantul Nostru,Ceafă de Porc la Grătar,Preparate la Grătar & Mici,1,38.0,38.0
ORD-202608-00742,Restaurantul Nostru,Pachet Vinul Casei Fetească Regală 1L,Băuturi Alcoolice & Bere,1,55.0,55.0
ORD-202608-00742,Restaurantul Nostru,Piept de Pui la Grătar,Preparate la Grătar & Mici,1,34.0,34.0
ORD-202608-00742,Restaurantul Nostru,Bere Nepasteurizată Zăganu 0.5L,Băuturi Alcoolice & Bere,1,22.0,22.0
ORD-202608-00742,Restaurantul Nostru,Mici de Oaie și Vită (1 buc),Preparate la Grătar & Mici,1,8.5,8.5
ORD-202608-00742,Restaurantul Nostru,Limonadă Proaspătă cu Miere și Mentă 0.5L,Băuturi Răcoritoare & Cafea,1,20.0,20.0
ORD-202608-00743,Restaurantul Nostru,Bere Ciuc Premium la Draught 0.4L,Băuturi Alcoolice & Bere,1,14.0,14.0
ORD-202608-00743,Restaurantul Nostru,Cârnați Picanți de Pleșcoi,Cârnați & Platouri,1,42.0,42.0
ORD-202608-00743,Restaurantul Nostru,Supă Cremă de Legume cu Crutoane,Ciorbe & Supe,1,22.0,22.0
ORD-202608-00743,Restaurantul Nostru,Platou Gustări Rece Tradiționale,Cârnați & Platouri,1,85.0,85.0
ORD-202608-00743,Restaurantul Nostru,Vin Purcari Rară Neagră Sticlă 0.75L,Băuturi Alcoolice & Bere,1,95.0,95.0
ORD-202608-00744,Restaurantul Nostru,Lava Cake cu Înghețată de Vanilie,Desert,1,28.0,28.0
ORD-202608-00744,Restaurantul Nostru,Limonadă Proaspătă cu Miere și Mentă 0.5L,Băuturi Răcoritoare & Cafea,1,20.0,20.0
ORD-202608-00744,Restaurantul Nostru,Platou Gustări Rece Tradiționale,Cârnați & Platouri,1,85.0,85.0
ORD-202608-00745,Restaurantul Nostru,Smântână Proaspătă 20%,Sosuri & Extra,1,5.0,5.0
ORD-202608-00745,Restaurantul Nostru,Salată Grecească,Salate,1,34.0,34.0
ORD-202608-00745,Restaurantul Nostru,Salată Caesar cu Pui la Grătar,Salate,3,38.0,114.0
ORD-202608-00746,Restaurantul Nostru,Vin Purcari Rară Neagră Sticlă 0.75L,Băuturi Alcoolice & Bere,1,95.0,95.0
ORD-202608-00746,Restaurantul Nostru,Ciorbă de Perișoare,Ciorbe & Supe,1,24.0,24.0
ORD-202608-00746,Restaurantul Nostru,Varză Călită în Vin cu Chimen,Garnituri,2,15.0,30.0
ORD-202608-00747,Restaurantul Nostru,Cașcaval Pane Crocant,Aperitive & Gustări,2,28.0,56.0
ORD-202608-00747,Restaurantul Nostru,Muștar Clasic,Sosuri & Extra,1,4.0,4.0
ORD-202608-00747,Restaurantul Nostru,Lava Cake cu Înghețată de Vanilie,Desert,1,28.0,28.0
ORD-202608-00747,Restaurantul Nostru,Bulz Ardelenesc la Grătar,Aperitive & Gustări,1,32.0,32.0
ORD-202608-00747,Restaurantul Nostru,Ciorbă de Văcuță,Ciorbe & Supe,1,25.0,25.0
ORD-202608-00748,Restaurantul Nostru,Cartofi Prăjiți cu Usturoi și Parmezan,Garnituri,1,18.0,18.0
ORD-202608-00748,Restaurantul Nostru,Cârnați Picanți de Pleșcoi,Cârnați & Platouri,1,42.0,42.0
ORD-202608-00748,Restaurantul Nostru,Salată de Murături Asortate,Salate,1,14.0,14.0
ORD-202608-00749,Restaurantul Nostru,Bulz Ardelenesc la Grătar,Aperitive & Gustări,2,32.0,64.0
ORD-202608-00749,Restaurantul Nostru,Ștrudel de Mere cu Sos de Vanilie,Desert,1,25.0,25.0
ORD-202608-00749,Restaurantul Nostru,Piure de Cartofi cu Unt,Garnituri,1,16.0,16.0
ORD-202608-00749,Restaurantul Nostru,Varză Călită în Vin cu Chimen,Garnituri,1,15.0,15.0
ORD-202608-00749,Restaurantul Nostru,Mici Românești de Vită-Porc (1 buc),Preparate la Grătar & Mici,1,7.5,7.5
ORD-202608-00750,Restaurantul Nostru,Clătite cu Finetti și Banane (2 buc),Desert,2,22.0,44.0
ORD-202608-00750,Restaurantul Nostru,Mici Românești de Vită-Porc (1 buc),Preparate la Grătar & Mici,1,7.5,7.5
ORD-202608-00750,Restaurantul Nostru,Ceafă de Porc la Grătar,Preparate la Grătar & Mici,1,38.0,38.0
ORD-202608-00751,Restaurantul Nostru,Lava Cake cu Înghețată de Vanilie,Desert,1,28.0,28.0
ORD-202608-00751,Restaurantul Nostru,Ciorbă de Perișoare,Ciorbe & Supe,1,24.0,24.0
ORD-202608-00751,Restaurantul Nostru,Varză Călită în Vin cu Chimen,Garnituri,3,15.0,45.0
ORD-202608-00752,Restaurantul Nostru,Vin Purcari Rară Neagră Sticlă 0.75L,Băuturi Alcoolice & Bere,1,95.0,95.0
ORD-202608-00752,Restaurantul Nostru,Cappuccino cu Spumă de Lapte,Băuturi Răcoritoare & Cafea,1,15.0,15.0
ORD-202608-00752,Restaurantul Nostru,Salată de Ardei Copți,Salate,1,16.0,16.0
ORD-202608-00753,Restaurantul Nostru,Coca-Cola / Coca-Cola Zero 0.33L,Băuturi Răcoritoare & Cafea,1,12.0,12.0
ORD-202608-00753,Restaurantul Nostru,Lava Cake cu Înghețată de Vanilie,Desert,2,28.0,56.0
ORD-202608-00753,Restaurantul Nostru,Mici Românești de Vită-Porc (1 buc),Preparate la Grătar & Mici,1,7.5,7.5
ORD-202608-00753,Restaurantul Nostru,Tochitură Moldovenească cu Mămăligă,Mâncăruri Gătite & Specialități,1,48.0,48.0
ORD-202608-00753,Restaurantul Nostru,Salată de Murături Asortate,Salate,1,14.0,14.0
ORD-202608-00754,Restaurantul Nostru,Bere Heineken 0.33L,Băuturi Alcoolice & Bere,2,16.0,32.0
ORD-202608-00754,Restaurantul Nostru,Platou Gustări Rece Tradiționale,Cârnați & Platouri,1,85.0,85.0
ORD-202608-00755,Restaurantul Nostru,Ciorbă de Văcuță,Ciorbe & Supe,1,25.0,25.0
ORD-202608-00755,Restaurantul Nostru,Ceafă de Porc la Grătar,Preparate la Grătar & Mici,1,38.0,38.0
ORD-202608-00756,Restaurantul Nostru,Salată de Ardei Copți,Salate,1,16.0,16.0
ORD-202608-00756,Restaurantul Nostru,Apă Minerală / Plată Borsec 0.5L,Băuturi Răcoritoare & Cafea,2,10.0,20.0
ORD-202608-00757,Restaurantul Nostru,Ciorbă de Burtiță Tradițională,Ciorbe & Supe,1,28.0,28.0
ORD-202608-00757,Restaurantul Nostru,Platou Cârnați Asortați,Cârnați & Platouri,1,95.0,95.0
ORD-202608-00757,Restaurantul Nostru,Sarmale Românești în Foi de Varză (4 buc),Mâncăruri Gătite & Specialități,1,44.0,44.0
ORD-202608-00757,Restaurantul Nostru,Mămăliguță Caldă,Garnituri,1,8.0,8.0
ORD-202608-00758,Restaurantul Nostru,Platou Gustări Rece Tradiționale,Cârnați & Platouri,1,85.0,85.0
ORD-202608-00758,Restaurantul Nostru,Salată Caesar cu Pui la Grătar,Salate,2,38.0,76.0
ORD-202608-00758,Restaurantul Nostru,Pachet Vinul Casei Fetească Regală 1L,Băuturi Alcoolice & Bere,1,55.0,55.0
ORD-202608-00758,Restaurantul Nostru,Piure de Cartofi cu Unt,Garnituri,1,16.0,16.0
ORD-202608-00759,Restaurantul Nostru,Piept de Pui la Grătar,Preparate la Grătar & Mici,1,34.0,34.0
ORD-202608-00759,Restaurantul Nostru,Salată de Vinete Coapte pe Plită,Aperitive & Gustări,1,24.0,24.0
ORD-202608-00759,Restaurantul Nostru,Bere Heineken 0.33L,Băuturi Alcoolice & Bere,1,16.0,16.0
ORD-202608-00759,Restaurantul Nostru,Ciorbă de Văcuță,Ciorbe & Supe,1,25.0,25.0
ORD-202608-00760,Restaurantul Nostru,Piept de Pui la Grătar,Preparate la Grătar & Mici,1,34.0,34.0
ORD-202608-00760,Restaurantul Nostru,Cârnați Picanți de Pleșcoi,Cârnați & Platouri,3,42.0,126.0
ORD-202608-00760,Restaurantul Nostru,Platou Cârnați Asortați,Cârnați & Platouri,1,95.0,95.0
ORD-202608-00760,Restaurantul Nostru,Sos Barbeque,Sosuri & Extra,1,6.0,6.0
ORD-202608-00760,Restaurantul Nostru,Ciorbă de Burtiță Tradițională,Ciorbe & Supe,2,28.0,56.0
ORD-202608-00761,Restaurantul Nostru,Espresso Scurt / Lung Julius Meinl,Băuturi Răcoritoare & Cafea,1,12.0,12.0
ORD-202608-00761,Restaurantul Nostru,Salată de Vinete Coapte pe Plită,Aperitive & Gustări,1,24.0,24.0
ORD-202608-00761,Restaurantul Nostru,Tochitură Moldovenească cu Mămăligă,Mâncăruri Gătite & Specialități,2,48.0,96.0
ORD-202608-00761,Restaurantul Nostru,Bere Ciuc Premium la Draught 0.4L,Băuturi Alcoolice & Bere,1,14.0,14.0
ORD-202608-00762,Restaurantul Nostru,Muștar Clasic,Sosuri & Extra,1,4.0,4.0
ORD-202608-00762,Restaurantul Nostru,Mămăliguță Caldă,Garnituri,1,8.0,8.0
ORD-202608-00762,Restaurantul Nostru,Cârnați Picanți de Pleșcoi,Cârnați & Platouri,1,42.0,42.0
ORD-202608-00762,Restaurantul Nostru,Salată Grecească,Salate,1,34.0,34.0
ORD-202608-00763,Restaurantul Nostru,Muștar Clasic,Sosuri & Extra,2,4.0,8.0
ORD-202608-00763,Restaurantul Nostru,Ciorbă de Perișoare,Ciorbe & Supe,1,24.0,24.0
ORD-202608-00763,Restaurantul Nostru,Cașcaval Pane Crocant,Aperitive & Gustări,1,28.0,28.0
ORD-202608-00763,Restaurantul Nostru,Salată de Murături Asortate,Salate,2,14.0,28.0
ORD-202608-00764,Restaurantul Nostru,Platou Gustări Rece Tradiționale,Cârnați & Platouri,1,85.0,85.0
ORD-202608-00764,Restaurantul Nostru,Mujdei de Usturoi Tradițional,Sosuri & Extra,2,5.0,10.0
ORD-202608-00764,Restaurantul Nostru,Cârnați Picanți de Pleșcoi,Cârnați & Platouri,1,42.0,42.0
ORD-202608-00764,Restaurantul Nostru,Sarmale Românești în Foi de Varză (4 buc),Mâncăruri Gătite & Specialități,2,44.0,88.0
ORD-202608-00764,Restaurantul Nostru,Platou Boieresc (2-3 persoane),Cârnați & Platouri,1,145.0,145.0
ORD-202608-00765,Restaurantul Nostru,Frigărui de Berbecuț,Preparate la Grătar & Mici,1,58.0,58.0
ORD-202608-00765,Restaurantul Nostru,Bere Heineken 0.33L,Băuturi Alcoolice & Bere,1,16.0,16.0
ORD-202608-00765,Restaurantul Nostru,Vin Purcari Rară Neagră Sticlă 0.75L,Băuturi Alcoolice & Bere,1,95.0,95.0
ORD-202608-00765,Restaurantul Nostru,Lava Cake cu Înghețată de Vanilie,Desert,2,28.0,56.0
ORD-202608-00765,Restaurantul Nostru,Șnițel Gigant de Pui Pane,Mâncăruri Gătite & Specialități,1,36.0,36.0
ORD-202608-00766,Restaurantul Nostru,Mămăliguță Caldă,Garnituri,1,8.0,8.0
ORD-202608-00766,Restaurantul Nostru,Ciorbă de Văcuță,Ciorbe & Supe,2,25.0,50.0
ORD-202608-00766,Restaurantul Nostru,Sarmale Românești în Foi de Varză (4 buc),Mâncăruri Gătite & Specialități,1,44.0,44.0
ORD-202608-00766,Restaurantul Nostru,Fasole Bătută cu Ceapă Călită,Aperitive & Gustări,2,20.0,40.0
ORD-202608-00766,Restaurantul Nostru,Mici Românești de Vită-Porc (1 buc),Preparate la Grătar & Mici,3,7.5,22.5
ORD-202608-00767,Restaurantul Nostru,Piure de Cartofi cu Unt,Garnituri,1,16.0,16.0
ORD-202608-00767,Restaurantul Nostru,Ciorbă de Văcuță,Ciorbe & Supe,1,25.0,25.0
ORD-202608-00767,Restaurantul Nostru,Mămăliguță Caldă,Garnituri,1,8.0,8.0
ORD-202608-00767,Restaurantul Nostru,Burger Casei cu Cartofi Prăjiți,Mâncăruri Gătite & Specialități,1,49.0,49.0
ORD-202608-00767,Restaurantul Nostru,Cappuccino cu Spumă de Lapte,Băuturi Răcoritoare & Cafea,2,15.0,30.0
ORD-202608-00768,Restaurantul Nostru,Bere Nepasteurizată Zăganu 0.5L,Băuturi Alcoolice & Bere,1,22.0,22.0
ORD-202608-00768,Restaurantul Nostru,Coca-Cola / Coca-Cola Zero 0.33L,Băuturi Răcoritoare & Cafea,1,12.0,12.0
ORD-202608-00768,Restaurantul Nostru,Papanași cu Smântână și Dulceață de Afine (2 buc),Desert,2,32.0,64.0
ORD-202608-00769,Restaurantul Nostru,Bulz Ardelenesc la Grătar,Aperitive & Gustări,1,32.0,32.0
ORD-202608-00769,Restaurantul Nostru,Cappuccino cu Spumă de Lapte,Băuturi Răcoritoare & Cafea,1,15.0,15.0
ORD-202608-00769,Restaurantul Nostru,Burger Casei cu Cartofi Prăjiți,Mâncăruri Gătite & Specialități,1,49.0,49.0
ORD-202608-00769,Restaurantul Nostru,Țuică de Prune Ardelenească 50ml,Băuturi Alcoolice & Bere,1,18.0,18.0
ORD-202608-00770,Restaurantul Nostru,Salată de Murături Asortate,Salate,2,14.0,28.0
ORD-202608-00770,Restaurantul Nostru,Mujdei de Usturoi Tradițional,Sosuri & Extra,1,5.0,5.0
ORD-202608-00770,Restaurantul Nostru,Limonadă Proaspătă cu Miere și Mentă 0.5L,Băuturi Răcoritoare & Cafea,1,20.0,20.0
ORD-202608-00771,Restaurantul Nostru,Piept de Pui la Grătar,Preparate la Grătar & Mici,1,34.0,34.0
ORD-202608-00771,Restaurantul Nostru,Smântână Proaspătă 20%,Sosuri & Extra,1,5.0,5.0
ORD-202608-00772,Restaurantul Nostru,Tochitură Moldovenească cu Mămăligă,Mâncăruri Gătite & Specialități,1,48.0,48.0
ORD-202608-00772,Restaurantul Nostru,Ceafă de Porc la Grătar,Preparate la Grătar & Mici,1,38.0,38.0
ORD-202608-00772,Restaurantul Nostru,Salată de Vinete Coapte pe Plită,Aperitive & Gustări,1,24.0,24.0
ORD-202608-00773,Restaurantul Nostru,Smântână Proaspătă 20%,Sosuri & Extra,1,5.0,5.0
ORD-202608-00773,Restaurantul Nostru,Salată Caesar cu Pui la Grătar,Salate,1,38.0,38.0
ORD-202608-00773,Restaurantul Nostru,Cappuccino cu Spumă de Lapte,Băuturi Răcoritoare & Cafea,1,15.0,15.0
ORD-202608-00773,Restaurantul Nostru,Piept de Pui la Grătar,Preparate la Grătar & Mici,1,34.0,34.0
ORD-202608-00773,Restaurantul Nostru,Coș de Pâine de Casă,Sosuri & Extra,1,7.0,7.0
ORD-202608-00774,Restaurantul Nostru,Platou Boieresc (2-3 persoane),Cârnați & Platouri,1,145.0,145.0
ORD-202608-00774,Restaurantul Nostru,Ciorbă de Văcuță,Ciorbe & Supe,3,25.0,75.0
ORD-202608-00774,Restaurantul Nostru,Pachet Vinul Casei Fetească Regală 1L,Băuturi Alcoolice & Bere,2,55.0,110.0
ORD-202608-00774,Restaurantul Nostru,Supă Cremă de Legume cu Crutoane,Ciorbe & Supe,2,22.0,44.0
ORD-202608-00775,Restaurantul Nostru,Salată Caesar cu Pui la Grătar,Salate,2,38.0,76.0
ORD-202608-00775,Restaurantul Nostru,Muștar Clasic,Sosuri & Extra,1,4.0,4.0
ORD-202608-00776,Restaurantul Nostru,Mici de Oaie și Vită (1 buc),Preparate la Grătar & Mici,1,8.5,8.5
ORD-202608-00776,Restaurantul Nostru,Cartofi Prăjiți cu Usturoi și Parmezan,Garnituri,1,18.0,18.0
ORD-202608-00777,Restaurantul Nostru,Ștrudel de Mere cu Sos de Vanilie,Desert,1,25.0,25.0
ORD-202608-00777,Restaurantul Nostru,Ciorbă Rădăuțeană de Pui,Ciorbe & Supe,2,26.0,52.0
ORD-202608-00777,Restaurantul Nostru,Tochitură Moldovenească cu Mămăligă,Mâncăruri Gătite & Specialități,2,48.0,96.0
ORD-202608-00777,Restaurantul Nostru,Cârnați Picanți de Pleșcoi,Cârnați & Platouri,1,42.0,42.0
ORD-202608-00778,Restaurantul Nostru,Salată de Murături Asortate,Salate,1,14.0,14.0
ORD-202608-00778,Restaurantul Nostru,Lava Cake cu Înghețată de Vanilie,Desert,1,28.0,28.0
ORD-202608-00778,Restaurantul Nostru,Ciorbă Rădăuțeană de Pui,Ciorbe & Supe,1,26.0,26.0
ORD-202608-00779,Restaurantul Nostru,Cappuccino cu Spumă de Lapte,Băuturi Răcoritoare & Cafea,2,15.0,30.0
ORD-202608-00779,Restaurantul Nostru,Varză Călită în Vin cu Chimen,Garnituri,2,15.0,30.0
ORD-202608-00779,Restaurantul Nostru,Coș de Pâine de Casă,Sosuri & Extra,1,7.0,7.0
ORD-202608-00779,Restaurantul Nostru,Bere Nepasteurizată Zăganu 0.5L,Băuturi Alcoolice & Bere,1,22.0,22.0
ORD-202608-00779,Restaurantul Nostru,Salată de Murături Asortate,Salate,1,14.0,14.0
ORD-202608-00780,Restaurantul Nostru,Tochitură Moldovenească cu Mămăligă,Mâncăruri Gătite & Specialități,1,48.0,48.0
ORD-202608-00780,Restaurantul Nostru,Țuică de Prune Ardelenească 50ml,Băuturi Alcoolice & Bere,1,18.0,18.0
ORD-202608-00780,Restaurantul Nostru,Sarmale Românești în Foi de Varză (4 buc),Mâncăruri Gătite & Specialități,1,44.0,44.0
ORD-202608-00781,Restaurantul Nostru,Salată de Vinete Coapte pe Plită,Aperitive & Gustări,1,24.0,24.0
ORD-202608-00781,Restaurantul Nostru,Pachet Vinul Casei Fetească Regală 1L,Băuturi Alcoolice & Bere,1,55.0,55.0
ORD-202608-00782,Restaurantul Nostru,Smântână Proaspătă 20%,Sosuri & Extra,3,5.0,15.0
ORD-202608-00782,Restaurantul Nostru,Burger Casei cu Cartofi Prăjiți,Mâncăruri Gătite & Specialități,1,49.0,49.0
ORD-202608-00782,Restaurantul Nostru,Piept de Pui la Grătar,Preparate la Grătar & Mici,3,34.0,102.0
ORD-202608-00783,Restaurantul Nostru,Clătite cu Finetti și Banane (2 buc),Desert,2,22.0,44.0
ORD-202608-00783,Restaurantul Nostru,Fasole Bătută cu Ceapă Călită,Aperitive & Gustări,1,20.0,20.0
ORD-202608-00783,Restaurantul Nostru,Ciorbă de Văcuță,Ciorbe & Supe,1,25.0,25.0
ORD-202608-00783,Restaurantul Nostru,Lava Cake cu Înghețată de Vanilie,Desert,1,28.0,28.0
ORD-202608-00783,Restaurantul Nostru,Piure de Cartofi cu Unt,Garnituri,1,16.0,16.0
ORD-202608-00784,Restaurantul Nostru,Piept de Pui la Grătar,Preparate la Grătar & Mici,1,34.0,34.0
ORD-202608-00784,Restaurantul Nostru,Ștrudel de Mere cu Sos de Vanilie,Desert,1,25.0,25.0
ORD-202608-00785,Restaurantul Nostru,Bere Heineken 0.33L,Băuturi Alcoolice & Bere,1,16.0,16.0
ORD-202608-00785,Restaurantul Nostru,Platou Boieresc (2-3 persoane),Cârnați & Platouri,1,145.0,145.0
ORD-202608-00785,Restaurantul Nostru,Sos Barbeque,Sosuri & Extra,1,6.0,6.0
ORD-202608-00786,Restaurantul Nostru,Supă Cremă de Legume cu Crutoane,Ciorbe & Supe,2,22.0,44.0
ORD-202608-00786,Restaurantul Nostru,Sos Barbeque,Sosuri & Extra,1,6.0,6.0
ORD-202608-00786,Restaurantul Nostru,Muștar Clasic,Sosuri & Extra,1,4.0,4.0
ORD-202608-00787,Restaurantul Nostru,Tochitură Moldovenească cu Mămăligă,Mâncăruri Gătite & Specialități,1,48.0,48.0
ORD-202608-00787,Restaurantul Nostru,Muștar Clasic,Sosuri & Extra,2,4.0,8.0
ORD-202608-00787,Restaurantul Nostru,Smântână Proaspătă 20%,Sosuri & Extra,1,5.0,5.0
ORD-202608-00787,Restaurantul Nostru,Lava Cake cu Înghețată de Vanilie,Desert,1,28.0,28.0
ORD-202608-00787,Restaurantul Nostru,Platou Cârnați Asortați,Cârnați & Platouri,1,95.0,95.0
ORD-202608-00788,Restaurantul Nostru,Salată de Ardei Copți,Salate,1,16.0,16.0
ORD-202608-00788,Restaurantul Nostru,Sos Barbeque,Sosuri & Extra,1,6.0,6.0
ORD-202608-00788,Restaurantul Nostru,Smântână Proaspătă 20%,Sosuri & Extra,1,5.0,5.0
ORD-202608-00788,Restaurantul Nostru,Ciorbă de Văcuță,Ciorbe & Supe,2,25.0,50.0
ORD-202608-00789,Restaurantul Nostru,Espresso Scurt / Lung Julius Meinl,Băuturi Răcoritoare & Cafea,1,12.0,12.0
ORD-202608-00789,Restaurantul Nostru,Iahnie de Fasole cu Bacon,Garnituri,1,16.0,16.0
ORD-202608-00789,Restaurantul Nostru,Platou Cârnați Asortați,Cârnați & Platouri,1,95.0,95.0
ORD-202608-00790,Restaurantul Nostru,Ștrudel de Mere cu Sos de Vanilie,Desert,2,25.0,50.0
ORD-202608-00790,Restaurantul Nostru,Clătite cu Finetti și Banane (2 buc),Desert,1,22.0,22.0
ORD-202608-00790,Restaurantul Nostru,Bere Heineken 0.33L,Băuturi Alcoolice & Bere,1,16.0,16.0
ORD-202608-00791,Restaurantul Nostru,Cartofi Prăjiți cu Usturoi și Parmezan,Garnituri,2,18.0,36.0
ORD-202608-00791,Restaurantul Nostru,Platou Gustări Rece Tradiționale,Cârnați & Platouri,1,85.0,85.0
ORD-202608-00791,Restaurantul Nostru,Limonadă Proaspătă cu Miere și Mentă 0.5L,Băuturi Răcoritoare & Cafea,1,20.0,20.0
ORD-202608-00791,Restaurantul Nostru,Mici de Oaie și Vită (1 buc),Preparate la Grătar & Mici,2,8.5,17.0
ORD-202608-00791,Restaurantul Nostru,Salată de Murături Asortate,Salate,1,14.0,14.0
ORD-202608-00792,Restaurantul Nostru,Fasole Bătută cu Ceapă Călită,Aperitive & Gustări,3,20.0,60.0
ORD-202608-00792,Restaurantul Nostru,Piept de Pui la Grătar,Preparate la Grătar & Mici,1,34.0,34.0
ORD-202608-00792,Restaurantul Nostru,Platou Gustări Rece Tradiționale,Cârnați & Platouri,1,85.0,85.0
ORD-202608-00793,Restaurantul Nostru,Mici Românești de Vită-Porc (1 buc),Preparate la Grătar & Mici,1,7.5,7.5
ORD-202608-00793,Restaurantul Nostru,Bere Heineken 0.33L,Băuturi Alcoolice & Bere,1,16.0,16.0
ORD-202608-00793,Restaurantul Nostru,Limonadă Proaspătă cu Miere și Mentă 0.5L,Băuturi Răcoritoare & Cafea,1,20.0,20.0
ORD-202608-00793,Restaurantul Nostru,Muștar Clasic,Sosuri & Extra,1,4.0,4.0
ORD-202608-00793,Restaurantul Nostru,Espresso Scurt / Lung Julius Meinl,Băuturi Răcoritoare & Cafea,2,12.0,24.0
ORD-202608-00794,Restaurantul Nostru,Frăție de Mici & Cârnați,Preparate la Grătar & Mici,1,54.0,54.0
ORD-202608-00794,Restaurantul Nostru,Cappuccino cu Spumă de Lapte,Băuturi Răcoritoare & Cafea,1,15.0,15.0
ORD-202608-00794,Restaurantul Nostru,Ștrudel de Mere cu Sos de Vanilie,Desert,1,25.0,25.0
ORD-202608-00794,Restaurantul Nostru,Platou Gustări Rece Tradiționale,Cârnați & Platouri,1,85.0,85.0
ORD-202608-00794,Restaurantul Nostru,Varză Călită în Vin cu Chimen,Garnituri,2,15.0,30.0
ORD-202608-00795,Restaurantul Nostru,Muștar Clasic,Sosuri & Extra,1,4.0,4.0
ORD-202608-00795,Restaurantul Nostru,Sarmale Românești în Foi de Varză (4 buc),Mâncăruri Gătite & Specialități,1,44.0,44.0
ORD-202608-00795,Restaurantul Nostru,Clătite cu Finetti și Banane (2 buc),Desert,1,22.0,22.0
ORD-202608-00795,Restaurantul Nostru,Cappuccino cu Spumă de Lapte,Băuturi Răcoritoare & Cafea,1,15.0,15.0
ORD-202608-00796,Restaurantul Nostru,Piept de Pui la Grătar,Preparate la Grătar & Mici,1,34.0,34.0
ORD-202608-00796,Restaurantul Nostru,Mujdei de Usturoi Tradițional,Sosuri & Extra,2,5.0,10.0
ORD-202608-00796,Restaurantul Nostru,Ciorbă de Burtiță Tradițională,Ciorbe & Supe,1,28.0,28.0
ORD-202608-00797,Restaurantul Nostru,Salată de Vinete Coapte pe Plită,Aperitive & Gustări,1,24.0,24.0
ORD-202608-00797,Restaurantul Nostru,Limonadă Proaspătă cu Miere și Mentă 0.5L,Băuturi Răcoritoare & Cafea,1,20.0,20.0
ORD-202608-00797,Restaurantul Nostru,Platou Gustări Rece Tradiționale,Cârnați & Platouri,1,85.0,85.0
ORD-202608-00797,Restaurantul Nostru,Fasole Bătută cu Ceapă Călită,Aperitive & Gustări,1,20.0,20.0
ORD-202608-00797,Restaurantul Nostru,Platou Boieresc (2-3 persoane),Cârnați & Platouri,1,145.0,145.0
ORD-202608-00798,Restaurantul Nostru,Varză Călită în Vin cu Chimen,Garnituri,2,15.0,30.0
ORD-202608-00798,Restaurantul Nostru,Vin Purcari Rară Neagră Sticlă 0.75L,Băuturi Alcoolice & Bere,1,95.0,95.0
ORD-202608-00798,Restaurantul Nostru,Mici de Oaie și Vită (1 buc),Preparate la Grătar & Mici,1,8.5,8.5
ORD-202608-00798,Restaurantul Nostru,Cașcaval Pane Crocant,Aperitive & Gustări,3,28.0,84.0
ORD-202608-00798,Restaurantul Nostru,Țuică de Prune Ardelenească 50ml,Băuturi Alcoolice & Bere,2,18.0,36.0
ORD-202608-00799,Restaurantul Nostru,Cartofi Prăjiți cu Usturoi și Parmezan,Garnituri,3,18.0,54.0
ORD-202608-00799,Restaurantul Nostru,Papanași cu Smântână și Dulceață de Afine (2 buc),Desert,1,32.0,32.0
ORD-202608-00799,Restaurantul Nostru,Frigărui de Berbecuț,Preparate la Grătar & Mici,1,58.0,58.0
ORD-202608-00799,Restaurantul Nostru,Salată de Ardei Copți,Salate,1,16.0,16.0
ORD-202608-00799,Restaurantul Nostru,Ceafă de Porc la Grătar,Preparate la Grătar & Mici,1,38.0,38.0
ORD-202608-00800,Restaurantul Nostru,Piept de Pui la Grătar,Preparate la Grătar & Mici,1,34.0,34.0
ORD-202608-00800,Restaurantul Nostru,Ceafă de Porc la Grătar,Preparate la Grătar & Mici,2,38.0,76.0
ORD-202608-00800,Restaurantul Nostru,Platou Gustări Rece Tradiționale,Cârnați & Platouri,1,85.0,85.0
ORD-202608-00800,Restaurantul Nostru,Ciorbă de Burtiță Tradițională,Ciorbe & Supe,1,28.0,28.0
ORD-202608-00801,Restaurantul Nostru,Salată Grecească,Salate,2,34.0,68.0
ORD-202608-00801,Restaurantul Nostru,Burger Casei cu Cartofi Prăjiți,Mâncăruri Gătite & Specialități,2,49.0,98.0
ORD-202608-00801,Restaurantul Nostru,Vin Purcari Rară Neagră Sticlă 0.75L,Băuturi Alcoolice & Bere,1,95.0,95.0
ORD-202608-00802,Restaurantul Nostru,Ștrudel de Mere cu Sos de Vanilie,Desert,2,25.0,50.0
ORD-202608-00802,Restaurantul Nostru,Ciorbă de Văcuță,Ciorbe & Supe,1,25.0,25.0
ORD-202608-00802,Restaurantul Nostru,Lava Cake cu Înghețată de Vanilie,Desert,1,28.0,28.0
ORD-202608-00802,Restaurantul Nostru,Varză Călită în Vin cu Chimen,Garnituri,1,15.0,15.0
ORD-202608-00802,Restaurantul Nostru,Ciorbă de Perișoare,Ciorbe & Supe,1,24.0,24.0
ORD-202608-00803,Restaurantul Nostru,Cârnați Picanți de Pleșcoi,Cârnați & Platouri,1,42.0,42.0
ORD-202608-00803,Restaurantul Nostru,Vin Purcari Rară Neagră Sticlă 0.75L,Băuturi Alcoolice & Bere,1,95.0,95.0
ORD-202608-00803,Restaurantul Nostru,Tochitură Moldovenească cu Mămăligă,Mâncăruri Gătite & Specialități,3,48.0,144.0
ORD-202608-00803,Restaurantul Nostru,Clătite cu Finetti și Banane (2 buc),Desert,2,22.0,44.0
ORD-202608-00804,Restaurantul Nostru,Mujdei de Usturoi Tradițional,Sosuri & Extra,1,5.0,5.0
ORD-202608-00804,Restaurantul Nostru,Frigărui de Berbecuț,Preparate la Grătar & Mici,2,58.0,116.0
ORD-202608-00804,Restaurantul Nostru,Salată Grecească,Salate,2,34.0,68.0
ORD-202608-00804,Restaurantul Nostru,Tochitură Moldovenească cu Mămăligă,Mâncăruri Gătite & Specialități,1,48.0,48.0
ORD-202608-00805,Restaurantul Nostru,Mici Românești de Vită-Porc (1 buc),Preparate la Grătar & Mici,1,7.5,7.5
ORD-202608-00805,Restaurantul Nostru,Salată de Ardei Copți,Salate,2,16.0,32.0
ORD-202608-00805,Restaurantul Nostru,Salată de Vinete Coapte pe Plită,Aperitive & Gustări,1,24.0,24.0
ORD-202608-00806,Restaurantul Nostru,Pastramă de Oaie la Tigaie cu Mămăligă,Mâncăruri Gătite & Specialități,2,56.0,112.0
ORD-202608-00806,Restaurantul Nostru,Salată de Vinete Coapte pe Plită,Aperitive & Gustări,2,24.0,48.0
ORD-202608-00807,Restaurantul Nostru,Pastramă de Oaie la Tigaie cu Mămăligă,Mâncăruri Gătite & Specialități,2,56.0,112.0
ORD-202608-00807,Restaurantul Nostru,Varză Călită în Vin cu Chimen,Garnituri,1,15.0,15.0
ORD-202608-00807,Restaurantul Nostru,Platou Cârnați Asortați,Cârnați & Platouri,1,95.0,95.0
ORD-202608-00808,Restaurantul Nostru,Șnițel Gigant de Pui Pane,Mâncăruri Gătite & Specialități,1,36.0,36.0
ORD-202608-00808,Restaurantul Nostru,Frigărui de Berbecuț,Preparate la Grătar & Mici,1,58.0,58.0
ORD-202608-00808,Restaurantul Nostru,Iahnie de Fasole cu Bacon,Garnituri,1,16.0,16.0
ORD-202608-00808,Restaurantul Nostru,Lava Cake cu Înghețată de Vanilie,Desert,1,28.0,28.0
ORD-202608-00808,Restaurantul Nostru,Muștar Clasic,Sosuri & Extra,1,4.0,4.0
ORD-202608-00809,Restaurantul Nostru,Ciolan de Porc Rumexit la Cuptor,Mâncăruri Gătite & Specialități,2,78.0,156.0
ORD-202608-00809,Restaurantul Nostru,Supă Cremă de Legume cu Crutoane,Ciorbe & Supe,1,22.0,22.0
ORD-202608-00809,Restaurantul Nostru,Salată de Ardei Copți,Salate,1,16.0,16.0
ORD-202608-00809,Restaurantul Nostru,Platou Gustări Rece Tradiționale,Cârnați & Platouri,1,85.0,85.0
ORD-202608-00809,Restaurantul Nostru,Salată de Vinete Coapte pe Plită,Aperitive & Gustări,1,24.0,24.0
ORD-202608-00810,Restaurantul Nostru,Pachet Vinul Casei Fetească Regală 1L,Băuturi Alcoolice & Bere,2,55.0,110.0
ORD-202608-00810,Restaurantul Nostru,Șnițel Gigant de Pui Pane,Mâncăruri Gătite & Specialități,1,36.0,36.0
ORD-202608-00810,Restaurantul Nostru,Apă Minerală / Plată Borsec 0.5L,Băuturi Răcoritoare & Cafea,1,10.0,10.0
ORD-202608-00810,Restaurantul Nostru,Salată Caesar cu Pui la Grătar,Salate,1,38.0,38.0
ORD-202608-00811,Restaurantul Nostru,Platou Gustări Rece Tradiționale,Cârnați & Platouri,1,85.0,85.0
ORD-202608-00811,Restaurantul Nostru,Burger Casei cu Cartofi Prăjiți,Mâncăruri Gătite & Specialități,1,49.0,49.0
ORD-202608-00811,Restaurantul Nostru,Salată Caesar cu Pui la Grătar,Salate,1,38.0,38.0
ORD-202608-00812,Restaurantul Nostru,Platou Cârnați Asortați,Cârnați & Platouri,1,95.0,95.0
ORD-202608-00812,Restaurantul Nostru,Salată de Ardei Copți,Salate,1,16.0,16.0
ORD-202608-00812,Restaurantul Nostru,Salată Grecească,Salate,1,34.0,34.0
ORD-202608-00813,Restaurantul Nostru,Mici de Oaie și Vită (1 buc),Preparate la Grătar & Mici,1,8.5,8.5
ORD-202608-00813,Restaurantul Nostru,Cașcaval Pane Crocant,Aperitive & Gustări,1,28.0,28.0
ORD-202608-00813,Restaurantul Nostru,Platou Gustări Rece Tradiționale,Cârnați & Platouri,1,85.0,85.0
ORD-202608-00814,Restaurantul Nostru,Supă Cremă de Legume cu Crutoane,Ciorbe & Supe,3,22.0,66.0
ORD-202608-00814,Restaurantul Nostru,Cârnați Picanți de Pleșcoi,Cârnați & Platouri,2,42.0,84.0
ORD-202608-00814,Restaurantul Nostru,Platou Boieresc (2-3 persoane),Cârnați & Platouri,1,145.0,145.0
ORD-202608-00815,Restaurantul Nostru,Salată Caesar cu Pui la Grătar,Salate,2,38.0,76.0
ORD-202608-00815,Restaurantul Nostru,Mici de Oaie și Vită (1 buc),Preparate la Grătar & Mici,2,8.5,17.0
ORD-202608-00815,Restaurantul Nostru,Supă Cremă de Legume cu Crutoane,Ciorbe & Supe,2,22.0,44.0
ORD-202608-00815,Restaurantul Nostru,Piept de Pui la Grătar,Preparate la Grătar & Mici,3,34.0,102.0
ORD-202608-00816,Restaurantul Nostru,Clătite cu Finetti și Banane (2 buc),Desert,1,22.0,22.0
ORD-202608-00816,Restaurantul Nostru,Platou Cârnați Asortați,Cârnați & Platouri,1,95.0,95.0
ORD-202608-00817,Restaurantul Nostru,Mici Românești de Vită-Porc (1 buc),Preparate la Grătar & Mici,2,7.5,15.0
ORD-202608-00817,Restaurantul Nostru,Platou Boieresc (2-3 persoane),Cârnați & Platouri,1,145.0,145.0
ORD-202608-00817,Restaurantul Nostru,Ciorbă de Văcuță,Ciorbe & Supe,2,25.0,50.0
ORD-202608-00817,Restaurantul Nostru,Ciorbă de Perișoare,Ciorbe & Supe,2,24.0,48.0
ORD-202608-00817,Restaurantul Nostru,Frigărui de Berbecuț,Preparate la Grătar & Mici,1,58.0,58.0
ORD-202608-00818,Restaurantul Nostru,Mămăliguță Caldă,Garnituri,2,8.0,16.0
ORD-202608-00818,Restaurantul Nostru,Frigărui de Berbecuț,Preparate la Grătar & Mici,1,58.0,58.0
ORD-202608-00818,Restaurantul Nostru,Pastramă de Oaie la Tigaie cu Mămăligă,Mâncăruri Gătite & Specialități,1,56.0,56.0
ORD-202608-00818,Restaurantul Nostru,Piure de Cartofi cu Unt,Garnituri,1,16.0,16.0
ORD-202608-00818,Restaurantul Nostru,Bere Ciuc Premium la Draught 0.4L,Băuturi Alcoolice & Bere,1,14.0,14.0
ORD-202608-00819,Restaurantul Nostru,Bulz Ardelenesc la Grătar,Aperitive & Gustări,2,32.0,64.0
ORD-202608-00819,Restaurantul Nostru,Bere Nepasteurizată Zăganu 0.5L,Băuturi Alcoolice & Bere,2,22.0,44.0
ORD-202608-00819,Restaurantul Nostru,Coș de Pâine de Casă,Sosuri & Extra,1,7.0,7.0
ORD-202608-00819,Restaurantul Nostru,Pachet Vinul Casei Fetească Regală 1L,Băuturi Alcoolice & Bere,2,55.0,110.0
ORD-202608-00820,Restaurantul Nostru,Muștar Clasic,Sosuri & Extra,1,4.0,4.0
ORD-202608-00820,Restaurantul Nostru,Salată de Ardei Copți,Salate,1,16.0,16.0
ORD-202608-00820,Restaurantul Nostru,Bere Heineken 0.33L,Băuturi Alcoolice & Bere,1,16.0,16.0
ORD-202608-00821,Restaurantul Nostru,Mămăliguță Caldă,Garnituri,1,8.0,8.0
ORD-202608-00821,Restaurantul Nostru,Vin Purcari Rară Neagră Sticlă 0.75L,Băuturi Alcoolice & Bere,1,95.0,95.0
ORD-202608-00821,Restaurantul Nostru,Bere Ciuc Premium la Draught 0.4L,Băuturi Alcoolice & Bere,2,14.0,28.0
ORD-202608-00822,Restaurantul Nostru,Fasole Bătută cu Ceapă Călită,Aperitive & Gustări,1,20.0,20.0
ORD-202608-00822,Restaurantul Nostru,Mămăliguță Caldă,Garnituri,1,8.0,8.0
ORD-202608-00822,Restaurantul Nostru,Frigărui de Berbecuț,Preparate la Grătar & Mici,2,58.0,116.0
ORD-202608-00822,Restaurantul Nostru,Bere Ciuc Premium la Draught 0.4L,Băuturi Alcoolice & Bere,1,14.0,14.0
ORD-202608-00823,Restaurantul Nostru,Espresso Scurt / Lung Julius Meinl,Băuturi Răcoritoare & Cafea,1,12.0,12.0
ORD-202608-00823,Restaurantul Nostru,Supă Cremă de Legume cu Crutoane,Ciorbe & Supe,1,22.0,22.0
ORD-202608-00823,Restaurantul Nostru,Varză Călită în Vin cu Chimen,Garnituri,1,15.0,15.0
ORD-202608-00823,Restaurantul Nostru,Mămăliguță Caldă,Garnituri,3,8.0,24.0
ORD-202608-00823,Restaurantul Nostru,Frăție de Mici & Cârnați,Preparate la Grătar & Mici,1,54.0,54.0
ORD-202608-00824,Restaurantul Nostru,Apă Minerală / Plată Borsec 0.5L,Băuturi Răcoritoare & Cafea,1,10.0,10.0
ORD-202608-00824,Restaurantul Nostru,Mici Românești de Vită-Porc (1 buc),Preparate la Grătar & Mici,1,7.5,7.5
ORD-202608-00824,Restaurantul Nostru,Salată de Vinete Coapte pe Plită,Aperitive & Gustări,1,24.0,24.0
ORD-202608-00824,Restaurantul Nostru,Iahnie de Fasole cu Bacon,Garnituri,1,16.0,16.0
ORD-202608-00825,Restaurantul Nostru,Șnițel Gigant de Pui Pane,Mâncăruri Gătite & Specialități,1,36.0,36.0
ORD-202608-00825,Restaurantul Nostru,Mici Românești de Vită-Porc (1 buc),Preparate la Grătar & Mici,1,7.5,7.5
ORD-202608-00825,Restaurantul Nostru,Salată de Vinete Coapte pe Plită,Aperitive & Gustări,2,24.0,48.0
ORD-202608-00825,Restaurantul Nostru,Sos Barbeque,Sosuri & Extra,1,6.0,6.0
ORD-202608-00826,Restaurantul Nostru,Sos Barbeque,Sosuri & Extra,1,6.0,6.0
ORD-202608-00826,Restaurantul Nostru,Mici Românești de Vită-Porc (1 buc),Preparate la Grătar & Mici,1,7.5,7.5
ORD-202608-00826,Restaurantul Nostru,Salată de Vinete Coapte pe Plită,Aperitive & Gustări,1,24.0,24.0
ORD-202608-00827,Restaurantul Nostru,Fasole Bătută cu Ceapă Călită,Aperitive & Gustări,1,20.0,20.0
ORD-202608-00827,Restaurantul Nostru,Frăție de Mici & Cârnați,Preparate la Grătar & Mici,2,54.0,108.0
ORD-202608-00828,Restaurantul Nostru,Șnițel Gigant de Pui Pane,Mâncăruri Gătite & Specialități,1,36.0,36.0
ORD-202608-00828,Restaurantul Nostru,Clătite cu Finetti și Banane (2 buc),Desert,1,22.0,22.0
ORD-202608-00828,Restaurantul Nostru,Mici Românești de Vită-Porc (1 buc),Preparate la Grătar & Mici,1,7.5,7.5
ORD-202608-00829,Restaurantul Nostru,Tochitură Moldovenească cu Mămăligă,Mâncăruri Gătite & Specialități,1,48.0,48.0
ORD-202608-00829,Restaurantul Nostru,Lava Cake cu Înghețată de Vanilie,Desert,1,28.0,28.0
ORD-202608-00829,Restaurantul Nostru,Iahnie de Fasole cu Bacon,Garnituri,2,16.0,32.0
ORD-202608-00829,Restaurantul Nostru,Salată Grecească,Salate,1,34.0,34.0
ORD-202608-00829,Restaurantul Nostru,Cașcaval Pane Crocant,Aperitive & Gustări,1,28.0,28.0
ORD-202608-00830,Restaurantul Nostru,Salată de Murături Asortate,Salate,1,14.0,14.0
ORD-202608-00830,Restaurantul Nostru,Mici de Oaie și Vită (1 buc),Preparate la Grătar & Mici,1,8.5,8.5
ORD-202608-00830,Restaurantul Nostru,Papanași cu Smântână și Dulceață de Afine (2 buc),Desert,1,32.0,32.0
ORD-202608-00831,Restaurantul Nostru,Piure de Cartofi cu Unt,Garnituri,1,16.0,16.0
ORD-202608-00831,Restaurantul Nostru,Cașcaval Pane Crocant,Aperitive & Gustări,1,28.0,28.0
ORD-202608-00831,Restaurantul Nostru,Smântână Proaspătă 20%,Sosuri & Extra,1,5.0,5.0
ORD-202608-00831,Restaurantul Nostru,Apă Minerală / Plată Borsec 0.5L,Băuturi Răcoritoare & Cafea,1,10.0,10.0
ORD-202608-00832,Restaurantul Nostru,Salată Caesar cu Pui la Grătar,Salate,1,38.0,38.0
ORD-202608-00832,Restaurantul Nostru,Ciorbă de Perișoare,Ciorbe & Supe,1,24.0,24.0
ORD-202608-00832,Restaurantul Nostru,Bere Ciuc Premium la Draught 0.4L,Băuturi Alcoolice & Bere,1,14.0,14.0
ORD-202608-00833,Restaurantul Nostru,Platou Boieresc (2-3 persoane),Cârnați & Platouri,1,145.0,145.0
ORD-202608-00833,Restaurantul Nostru,Coș de Pâine de Casă,Sosuri & Extra,1,7.0,7.0
ORD-202608-00833,Restaurantul Nostru,Pastramă de Oaie la Tigaie cu Mămăligă,Mâncăruri Gătite & Specialități,1,56.0,56.0
ORD-202608-00833,Restaurantul Nostru,Mujdei de Usturoi Tradițional,Sosuri & Extra,1,5.0,5.0
ORD-202608-00834,Restaurantul Nostru,Burger Casei cu Cartofi Prăjiți,Mâncăruri Gătite & Specialități,1,49.0,49.0
ORD-202608-00834,Restaurantul Nostru,Ștrudel de Mere cu Sos de Vanilie,Desert,1,25.0,25.0
ORD-202608-00834,Restaurantul Nostru,Ciorbă de Burtiță Tradițională,Ciorbe & Supe,1,28.0,28.0
ORD-202608-00834,Restaurantul Nostru,Frigărui de Berbecuț,Preparate la Grătar & Mici,1,58.0,58.0
ORD-202608-00834,Restaurantul Nostru,Coca-Cola / Coca-Cola Zero 0.33L,Băuturi Răcoritoare & Cafea,1,12.0,12.0
ORD-202608-00835,Restaurantul Nostru,Ciolan de Porc Rumexit la Cuptor,Mâncăruri Gătite & Specialități,1,78.0,78.0
ORD-202608-00835,Restaurantul Nostru,Salată de Ardei Copți,Salate,1,16.0,16.0
ORD-202608-00835,Restaurantul Nostru,Supă Cremă de Legume cu Crutoane,Ciorbe & Supe,1,22.0,22.0
ORD-202608-00836,Restaurantul Nostru,Cârnați Picanți de Pleșcoi,Cârnați & Platouri,1,42.0,42.0
ORD-202608-00836,Restaurantul Nostru,Bere Ciuc Premium la Draught 0.4L,Băuturi Alcoolice & Bere,1,14.0,14.0
ORD-202608-00836,Restaurantul Nostru,Ceafă de Porc la Grătar,Preparate la Grătar & Mici,1,38.0,38.0
ORD-202608-00836,Restaurantul Nostru,Supă Cremă de Legume cu Crutoane,Ciorbe & Supe,1,22.0,22.0
ORD-202608-00837,Restaurantul Nostru,Fasole Bătută cu Ceapă Călită,Aperitive & Gustări,1,20.0,20.0
ORD-202608-00837,Restaurantul Nostru,Bere Ciuc Premium la Draught 0.4L,Băuturi Alcoolice & Bere,1,14.0,14.0
ORD-202608-00837,Restaurantul Nostru,Ștrudel de Mere cu Sos de Vanilie,Desert,1,25.0,25.0
ORD-202608-00837,Restaurantul Nostru,Sarmale Românești în Foi de Varză (4 buc),Mâncăruri Gătite & Specialități,3,44.0,132.0
ORD-202608-00838,Restaurantul Nostru,Papanași cu Smântână și Dulceață de Afine (2 buc),Desert,1,32.0,32.0
ORD-202608-00838,Restaurantul Nostru,Limonadă Proaspătă cu Miere și Mentă 0.5L,Băuturi Răcoritoare & Cafea,2,20.0,40.0
ORD-202608-00838,Restaurantul Nostru,Varză Călită în Vin cu Chimen,Garnituri,1,15.0,15.0
ORD-202608-00839,Restaurantul Nostru,Salată Grecească,Salate,1,34.0,34.0
ORD-202608-00839,Restaurantul Nostru,Apă Minerală / Plată Borsec 0.5L,Băuturi Răcoritoare & Cafea,1,10.0,10.0
ORD-202608-00839,Restaurantul Nostru,Pachet Vinul Casei Fetească Regală 1L,Băuturi Alcoolice & Bere,1,55.0,55.0
ORD-202608-00839,Restaurantul Nostru,Mămăliguță Caldă,Garnituri,1,8.0,8.0
ORD-202608-00839,Restaurantul Nostru,Bere Heineken 0.33L,Băuturi Alcoolice & Bere,1,16.0,16.0
ORD-202608-00840,Restaurantul Nostru,Sos Barbeque,Sosuri & Extra,1,6.0,6.0
ORD-202608-00840,Restaurantul Nostru,Coca-Cola / Coca-Cola Zero 0.33L,Băuturi Răcoritoare & Cafea,1,12.0,12.0
ORD-202608-00840,Restaurantul Nostru,Șnițel Gigant de Pui Pane,Mâncăruri Gătite & Specialități,1,36.0,36.0
ORD-202608-00840,Restaurantul Nostru,Cârnați Picanți de Pleșcoi,Cârnați & Platouri,1,42.0,42.0
ORD-202608-00840,Restaurantul Nostru,Ștrudel de Mere cu Sos de Vanilie,Desert,3,25.0,75.0
ORD-202608-00841,Restaurantul Nostru,Salată de Murături Asortate,Salate,2,14.0,28.0
ORD-202608-00841,Restaurantul Nostru,Limonadă Proaspătă cu Miere și Mentă 0.5L,Băuturi Răcoritoare & Cafea,1,20.0,20.0
ORD-202608-00842,Restaurantul Nostru,Platou Gustări Rece Tradiționale,Cârnați & Platouri,1,85.0,85.0
ORD-202608-00842,Restaurantul Nostru,Frigărui de Berbecuț,Preparate la Grătar & Mici,1,58.0,58.0
ORD-202608-00842,Restaurantul Nostru,Platou Boieresc (2-3 persoane),Cârnați & Platouri,1,145.0,145.0
ORD-202608-00842,Restaurantul Nostru,Salată de Vinete Coapte pe Plită,Aperitive & Gustări,1,24.0,24.0
ORD-202608-00842,Restaurantul Nostru,Mujdei de Usturoi Tradițional,Sosuri & Extra,1,5.0,5.0
ORD-202608-00843,Restaurantul Nostru,Bere Nepasteurizată Zăganu 0.5L,Băuturi Alcoolice & Bere,1,22.0,22.0
ORD-202608-00843,Restaurantul Nostru,Mici Românești de Vită-Porc (1 buc),Preparate la Grătar & Mici,1,7.5,7.5
ORD-202608-00844,Restaurantul Nostru,Piure de Cartofi cu Unt,Garnituri,1,16.0,16.0
ORD-202608-00844,Restaurantul Nostru,Mujdei de Usturoi Tradițional,Sosuri & Extra,3,5.0,15.0
ORD-202608-00844,Restaurantul Nostru,Salată de Murături Asortate,Salate,2,14.0,28.0
ORD-202608-00845,Restaurantul Nostru,Ceafă de Porc la Grătar,Preparate la Grătar & Mici,1,38.0,38.0
ORD-202608-00845,Restaurantul Nostru,Salată de Vinete Coapte pe Plită,Aperitive & Gustări,2,24.0,48.0
ORD-202608-00845,Restaurantul Nostru,Salată Caesar cu Pui la Grătar,Salate,1,38.0,38.0
ORD-202608-00846,Restaurantul Nostru,Salată de Vinete Coapte pe Plită,Aperitive & Gustări,2,24.0,48.0
ORD-202608-00846,Restaurantul Nostru,Ștrudel de Mere cu Sos de Vanilie,Desert,1,25.0,25.0
ORD-202608-00847,Restaurantul Nostru,Platou Cârnați Asortați,Cârnați & Platouri,1,95.0,95.0
ORD-202608-00847,Restaurantul Nostru,Platou Boieresc (2-3 persoane),Cârnați & Platouri,2,145.0,290.0
ORD-202608-00847,Restaurantul Nostru,Platou Gustări Rece Tradiționale,Cârnați & Platouri,1,85.0,85.0
ORD-202608-00847,Restaurantul Nostru,Pastramă de Oaie la Tigaie cu Mămăligă,Mâncăruri Gătite & Specialități,1,56.0,56.0
ORD-202608-00848,Restaurantul Nostru,Pachet Vinul Casei Fetească Regală 1L,Băuturi Alcoolice & Bere,1,55.0,55.0
ORD-202608-00848,Restaurantul Nostru,Frigărui de Berbecuț,Preparate la Grătar & Mici,1,58.0,58.0
ORD-202608-00848,Restaurantul Nostru,Smântână Proaspătă 20%,Sosuri & Extra,1,5.0,5.0
ORD-202608-00849,Restaurantul Nostru,Smântână Proaspătă 20%,Sosuri & Extra,1,5.0,5.0
ORD-202608-00849,Restaurantul Nostru,Salată de Murături Asortate,Salate,1,14.0,14.0
ORD-202608-00849,Restaurantul Nostru,Salată de Vinete Coapte pe Plită,Aperitive & Gustări,1,24.0,24.0
ORD-202608-00849,Restaurantul Nostru,Pachet Vinul Casei Fetească Regală 1L,Băuturi Alcoolice & Bere,1,55.0,55.0
ORD-202608-00850,Restaurantul Nostru,Sos Barbeque,Sosuri & Extra,1,6.0,6.0
ORD-202608-00850,Restaurantul Nostru,Mujdei de Usturoi Tradițional,Sosuri & Extra,1,5.0,5.0
ORD-202608-00850,Restaurantul Nostru,Ciorbă de Burtiță Tradițională,Ciorbe & Supe,1,28.0,28.0
ORD-202608-00851,Restaurantul Nostru,Muștar Clasic,Sosuri & Extra,1,4.0,4.0
ORD-202608-00851,Restaurantul Nostru,Ciolan de Porc Rumexit la Cuptor,Mâncăruri Gătite & Specialități,1,78.0,78.0
ORD-202608-00852,Restaurantul Nostru,Supă Cremă de Legume cu Crutoane,Ciorbe & Supe,1,22.0,22.0
ORD-202608-00852,Restaurantul Nostru,Ciorbă Rădăuțeană de Pui,Ciorbe & Supe,1,26.0,26.0
ORD-202608-00853,Restaurantul Nostru,Cappuccino cu Spumă de Lapte,Băuturi Răcoritoare & Cafea,1,15.0,15.0
ORD-202608-00853,Restaurantul Nostru,Sos Barbeque,Sosuri & Extra,1,6.0,6.0
ORD-202608-00853,Restaurantul Nostru,Supă Cremă de Legume cu Crutoane,Ciorbe & Supe,1,22.0,22.0
ORD-202608-00853,Restaurantul Nostru,Ciorbă Rădăuțeană de Pui,Ciorbe & Supe,2,26.0,52.0
ORD-202608-00853,Restaurantul Nostru,Clătite cu Finetti și Banane (2 buc),Desert,1,22.0,22.0
ORD-202608-00854,Restaurantul Nostru,Salată Grecească,Salate,1,34.0,34.0
ORD-202608-00854,Restaurantul Nostru,Ciorbă de Burtiță Tradițională,Ciorbe & Supe,2,28.0,56.0
ORD-202608-00855,Restaurantul Nostru,Papanași cu Smântână și Dulceață de Afine (2 buc),Desert,1,32.0,32.0
ORD-202608-00855,Restaurantul Nostru,Salată Grecească,Salate,2,34.0,68.0
ORD-202608-00855,Restaurantul Nostru,Ceafă de Porc la Grătar,Preparate la Grătar & Mici,1,38.0,38.0
ORD-202608-00855,Restaurantul Nostru,Supă Cremă de Legume cu Crutoane,Ciorbe & Supe,2,22.0,44.0
ORD-202608-00855,Restaurantul Nostru,Coca-Cola / Coca-Cola Zero 0.33L,Băuturi Răcoritoare & Cafea,1,12.0,12.0
ORD-202608-00856,Restaurantul Nostru,Frigărui de Berbecuț,Preparate la Grătar & Mici,1,58.0,58.0
ORD-202608-00856,Restaurantul Nostru,Espresso Scurt / Lung Julius Meinl,Băuturi Răcoritoare & Cafea,2,12.0,24.0
ORD-202608-00856,Restaurantul Nostru,Șnițel Gigant de Pui Pane,Mâncăruri Gătite & Specialități,2,36.0,72.0
ORD-202608-00857,Restaurantul Nostru,Burger Casei cu Cartofi Prăjiți,Mâncăruri Gătite & Specialități,2,49.0,98.0
ORD-202608-00857,Restaurantul Nostru,Platou Gustări Rece Tradiționale,Cârnați & Platouri,1,85.0,85.0
ORD-202608-00857,Restaurantul Nostru,Coca-Cola / Coca-Cola Zero 0.33L,Băuturi Răcoritoare & Cafea,1,12.0,12.0
ORD-202608-00857,Restaurantul Nostru,Ciorbă de Perișoare,Ciorbe & Supe,3,24.0,72.0
ORD-202608-00857,Restaurantul Nostru,Varză Călită în Vin cu Chimen,Garnituri,1,15.0,15.0
ORD-202608-00858,Restaurantul Nostru,Coca-Cola / Coca-Cola Zero 0.33L,Băuturi Răcoritoare & Cafea,1,12.0,12.0
ORD-202608-00858,Restaurantul Nostru,Cartofi Prăjiți cu Usturoi și Parmezan,Garnituri,1,18.0,18.0
ORD-202608-00858,Restaurantul Nostru,Sos Barbeque,Sosuri & Extra,1,6.0,6.0
ORD-202608-00858,Restaurantul Nostru,Coș de Pâine de Casă,Sosuri & Extra,2,7.0,14.0
ORD-202608-00859,Restaurantul Nostru,Mici de Oaie și Vită (1 buc),Preparate la Grătar & Mici,3,8.5,25.5
ORD-202608-00859,Restaurantul Nostru,Vin Purcari Rară Neagră Sticlă 0.75L,Băuturi Alcoolice & Bere,1,95.0,95.0
ORD-202608-00859,Restaurantul Nostru,Smântână Proaspătă 20%,Sosuri & Extra,2,5.0,10.0
ORD-202608-00860,Restaurantul Nostru,Salată Caesar cu Pui la Grătar,Salate,1,38.0,38.0
ORD-202608-00860,Restaurantul Nostru,Pachet Vinul Casei Fetească Regală 1L,Băuturi Alcoolice & Bere,1,55.0,55.0
ORD-202608-00860,Restaurantul Nostru,Cartofi Prăjiți cu Usturoi și Parmezan,Garnituri,1,18.0,18.0
ORD-202608-00860,Restaurantul Nostru,Lava Cake cu Înghețată de Vanilie,Desert,1,28.0,28.0
ORD-202608-00861,Restaurantul Nostru,Bulz Ardelenesc la Grătar,Aperitive & Gustări,1,32.0,32.0
ORD-202608-00861,Restaurantul Nostru,Supă Cremă de Legume cu Crutoane,Ciorbe & Supe,3,22.0,66.0
ORD-202608-00861,Restaurantul Nostru,Frăție de Mici & Cârnați,Preparate la Grătar & Mici,1,54.0,54.0
ORD-202608-00861,Restaurantul Nostru,Ciorbă de Văcuță,Ciorbe & Supe,1,25.0,25.0
ORD-202608-00861,Restaurantul Nostru,Salată Grecească,Salate,1,34.0,34.0
ORD-202608-00862,Restaurantul Nostru,Ștrudel de Mere cu Sos de Vanilie,Desert,1,25.0,25.0
ORD-202608-00862,Restaurantul Nostru,Salată de Murături Asortate,Salate,1,14.0,14.0
ORD-202608-00862,Restaurantul Nostru,Iahnie de Fasole cu Bacon,Garnituri,1,16.0,16.0
ORD-202608-00862,Restaurantul Nostru,Mici Românești de Vită-Porc (1 buc),Preparate la Grătar & Mici,1,7.5,7.5
ORD-202608-00863,Restaurantul Nostru,Cârnați Picanți de Pleșcoi,Cârnați & Platouri,2,42.0,84.0
ORD-202608-00863,Restaurantul Nostru,Ceafă de Porc la Grătar,Preparate la Grătar & Mici,1,38.0,38.0
ORD-202608-00863,Restaurantul Nostru,Ștrudel de Mere cu Sos de Vanilie,Desert,1,25.0,25.0
ORD-202608-00863,Restaurantul Nostru,Platou Boieresc (2-3 persoane),Cârnați & Platouri,1,145.0,145.0
ORD-202608-00864,Restaurantul Nostru,Platou Cârnați Asortați,Cârnați & Platouri,2,95.0,190.0
ORD-202608-00864,Restaurantul Nostru,Espresso Scurt / Lung Julius Meinl,Băuturi Răcoritoare & Cafea,1,12.0,12.0
ORD-202608-00864,Restaurantul Nostru,Coș de Pâine de Casă,Sosuri & Extra,1,7.0,7.0
ORD-202608-00864,Restaurantul Nostru,Cappuccino cu Spumă de Lapte,Băuturi Răcoritoare & Cafea,1,15.0,15.0
ORD-202608-00865,Restaurantul Nostru,Mici de Oaie și Vită (1 buc),Preparate la Grătar & Mici,1,8.5,8.5
ORD-202608-00865,Restaurantul Nostru,Salată de Vinete Coapte pe Plită,Aperitive & Gustări,1,24.0,24.0
ORD-202608-00865,Restaurantul Nostru,Salată de Murături Asortate,Salate,1,14.0,14.0
ORD-202608-00865,Restaurantul Nostru,Tochitură Moldovenească cu Mămăligă,Mâncăruri Gătite & Specialități,1,48.0,48.0
ORD-202608-00866,Restaurantul Nostru,Cartofi Prăjiți cu Usturoi și Parmezan,Garnituri,2,18.0,36.0
ORD-202608-00866,Restaurantul Nostru,Salată de Murături Asortate,Salate,2,14.0,28.0
ORD-202608-00867,Restaurantul Nostru,Mici Românești de Vită-Porc (1 buc),Preparate la Grătar & Mici,2,7.5,15.0
ORD-202608-00867,Restaurantul Nostru,Mici de Oaie și Vită (1 buc),Preparate la Grătar & Mici,2,8.5,17.0
ORD-202608-00867,Restaurantul Nostru,Frăție de Mici & Cârnați,Preparate la Grătar & Mici,2,54.0,108.0
ORD-202608-00867,Restaurantul Nostru,Cappuccino cu Spumă de Lapte,Băuturi Răcoritoare & Cafea,1,15.0,15.0
ORD-202608-00867,Restaurantul Nostru,Țuică de Prune Ardelenească 50ml,Băuturi Alcoolice & Bere,1,18.0,18.0
ORD-202608-00868,Restaurantul Nostru,Țuică de Prune Ardelenească 50ml,Băuturi Alcoolice & Bere,1,18.0,18.0
ORD-202608-00868,Restaurantul Nostru,Mici Românești de Vită-Porc (1 buc),Preparate la Grătar & Mici,1,7.5,7.5
ORD-202608-00868,Restaurantul Nostru,Mujdei de Usturoi Tradițional,Sosuri & Extra,1,5.0,5.0
ORD-202608-00868,Restaurantul Nostru,Ciorbă de Văcuță,Ciorbe & Supe,1,25.0,25.0
ORD-202608-00869,Restaurantul Nostru,Piure de Cartofi cu Unt,Garnituri,1,16.0,16.0
ORD-202608-00869,Restaurantul Nostru,Pachet Vinul Casei Fetească Regală 1L,Băuturi Alcoolice & Bere,1,55.0,55.0
ORD-202608-00869,Restaurantul Nostru,Mămăliguță Caldă,Garnituri,1,8.0,8.0
ORD-202608-00869,Restaurantul Nostru,Șnițel Gigant de Pui Pane,Mâncăruri Gătite & Specialități,2,36.0,72.0
ORD-202608-00869,Restaurantul Nostru,Bulz Ardelenesc la Grătar,Aperitive & Gustări,1,32.0,32.0
ORD-202608-00870,Restaurantul Nostru,Pachet Vinul Casei Fetească Regală 1L,Băuturi Alcoolice & Bere,2,55.0,110.0
ORD-202608-00870,Restaurantul Nostru,Tochitură Moldovenească cu Mămăligă,Mâncăruri Gătite & Specialități,1,48.0,48.0
ORD-202608-00871,Restaurantul Nostru,Espresso Scurt / Lung Julius Meinl,Băuturi Răcoritoare & Cafea,1,12.0,12.0
ORD-202608-00871,Restaurantul Nostru,Țuică de Prune Ardelenească 50ml,Băuturi Alcoolice & Bere,1,18.0,18.0
ORD-202608-00871,Restaurantul Nostru,Ștrudel de Mere cu Sos de Vanilie,Desert,1,25.0,25.0
ORD-202608-00872,Restaurantul Nostru,Frăție de Mici & Cârnați,Preparate la Grătar & Mici,1,54.0,54.0
ORD-202608-00872,Restaurantul Nostru,Salată Caesar cu Pui la Grătar,Salate,1,38.0,38.0
ORD-202608-00872,Restaurantul Nostru,Platou Cârnați Asortați,Cârnați & Platouri,1,95.0,95.0
ORD-202608-00873,Restaurantul Nostru,Burger Casei cu Cartofi Prăjiți,Mâncăruri Gătite & Specialități,1,49.0,49.0
ORD-202608-00873,Restaurantul Nostru,Sarmale Românești în Foi de Varză (4 buc),Mâncăruri Gătite & Specialități,1,44.0,44.0
ORD-202608-00873,Restaurantul Nostru,Ciorbă de Văcuță,Ciorbe & Supe,1,25.0,25.0
ORD-202608-00874,Restaurantul Nostru,Platou Cârnați Asortați,Cârnați & Platouri,1,95.0,95.0
ORD-202608-00874,Restaurantul Nostru,Sos Barbeque,Sosuri & Extra,1,6.0,6.0
ORD-202608-00874,Restaurantul Nostru,Salată Caesar cu Pui la Grătar,Salate,1,38.0,38.0
ORD-202608-00874,Restaurantul Nostru,Tochitură Moldovenească cu Mămăligă,Mâncăruri Gătite & Specialități,1,48.0,48.0
ORD-202608-00874,Restaurantul Nostru,Mujdei de Usturoi Tradițional,Sosuri & Extra,1,5.0,5.0
ORD-202608-00875,Restaurantul Nostru,Salată de Ardei Copți,Salate,2,16.0,32.0
ORD-202608-00875,Restaurantul Nostru,Fasole Bătută cu Ceapă Călită,Aperitive & Gustări,1,20.0,20.0
ORD-202608-00875,Restaurantul Nostru,Bere Ciuc Premium la Draught 0.4L,Băuturi Alcoolice & Bere,1,14.0,14.0
ORD-202608-00875,Restaurantul Nostru,Ceafă de Porc la Grătar,Preparate la Grătar & Mici,1,38.0,38.0
ORD-202608-00875,Restaurantul Nostru,Burger Casei cu Cartofi Prăjiți,Mâncăruri Gătite & Specialități,2,49.0,98.0
ORD-202608-00876,Restaurantul Nostru,Ciorbă de Perișoare,Ciorbe & Supe,1,24.0,24.0
ORD-202608-00876,Restaurantul Nostru,Espresso Scurt / Lung Julius Meinl,Băuturi Răcoritoare & Cafea,1,12.0,12.0
ORD-202608-00876,Restaurantul Nostru,Sarmale Românești în Foi de Varză (4 buc),Mâncăruri Gătite & Specialități,1,44.0,44.0
ORD-202608-00877,Restaurantul Nostru,Ciorbă de Văcuță,Ciorbe & Supe,1,25.0,25.0
ORD-202608-00877,Restaurantul Nostru,Iahnie de Fasole cu Bacon,Garnituri,2,16.0,32.0
ORD-202608-00878,Restaurantul Nostru,Iahnie de Fasole cu Bacon,Garnituri,1,16.0,16.0
ORD-202608-00878,Restaurantul Nostru,Mici de Oaie și Vită (1 buc),Preparate la Grătar & Mici,1,8.5,8.5
ORD-202608-00878,Restaurantul Nostru,Apă Minerală / Plată Borsec 0.5L,Băuturi Răcoritoare & Cafea,2,10.0,20.0
ORD-202608-00879,Restaurantul Nostru,Șnițel Gigant de Pui Pane,Mâncăruri Gătite & Specialități,1,36.0,36.0
ORD-202608-00879,Restaurantul Nostru,Coca-Cola / Coca-Cola Zero 0.33L,Băuturi Răcoritoare & Cafea,1,12.0,12.0
ORD-202608-00879,Restaurantul Nostru,Salată Caesar cu Pui la Grătar,Salate,1,38.0,38.0
ORD-202608-00880,Restaurantul Nostru,Sos Barbeque,Sosuri & Extra,2,6.0,12.0
ORD-202608-00880,Restaurantul Nostru,Bere Ciuc Premium la Draught 0.4L,Băuturi Alcoolice & Bere,1,14.0,14.0
ORD-202608-00880,Restaurantul Nostru,Cappuccino cu Spumă de Lapte,Băuturi Răcoritoare & Cafea,1,15.0,15.0
ORD-202608-00880,Restaurantul Nostru,Coca-Cola / Coca-Cola Zero 0.33L,Băuturi Răcoritoare & Cafea,1,12.0,12.0
ORD-202608-00880,Restaurantul Nostru,Smântână Proaspătă 20%,Sosuri & Extra,1,5.0,5.0
ORD-202608-00881,Restaurantul Nostru,Piure de Cartofi cu Unt,Garnituri,2,16.0,32.0
ORD-202608-00881,Restaurantul Nostru,Bere Nepasteurizată Zăganu 0.5L,Băuturi Alcoolice & Bere,1,22.0,22.0
ORD-202608-00881,Restaurantul Nostru,Ciorbă de Burtiță Tradițională,Ciorbe & Supe,1,28.0,28.0
ORD-202608-00881,Restaurantul Nostru,Platou Gustări Rece Tradiționale,Cârnați & Platouri,1,85.0,85.0
ORD-202608-00881,Restaurantul Nostru,Cartofi Prăjiți cu Usturoi și Parmezan,Garnituri,1,18.0,18.0
ORD-202608-00882,Restaurantul Nostru,Cașcaval Pane Crocant,Aperitive & Gustări,1,28.0,28.0
ORD-202608-00882,Restaurantul Nostru,Fasole Bătută cu Ceapă Călită,Aperitive & Gustări,1,20.0,20.0
ORD-202608-00882,Restaurantul Nostru,Espresso Scurt / Lung Julius Meinl,Băuturi Răcoritoare & Cafea,1,12.0,12.0
ORD-202608-00882,Restaurantul Nostru,Coca-Cola / Coca-Cola Zero 0.33L,Băuturi Răcoritoare & Cafea,1,12.0,12.0
ORD-202608-00883,Restaurantul Nostru,Ștrudel de Mere cu Sos de Vanilie,Desert,1,25.0,25.0
ORD-202608-00883,Restaurantul Nostru,Vin Purcari Rară Neagră Sticlă 0.75L,Băuturi Alcoolice & Bere,2,95.0,190.0
ORD-202608-00883,Restaurantul Nostru,Fasole Bătută cu Ceapă Călită,Aperitive & Gustări,1,20.0,20.0
ORD-202608-00883,Restaurantul Nostru,Salată de Ardei Copți,Salate,1,16.0,16.0
ORD-202608-00883,Restaurantul Nostru,Apă Minerală / Plată Borsec 0.5L,Băuturi Răcoritoare & Cafea,1,10.0,10.0
ORD-202608-00884,Restaurantul Nostru,Bulz Ardelenesc la Grătar,Aperitive & Gustări,1,32.0,32.0
ORD-202608-00884,Restaurantul Nostru,Apă Minerală / Plată Borsec 0.5L,Băuturi Răcoritoare & Cafea,2,10.0,20.0
ORD-202608-00884,Restaurantul Nostru,Bere Nepasteurizată Zăganu 0.5L,Băuturi Alcoolice & Bere,1,22.0,22.0
ORD-202608-00884,Restaurantul Nostru,Iahnie de Fasole cu Bacon,Garnituri,1,16.0,16.0
ORD-202608-00884,Restaurantul Nostru,Salată Caesar cu Pui la Grătar,Salate,1,38.0,38.0
ORD-202608-00885,Restaurantul Nostru,Sos Barbeque,Sosuri & Extra,1,6.0,6.0
ORD-202608-00885,Restaurantul Nostru,Ciorbă Rădăuțeană de Pui,Ciorbe & Supe,1,26.0,26.0
ORD-202608-00885,Restaurantul Nostru,Tochitură Moldovenească cu Mămăligă,Mâncăruri Gătite & Specialități,1,48.0,48.0
ORD-202608-00885,Restaurantul Nostru,Piure de Cartofi cu Unt,Garnituri,1,16.0,16.0
ORD-202608-00886,Restaurantul Nostru,Ceafă de Porc la Grătar,Preparate la Grătar & Mici,1,38.0,38.0
ORD-202608-00886,Restaurantul Nostru,Piure de Cartofi cu Unt,Garnituri,1,16.0,16.0
ORD-202608-00887,Restaurantul Nostru,Ciolan de Porc Rumexit la Cuptor,Mâncăruri Gătite & Specialități,1,78.0,78.0
ORD-202608-00887,Restaurantul Nostru,Pachet Vinul Casei Fetească Regală 1L,Băuturi Alcoolice & Bere,1,55.0,55.0
ORD-202608-00887,Restaurantul Nostru,Clătite cu Finetti și Banane (2 buc),Desert,1,22.0,22.0
ORD-202608-00887,Restaurantul Nostru,Pastramă de Oaie la Tigaie cu Mămăligă,Mâncăruri Gătite & Specialități,1,56.0,56.0
ORD-202608-00888,Restaurantul Nostru,Ceafă de Porc la Grătar,Preparate la Grătar & Mici,1,38.0,38.0
ORD-202608-00888,Restaurantul Nostru,Cappuccino cu Spumă de Lapte,Băuturi Răcoritoare & Cafea,2,15.0,30.0
ORD-202608-00889,Restaurantul Nostru,Mici Românești de Vită-Porc (1 buc),Preparate la Grătar & Mici,1,7.5,7.5
ORD-202608-00889,Restaurantul Nostru,Platou Boieresc (2-3 persoane),Cârnați & Platouri,3,145.0,435.0
ORD-202608-00890,Restaurantul Nostru,Bulz Ardelenesc la Grătar,Aperitive & Gustări,1,32.0,32.0
ORD-202608-00890,Restaurantul Nostru,Burger Casei cu Cartofi Prăjiți,Mâncăruri Gătite & Specialități,1,49.0,49.0
ORD-202608-00890,Restaurantul Nostru,Bere Nepasteurizată Zăganu 0.5L,Băuturi Alcoolice & Bere,2,22.0,44.0
ORD-202608-00890,Restaurantul Nostru,Sarmale Românești în Foi de Varză (4 buc),Mâncăruri Gătite & Specialități,2,44.0,88.0
ORD-202608-00890,Restaurantul Nostru,Salată de Vinete Coapte pe Plită,Aperitive & Gustări,1,24.0,24.0
ORD-202608-00891,Restaurantul Nostru,Bere Ciuc Premium la Draught 0.4L,Băuturi Alcoolice & Bere,1,14.0,14.0
ORD-202608-00891,Restaurantul Nostru,Varză Călită în Vin cu Chimen,Garnituri,2,15.0,30.0
ORD-202608-00891,Restaurantul Nostru,Papanași cu Smântână și Dulceață de Afine (2 buc),Desert,1,32.0,32.0
ORD-202608-00891,Restaurantul Nostru,Lava Cake cu Înghețată de Vanilie,Desert,1,28.0,28.0
ORD-202608-00891,Restaurantul Nostru,Supă Cremă de Legume cu Crutoane,Ciorbe & Supe,1,22.0,22.0
ORD-202608-00892,Restaurantul Nostru,Coca-Cola / Coca-Cola Zero 0.33L,Băuturi Răcoritoare & Cafea,3,12.0,36.0
ORD-202608-00892,Restaurantul Nostru,Supă Cremă de Legume cu Crutoane,Ciorbe & Supe,1,22.0,22.0
ORD-202608-00892,Restaurantul Nostru,Mămăliguță Caldă,Garnituri,1,8.0,8.0
ORD-202608-00892,Restaurantul Nostru,Țuică de Prune Ardelenească 50ml,Băuturi Alcoolice & Bere,1,18.0,18.0
ORD-202608-00892,Restaurantul Nostru,Burger Casei cu Cartofi Prăjiți,Mâncăruri Gătite & Specialități,1,49.0,49.0
ORD-202608-00893,Restaurantul Nostru,Ciorbă de Văcuță,Ciorbe & Supe,1,25.0,25.0
ORD-202608-00893,Restaurantul Nostru,Ciolan de Porc Rumexit la Cuptor,Mâncăruri Gătite & Specialități,1,78.0,78.0
ORD-202608-00893,Restaurantul Nostru,Frăție de Mici & Cârnați,Preparate la Grătar & Mici,1,54.0,54.0
ORD-202608-00894,Restaurantul Nostru,Frigărui de Berbecuț,Preparate la Grătar & Mici,1,58.0,58.0
ORD-202608-00894,Restaurantul Nostru,Șnițel Gigant de Pui Pane,Mâncăruri Gătite & Specialități,1,36.0,36.0
ORD-202608-00894,Restaurantul Nostru,Smântână Proaspătă 20%,Sosuri & Extra,3,5.0,15.0
ORD-202608-00894,Restaurantul Nostru,Bulz Ardelenesc la Grătar,Aperitive & Gustări,1,32.0,32.0
ORD-202608-00894,Restaurantul Nostru,Varză Călită în Vin cu Chimen,Garnituri,1,15.0,15.0
ORD-202608-00895,Restaurantul Nostru,Ceafă de Porc la Grătar,Preparate la Grătar & Mici,1,38.0,38.0
ORD-202608-00895,Restaurantul Nostru,Mici de Oaie și Vită (1 buc),Preparate la Grătar & Mici,1,8.5,8.5
ORD-202608-00895,Restaurantul Nostru,Bere Heineken 0.33L,Băuturi Alcoolice & Bere,3,16.0,48.0
ORD-202608-00896,Restaurantul Nostru,Muștar Clasic,Sosuri & Extra,1,4.0,4.0
ORD-202608-00896,Restaurantul Nostru,Burger Casei cu Cartofi Prăjiți,Mâncăruri Gătite & Specialități,1,49.0,49.0
ORD-202608-00896,Restaurantul Nostru,Salată de Ardei Copți,Salate,1,16.0,16.0
ORD-202608-00896,Restaurantul Nostru,Mujdei de Usturoi Tradițional,Sosuri & Extra,1,5.0,5.0
ORD-202608-00896,Restaurantul Nostru,Bere Ciuc Premium la Draught 0.4L,Băuturi Alcoolice & Bere,3,14.0,42.0
ORD-202608-00897,Restaurantul Nostru,Smântână Proaspătă 20%,Sosuri & Extra,1,5.0,5.0
ORD-202608-00897,Restaurantul Nostru,Mămăliguță Caldă,Garnituri,1,8.0,8.0
ORD-202608-00897,Restaurantul Nostru,Mici de Oaie și Vită (1 buc),Preparate la Grătar & Mici,2,8.5,17.0
ORD-202608-00898,Restaurantul Nostru,Bere Nepasteurizată Zăganu 0.5L,Băuturi Alcoolice & Bere,1,22.0,22.0
ORD-202608-00898,Restaurantul Nostru,Piept de Pui la Grătar,Preparate la Grătar & Mici,1,34.0,34.0
ORD-202608-00898,Restaurantul Nostru,Iahnie de Fasole cu Bacon,Garnituri,1,16.0,16.0
ORD-202608-00899,Restaurantul Nostru,Pastramă de Oaie la Tigaie cu Mămăligă,Mâncăruri Gătite & Specialități,1,56.0,56.0
ORD-202608-00899,Restaurantul Nostru,Cașcaval Pane Crocant,Aperitive & Gustări,2,28.0,56.0
ORD-202608-00900,Restaurantul Nostru,Salată de Ardei Copți,Salate,1,16.0,16.0
ORD-202608-00900,Restaurantul Nostru,Frigărui de Berbecuț,Preparate la Grătar & Mici,1,58.0,58.0
ORD-202608-00901,Restaurantul Nostru,Frăție de Mici & Cârnați,Preparate la Grătar & Mici,1,54.0,54.0
ORD-202608-00901,Restaurantul Nostru,Șnițel Gigant de Pui Pane,Mâncăruri Gătite & Specialități,1,36.0,36.0
ORD-202608-00902,Restaurantul Nostru,Mujdei de Usturoi Tradițional,Sosuri & Extra,1,5.0,5.0
ORD-202608-00902,Restaurantul Nostru,Supă Cremă de Legume cu Crutoane,Ciorbe & Supe,1,22.0,22.0
ORD-202608-00902,Restaurantul Nostru,Iahnie de Fasole cu Bacon,Garnituri,1,16.0,16.0
ORD-202608-00903,Restaurantul Nostru,Frigărui de Berbecuț,Preparate la Grătar & Mici,1,58.0,58.0
ORD-202608-00903,Restaurantul Nostru,Platou Cârnați Asortați,Cârnați & Platouri,3,95.0,285.0
ORD-202608-00904,Restaurantul Nostru,Frăție de Mici & Cârnați,Preparate la Grătar & Mici,2,54.0,108.0
ORD-202608-00904,Restaurantul Nostru,Ciorbă de Perișoare,Ciorbe & Supe,1,24.0,24.0
ORD-202608-00904,Restaurantul Nostru,Burger Casei cu Cartofi Prăjiți,Mâncăruri Gătite & Specialități,1,49.0,49.0
ORD-202608-00904,Restaurantul Nostru,Bere Ciuc Premium la Draught 0.4L,Băuturi Alcoolice & Bere,1,14.0,14.0
ORD-202608-00905,Restaurantul Nostru,Salată Grecească,Salate,1,34.0,34.0
ORD-202608-00905,Restaurantul Nostru,Piure de Cartofi cu Unt,Garnituri,1,16.0,16.0
ORD-202608-00905,Restaurantul Nostru,Cașcaval Pane Crocant,Aperitive & Gustări,1,28.0,28.0
ORD-202608-00905,Restaurantul Nostru,Burger Casei cu Cartofi Prăjiți,Mâncăruri Gătite & Specialități,1,49.0,49.0
ORD-202608-00905,Restaurantul Nostru,Vin Purcari Rară Neagră Sticlă 0.75L,Băuturi Alcoolice & Bere,1,95.0,95.0
ORD-202608-00906,Restaurantul Nostru,Fasole Bătută cu Ceapă Călită,Aperitive & Gustări,1,20.0,20.0
ORD-202608-00906,Restaurantul Nostru,Mici Românești de Vită-Porc (1 buc),Preparate la Grătar & Mici,1,7.5,7.5
ORD-202608-00906,Restaurantul Nostru,Coca-Cola / Coca-Cola Zero 0.33L,Băuturi Răcoritoare & Cafea,1,12.0,12.0
ORD-202608-00906,Restaurantul Nostru,Frigărui de Berbecuț,Preparate la Grătar & Mici,1,58.0,58.0
ORD-202608-00906,Restaurantul Nostru,Salată de Murături Asortate,Salate,1,14.0,14.0
ORD-202608-00907,Restaurantul Nostru,Cappuccino cu Spumă de Lapte,Băuturi Răcoritoare & Cafea,1,15.0,15.0
ORD-202608-00907,Restaurantul Nostru,Lava Cake cu Înghețată de Vanilie,Desert,1,28.0,28.0
ORD-202608-00907,Restaurantul Nostru,Burger Casei cu Cartofi Prăjiți,Mâncăruri Gătite & Specialități,2,49.0,98.0
ORD-202608-00907,Restaurantul Nostru,Coș de Pâine de Casă,Sosuri & Extra,1,7.0,7.0
ORD-202608-00907,Restaurantul Nostru,Ciolan de Porc Rumexit la Cuptor,Mâncăruri Gătite & Specialități,1,78.0,78.0
ORD-202608-00908,Restaurantul Nostru,Mici de Oaie și Vită (1 buc),Preparate la Grătar & Mici,1,8.5,8.5
ORD-202608-00908,Restaurantul Nostru,Apă Minerală / Plată Borsec 0.5L,Băuturi Răcoritoare & Cafea,1,10.0,10.0
ORD-202608-00908,Restaurantul Nostru,Ciorbă de Burtiță Tradițională,Ciorbe & Supe,1,28.0,28.0
ORD-202608-00908,Restaurantul Nostru,Cappuccino cu Spumă de Lapte,Băuturi Răcoritoare & Cafea,3,15.0,45.0
ORD-202608-00908,Restaurantul Nostru,Bere Heineken 0.33L,Băuturi Alcoolice & Bere,3,16.0,48.0
ORD-202608-00909,Restaurantul Nostru,Burger Casei cu Cartofi Prăjiți,Mâncăruri Gătite & Specialități,2,49.0,98.0
ORD-202608-00909,Restaurantul Nostru,Mici Românești de Vită-Porc (1 buc),Preparate la Grătar & Mici,2,7.5,15.0
ORD-202608-00910,Restaurantul Nostru,Espresso Scurt / Lung Julius Meinl,Băuturi Răcoritoare & Cafea,1,12.0,12.0
ORD-202608-00910,Restaurantul Nostru,Piept de Pui la Grătar,Preparate la Grătar & Mici,1,34.0,34.0
ORD-202608-00910,Restaurantul Nostru,Ciorbă de Burtiță Tradițională,Ciorbe & Supe,2,28.0,56.0
ORD-202608-00911,Restaurantul Nostru,Mici de Oaie și Vită (1 buc),Preparate la Grătar & Mici,1,8.5,8.5
ORD-202608-00911,Restaurantul Nostru,Cartofi Prăjiți cu Usturoi și Parmezan,Garnituri,1,18.0,18.0
ORD-202608-00911,Restaurantul Nostru,Platou Gustări Rece Tradiționale,Cârnați & Platouri,1,85.0,85.0
ORD-202608-00912,Restaurantul Nostru,Burger Casei cu Cartofi Prăjiți,Mâncăruri Gătite & Specialități,1,49.0,49.0
ORD-202608-00912,Restaurantul Nostru,Salată de Ardei Copți,Salate,1,16.0,16.0
ORD-202608-00912,Restaurantul Nostru,Ceafă de Porc la Grătar,Preparate la Grătar & Mici,1,38.0,38.0
ORD-202608-00912,Restaurantul Nostru,Mici Românești de Vită-Porc (1 buc),Preparate la Grătar & Mici,3,7.5,22.5
ORD-202608-00913,Restaurantul Nostru,Ciorbă Rădăuțeană de Pui,Ciorbe & Supe,1,26.0,26.0
ORD-202608-00913,Restaurantul Nostru,Ciorbă de Văcuță,Ciorbe & Supe,1,25.0,25.0
ORD-202608-00913,Restaurantul Nostru,Limonadă Proaspătă cu Miere și Mentă 0.5L,Băuturi Răcoritoare & Cafea,1,20.0,20.0
ORD-202608-00913,Restaurantul Nostru,Piure de Cartofi cu Unt,Garnituri,1,16.0,16.0
ORD-202608-00914,Restaurantul Nostru,Platou Gustări Rece Tradiționale,Cârnați & Platouri,1,85.0,85.0
ORD-202608-00914,Restaurantul Nostru,Cartofi Prăjiți cu Usturoi și Parmezan,Garnituri,1,18.0,18.0
ORD-202608-00914,Restaurantul Nostru,Mujdei de Usturoi Tradițional,Sosuri & Extra,2,5.0,10.0
ORD-202608-00914,Restaurantul Nostru,Platou Cârnați Asortați,Cârnați & Platouri,1,95.0,95.0
ORD-202608-00915,Restaurantul Nostru,Burger Casei cu Cartofi Prăjiți,Mâncăruri Gătite & Specialități,1,49.0,49.0
ORD-202608-00915,Restaurantul Nostru,Cașcaval Pane Crocant,Aperitive & Gustări,1,28.0,28.0
ORD-202608-00915,Restaurantul Nostru,Clătite cu Finetti și Banane (2 buc),Desert,1,22.0,22.0
ORD-202608-00915,Restaurantul Nostru,Coca-Cola / Coca-Cola Zero 0.33L,Băuturi Răcoritoare & Cafea,1,12.0,12.0
ORD-202608-00915,Restaurantul Nostru,Cappuccino cu Spumă de Lapte,Băuturi Răcoritoare & Cafea,1,15.0,15.0
ORD-202608-00916,Restaurantul Nostru,Ciorbă de Văcuță,Ciorbe & Supe,2,25.0,50.0
ORD-202608-00916,Restaurantul Nostru,Ceafă de Porc la Grătar,Preparate la Grătar & Mici,2,38.0,76.0
ORD-202608-00916,Restaurantul Nostru,Ciolan de Porc Rumexit la Cuptor,Mâncăruri Gătite & Specialități,1,78.0,78.0
ORD-202608-00917,Restaurantul Nostru,Bere Heineken 0.33L,Băuturi Alcoolice & Bere,2,16.0,32.0
ORD-202608-00917,Restaurantul Nostru,Mici Românești de Vită-Porc (1 buc),Preparate la Grătar & Mici,1,7.5,7.5
ORD-202608-00917,Restaurantul Nostru,Ștrudel de Mere cu Sos de Vanilie,Desert,1,25.0,25.0
ORD-202608-00918,Restaurantul Nostru,Ciolan de Porc Rumexit la Cuptor,Mâncăruri Gătite & Specialități,1,78.0,78.0
ORD-202608-00918,Restaurantul Nostru,Limonadă Proaspătă cu Miere și Mentă 0.5L,Băuturi Răcoritoare & Cafea,1,20.0,20.0
ORD-202608-00918,Restaurantul Nostru,Muștar Clasic,Sosuri & Extra,1,4.0,4.0
ORD-202608-00919,Restaurantul Nostru,Muștar Clasic,Sosuri & Extra,1,4.0,4.0
ORD-202608-00919,Restaurantul Nostru,Vin Purcari Rară Neagră Sticlă 0.75L,Băuturi Alcoolice & Bere,2,95.0,190.0
ORD-202608-00919,Restaurantul Nostru,Platou Boieresc (2-3 persoane),Cârnați & Platouri,1,145.0,145.0
ORD-202608-00919,Restaurantul Nostru,Salată Caesar cu Pui la Grătar,Salate,1,38.0,38.0
ORD-202608-00919,Restaurantul Nostru,Espresso Scurt / Lung Julius Meinl,Băuturi Răcoritoare & Cafea,1,12.0,12.0
ORD-202608-00920,Restaurantul Nostru,Platou Boieresc (2-3 persoane),Cârnați & Platouri,1,145.0,145.0
ORD-202608-00920,Restaurantul Nostru,Papanași cu Smântână și Dulceață de Afine (2 buc),Desert,2,32.0,64.0
ORD-202608-00920,Restaurantul Nostru,Limonadă Proaspătă cu Miere și Mentă 0.5L,Băuturi Răcoritoare & Cafea,1,20.0,20.0
ORD-202608-00920,Restaurantul Nostru,Frăție de Mici & Cârnați,Preparate la Grătar & Mici,1,54.0,54.0
ORD-202608-00921,Restaurantul Nostru,Bere Heineken 0.33L,Băuturi Alcoolice & Bere,1,16.0,16.0
ORD-202608-00921,Restaurantul Nostru,Limonadă Proaspătă cu Miere și Mentă 0.5L,Băuturi Răcoritoare & Cafea,1,20.0,20.0
ORD-202608-00922,Restaurantul Nostru,Salată Caesar cu Pui la Grătar,Salate,1,38.0,38.0
ORD-202608-00922,Restaurantul Nostru,Papanași cu Smântână și Dulceață de Afine (2 buc),Desert,1,32.0,32.0
ORD-202608-00922,Restaurantul Nostru,Ciorbă de Văcuță,Ciorbe & Supe,1,25.0,25.0
ORD-202608-00922,Restaurantul Nostru,Frigărui de Berbecuț,Preparate la Grătar & Mici,1,58.0,58.0
ORD-202608-00923,Restaurantul Nostru,Apă Minerală / Plată Borsec 0.5L,Băuturi Răcoritoare & Cafea,1,10.0,10.0
ORD-202608-00923,Restaurantul Nostru,Tochitură Moldovenească cu Mămăligă,Mâncăruri Gătite & Specialități,1,48.0,48.0
ORD-202608-00923,Restaurantul Nostru,Platou Boieresc (2-3 persoane),Cârnați & Platouri,1,145.0,145.0
ORD-202608-00924,Restaurantul Nostru,Mici de Oaie și Vită (1 buc),Preparate la Grătar & Mici,1,8.5,8.5
ORD-202608-00924,Restaurantul Nostru,Cappuccino cu Spumă de Lapte,Băuturi Răcoritoare & Cafea,1,15.0,15.0
ORD-202608-00924,Restaurantul Nostru,Țuică de Prune Ardelenească 50ml,Băuturi Alcoolice & Bere,1,18.0,18.0
ORD-202608-00924,Restaurantul Nostru,Ciorbă de Perișoare,Ciorbe & Supe,1,24.0,24.0
ORD-202608-00924,Restaurantul Nostru,Salată Caesar cu Pui la Grătar,Salate,2,38.0,76.0
ORD-202608-00925,Restaurantul Nostru,Mici de Oaie și Vită (1 buc),Preparate la Grătar & Mici,1,8.5,8.5
ORD-202608-00925,Restaurantul Nostru,Salată de Murături Asortate,Salate,1,14.0,14.0
ORD-202608-00925,Restaurantul Nostru,Limonadă Proaspătă cu Miere și Mentă 0.5L,Băuturi Răcoritoare & Cafea,1,20.0,20.0
ORD-202608-00925,Restaurantul Nostru,Frigărui de Berbecuț,Preparate la Grătar & Mici,1,58.0,58.0
ORD-202608-00925,Restaurantul Nostru,Muștar Clasic,Sosuri & Extra,1,4.0,4.0
ORD-202608-00926,Restaurantul Nostru,Iahnie de Fasole cu Bacon,Garnituri,2,16.0,32.0
ORD-202608-00926,Restaurantul Nostru,Smântână Proaspătă 20%,Sosuri & Extra,1,5.0,5.0
ORD-202608-00927,Restaurantul Nostru,Supă Cremă de Legume cu Crutoane,Ciorbe & Supe,3,22.0,66.0
ORD-202608-00927,Restaurantul Nostru,Piept de Pui la Grătar,Preparate la Grătar & Mici,1,34.0,34.0
ORD-202608-00927,Restaurantul Nostru,Apă Minerală / Plată Borsec 0.5L,Băuturi Răcoritoare & Cafea,1,10.0,10.0
ORD-202608-00928,Restaurantul Nostru,Iahnie de Fasole cu Bacon,Garnituri,1,16.0,16.0
ORD-202608-00928,Restaurantul Nostru,Limonadă Proaspătă cu Miere și Mentă 0.5L,Băuturi Răcoritoare & Cafea,1,20.0,20.0
ORD-202608-00929,Restaurantul Nostru,Smântână Proaspătă 20%,Sosuri & Extra,1,5.0,5.0
ORD-202608-00929,Restaurantul Nostru,Ceafă de Porc la Grătar,Preparate la Grătar & Mici,1,38.0,38.0
ORD-202608-00929,Restaurantul Nostru,Iahnie de Fasole cu Bacon,Garnituri,1,16.0,16.0
ORD-202608-00929,Restaurantul Nostru,Bulz Ardelenesc la Grătar,Aperitive & Gustări,1,32.0,32.0
ORD-202608-00929,Restaurantul Nostru,Cappuccino cu Spumă de Lapte,Băuturi Răcoritoare & Cafea,1,15.0,15.0
ORD-202608-00930,Restaurantul Nostru,Platou Boieresc (2-3 persoane),Cârnați & Platouri,1,145.0,145.0
ORD-202608-00930,Restaurantul Nostru,Ciorbă de Văcuță,Ciorbe & Supe,1,25.0,25.0
ORD-202608-00930,Restaurantul Nostru,Coca-Cola / Coca-Cola Zero 0.33L,Băuturi Răcoritoare & Cafea,1,12.0,12.0
ORD-202608-00931,Restaurantul Nostru,Salată Grecească,Salate,1,34.0,34.0
ORD-202608-00931,Restaurantul Nostru,Coș de Pâine de Casă,Sosuri & Extra,1,7.0,7.0
ORD-202608-00931,Restaurantul Nostru,Cartofi Prăjiți cu Usturoi și Parmezan,Garnituri,1,18.0,18.0
ORD-202608-00932,Restaurantul Nostru,Limonadă Proaspătă cu Miere și Mentă 0.5L,Băuturi Răcoritoare & Cafea,1,20.0,20.0
ORD-202608-00932,Restaurantul Nostru,Platou Boieresc (2-3 persoane),Cârnați & Platouri,3,145.0,435.0
ORD-202608-00932,Restaurantul Nostru,Piure de Cartofi cu Unt,Garnituri,1,16.0,16.0
ORD-202608-00933,Restaurantul Nostru,Platou Boieresc (2-3 persoane),Cârnați & Platouri,1,145.0,145.0
ORD-202608-00933,Restaurantul Nostru,Ceafă de Porc la Grătar,Preparate la Grătar & Mici,1,38.0,38.0
ORD-202608-00933,Restaurantul Nostru,Țuică de Prune Ardelenească 50ml,Băuturi Alcoolice & Bere,1,18.0,18.0
ORD-202608-00933,Restaurantul Nostru,Platou Cârnați Asortați,Cârnați & Platouri,1,95.0,95.0
ORD-202608-00933,Restaurantul Nostru,Bere Heineken 0.33L,Băuturi Alcoolice & Bere,1,16.0,16.0
ORD-202608-00934,Restaurantul Nostru,Mujdei de Usturoi Tradițional,Sosuri & Extra,3,5.0,15.0
ORD-202608-00934,Restaurantul Nostru,Pachet Vinul Casei Fetească Regală 1L,Băuturi Alcoolice & Bere,1,55.0,55.0
ORD-202608-00934,Restaurantul Nostru,Fasole Bătută cu Ceapă Călită,Aperitive & Gustări,1,20.0,20.0
ORD-202608-00934,Restaurantul Nostru,Mici de Oaie și Vită (1 buc),Preparate la Grătar & Mici,3,8.5,25.5
ORD-202608-00935,Restaurantul Nostru,Pastramă de Oaie la Tigaie cu Mămăligă,Mâncăruri Gătite & Specialități,1,56.0,56.0
ORD-202608-00935,Restaurantul Nostru,Ciorbă Rădăuțeană de Pui,Ciorbe & Supe,3,26.0,78.0
ORD-202608-00936,Restaurantul Nostru,Salată Grecească,Salate,2,34.0,68.0
ORD-202608-00936,Restaurantul Nostru,Cartofi Prăjiți cu Usturoi și Parmezan,Garnituri,1,18.0,18.0
ORD-202608-00936,Restaurantul Nostru,Platou Gustări Rece Tradiționale,Cârnați & Platouri,1,85.0,85.0
ORD-202608-00936,Restaurantul Nostru,Clătite cu Finetti și Banane (2 buc),Desert,1,22.0,22.0
ORD-202608-00936,Restaurantul Nostru,Sos Barbeque,Sosuri & Extra,1,6.0,6.0
ORD-202608-00937,Restaurantul Nostru,Bulz Ardelenesc la Grătar,Aperitive & Gustări,2,32.0,64.0
ORD-202608-00937,Restaurantul Nostru,Ciorbă de Văcuță,Ciorbe & Supe,1,25.0,25.0
ORD-202608-00937,Restaurantul Nostru,Cașcaval Pane Crocant,Aperitive & Gustări,2,28.0,56.0
ORD-202608-00937,Restaurantul Nostru,Țuică de Prune Ardelenească 50ml,Băuturi Alcoolice & Bere,1,18.0,18.0
ORD-202608-00937,Restaurantul Nostru,Salată de Murături Asortate,Salate,2,14.0,28.0
ORD-202608-00938,Restaurantul Nostru,Smântână Proaspătă 20%,Sosuri & Extra,2,5.0,10.0
ORD-202608-00938,Restaurantul Nostru,Mici de Oaie și Vită (1 buc),Preparate la Grătar & Mici,1,8.5,8.5
ORD-202608-00938,Restaurantul Nostru,Salată de Ardei Copți,Salate,1,16.0,16.0
ORD-202608-00939,Restaurantul Nostru,Mujdei de Usturoi Tradițional,Sosuri & Extra,1,5.0,5.0
ORD-202608-00939,Restaurantul Nostru,Platou Cârnați Asortați,Cârnați & Platouri,1,95.0,95.0
ORD-202608-00939,Restaurantul Nostru,Cappuccino cu Spumă de Lapte,Băuturi Răcoritoare & Cafea,1,15.0,15.0
ORD-202608-00940,Restaurantul Nostru,Șnițel Gigant de Pui Pane,Mâncăruri Gătite & Specialități,1,36.0,36.0
ORD-202608-00940,Restaurantul Nostru,Cappuccino cu Spumă de Lapte,Băuturi Răcoritoare & Cafea,2,15.0,30.0
ORD-202608-00940,Restaurantul Nostru,Supă Cremă de Legume cu Crutoane,Ciorbe & Supe,1,22.0,22.0
ORD-202608-00941,Restaurantul Nostru,Fasole Bătută cu Ceapă Călită,Aperitive & Gustări,1,20.0,20.0
ORD-202608-00941,Restaurantul Nostru,Piept de Pui la Grătar,Preparate la Grătar & Mici,1,34.0,34.0
ORD-202608-00942,Restaurantul Nostru,Bulz Ardelenesc la Grătar,Aperitive & Gustări,1,32.0,32.0
ORD-202608-00942,Restaurantul Nostru,Piure de Cartofi cu Unt,Garnituri,1,16.0,16.0
ORD-202608-00942,Restaurantul Nostru,Pachet Vinul Casei Fetească Regală 1L,Băuturi Alcoolice & Bere,1,55.0,55.0
ORD-202608-00943,Restaurantul Nostru,Papanași cu Smântână și Dulceață de Afine (2 buc),Desert,1,32.0,32.0
ORD-202608-00943,Restaurantul Nostru,Frăție de Mici & Cârnați,Preparate la Grătar & Mici,1,54.0,54.0
ORD-202608-00943,Restaurantul Nostru,Ștrudel de Mere cu Sos de Vanilie,Desert,1,25.0,25.0
ORD-202608-00944,Restaurantul Nostru,Papanași cu Smântână și Dulceață de Afine (2 buc),Desert,1,32.0,32.0
ORD-202608-00944,Restaurantul Nostru,Țuică de Prune Ardelenească 50ml,Băuturi Alcoolice & Bere,2,18.0,36.0
ORD-202608-00944,Restaurantul Nostru,Lava Cake cu Înghețată de Vanilie,Desert,1,28.0,28.0
ORD-202608-00945,Restaurantul Nostru,Vin Purcari Rară Neagră Sticlă 0.75L,Băuturi Alcoolice & Bere,1,95.0,95.0
ORD-202608-00945,Restaurantul Nostru,Lava Cake cu Înghețată de Vanilie,Desert,1,28.0,28.0
ORD-202608-00945,Restaurantul Nostru,Ceafă de Porc la Grătar,Preparate la Grătar & Mici,1,38.0,38.0
ORD-202608-00945,Restaurantul Nostru,Burger Casei cu Cartofi Prăjiți,Mâncăruri Gătite & Specialități,1,49.0,49.0
ORD-202608-00946,Restaurantul Nostru,Muștar Clasic,Sosuri & Extra,1,4.0,4.0
ORD-202608-00946,Restaurantul Nostru,Șnițel Gigant de Pui Pane,Mâncăruri Gătite & Specialități,1,36.0,36.0
ORD-202608-00946,Restaurantul Nostru,Apă Minerală / Plată Borsec 0.5L,Băuturi Răcoritoare & Cafea,1,10.0,10.0
ORD-202608-00946,Restaurantul Nostru,Ceafă de Porc la Grătar,Preparate la Grătar & Mici,1,38.0,38.0
ORD-202608-00946,Restaurantul Nostru,Ciorbă de Burtiță Tradițională,Ciorbe & Supe,1,28.0,28.0
ORD-202608-00947,Restaurantul Nostru,Limonadă Proaspătă cu Miere și Mentă 0.5L,Băuturi Răcoritoare & Cafea,1,20.0,20.0
ORD-202608-00947,Restaurantul Nostru,Ciorbă de Perișoare,Ciorbe & Supe,1,24.0,24.0
ORD-202608-00947,Restaurantul Nostru,Coca-Cola / Coca-Cola Zero 0.33L,Băuturi Răcoritoare & Cafea,1,12.0,12.0
ORD-202608-00947,Restaurantul Nostru,Muștar Clasic,Sosuri & Extra,1,4.0,4.0
ORD-202608-00948,Restaurantul Nostru,Mămăliguță Caldă,Garnituri,1,8.0,8.0
ORD-202608-00948,Restaurantul Nostru,Frăție de Mici & Cârnați,Preparate la Grătar & Mici,1,54.0,54.0
ORD-202608-00948,Restaurantul Nostru,Lava Cake cu Înghețată de Vanilie,Desert,1,28.0,28.0
ORD-202608-00948,Restaurantul Nostru,Platou Cârnați Asortați,Cârnați & Platouri,1,95.0,95.0
ORD-202608-00949,Restaurantul Nostru,Platou Cârnați Asortați,Cârnați & Platouri,1,95.0,95.0
ORD-202608-00949,Restaurantul Nostru,Varză Călită în Vin cu Chimen,Garnituri,2,15.0,30.0
ORD-202608-00949,Restaurantul Nostru,Bulz Ardelenesc la Grătar,Aperitive & Gustări,1,32.0,32.0
ORD-202608-00949,Restaurantul Nostru,Apă Minerală / Plată Borsec 0.5L,Băuturi Răcoritoare & Cafea,1,10.0,10.0
ORD-202608-00950,Restaurantul Nostru,Espresso Scurt / Lung Julius Meinl,Băuturi Răcoritoare & Cafea,2,12.0,24.0
ORD-202608-00950,Restaurantul Nostru,Ciorbă de Văcuță,Ciorbe & Supe,1,25.0,25.0
ORD-202608-00950,Restaurantul Nostru,Salată Caesar cu Pui la Grătar,Salate,1,38.0,38.0
ORD-202608-00950,Restaurantul Nostru,Mujdei de Usturoi Tradițional,Sosuri & Extra,1,5.0,5.0
ORD-202608-00951,Restaurantul Nostru,Salată de Murături Asortate,Salate,2,14.0,28.0
ORD-202608-00951,Restaurantul Nostru,Bere Nepasteurizată Zăganu 0.5L,Băuturi Alcoolice & Bere,1,22.0,22.0
ORD-202608-00951,Restaurantul Nostru,Apă Minerală / Plată Borsec 0.5L,Băuturi Răcoritoare & Cafea,1,10.0,10.0
ORD-202608-00951,Restaurantul Nostru,Platou Gustări Rece Tradiționale,Cârnați & Platouri,1,85.0,85.0
ORD-202608-00951,Restaurantul Nostru,Bere Ciuc Premium la Draught 0.4L,Băuturi Alcoolice & Bere,1,14.0,14.0
ORD-202608-00952,Restaurantul Nostru,Cașcaval Pane Crocant,Aperitive & Gustări,1,28.0,28.0
ORD-202608-00952,Restaurantul Nostru,Frigărui de Berbecuț,Preparate la Grătar & Mici,1,58.0,58.0
ORD-202608-00952,Restaurantul Nostru,Varză Călită în Vin cu Chimen,Garnituri,1,15.0,15.0
ORD-202608-00953,Restaurantul Nostru,Bere Nepasteurizată Zăganu 0.5L,Băuturi Alcoolice & Bere,1,22.0,22.0
ORD-202608-00953,Restaurantul Nostru,Ciorbă de Burtiță Tradițională,Ciorbe & Supe,1,28.0,28.0
ORD-202608-00954,Restaurantul Nostru,Burger Casei cu Cartofi Prăjiți,Mâncăruri Gătite & Specialități,1,49.0,49.0
ORD-202608-00954,Restaurantul Nostru,Coș de Pâine de Casă,Sosuri & Extra,1,7.0,7.0
ORD-202608-00954,Restaurantul Nostru,Platou Boieresc (2-3 persoane),Cârnați & Platouri,1,145.0,145.0
ORD-202608-00955,Restaurantul Nostru,Tochitură Moldovenească cu Mămăligă,Mâncăruri Gătite & Specialități,1,48.0,48.0
ORD-202608-00955,Restaurantul Nostru,Supă Cremă de Legume cu Crutoane,Ciorbe & Supe,1,22.0,22.0
ORD-202608-00955,Restaurantul Nostru,Cârnați Picanți de Pleșcoi,Cârnați & Platouri,1,42.0,42.0
ORD-202608-00955,Restaurantul Nostru,Țuică de Prune Ardelenească 50ml,Băuturi Alcoolice & Bere,1,18.0,18.0
ORD-202608-00956,Restaurantul Nostru,Vin Purcari Rară Neagră Sticlă 0.75L,Băuturi Alcoolice & Bere,1,95.0,95.0
ORD-202608-00956,Restaurantul Nostru,Supă Cremă de Legume cu Crutoane,Ciorbe & Supe,1,22.0,22.0
ORD-202608-00957,Restaurantul Nostru,Smântână Proaspătă 20%,Sosuri & Extra,2,5.0,10.0
ORD-202608-00957,Restaurantul Nostru,Bere Heineken 0.33L,Băuturi Alcoolice & Bere,1,16.0,16.0
ORD-202608-00957,Restaurantul Nostru,Bere Nepasteurizată Zăganu 0.5L,Băuturi Alcoolice & Bere,1,22.0,22.0
ORD-202608-00957,Restaurantul Nostru,Țuică de Prune Ardelenească 50ml,Băuturi Alcoolice & Bere,1,18.0,18.0
ORD-202608-00957,Restaurantul Nostru,Sos Barbeque,Sosuri & Extra,1,6.0,6.0
ORD-202608-00958,Restaurantul Nostru,Salată Grecească,Salate,2,34.0,68.0
ORD-202608-00958,Restaurantul Nostru,Smântână Proaspătă 20%,Sosuri & Extra,1,5.0,5.0
ORD-202608-00958,Restaurantul Nostru,Cartofi Prăjiți cu Usturoi și Parmezan,Garnituri,1,18.0,18.0
ORD-202608-00959,Restaurantul Nostru,Mici Românești de Vită-Porc (1 buc),Preparate la Grătar & Mici,3,7.5,22.5
ORD-202608-00959,Restaurantul Nostru,Ceafă de Porc la Grătar,Preparate la Grătar & Mici,1,38.0,38.0
ORD-202608-00959,Restaurantul Nostru,Salată Grecească,Salate,1,34.0,34.0
ORD-202608-00959,Restaurantul Nostru,Supă Cremă de Legume cu Crutoane,Ciorbe & Supe,1,22.0,22.0
ORD-202608-00960,Restaurantul Nostru,Ciolan de Porc Rumexit la Cuptor,Mâncăruri Gătite & Specialități,1,78.0,78.0
ORD-202608-00960,Restaurantul Nostru,Ciorbă Rădăuțeană de Pui,Ciorbe & Supe,2,26.0,52.0
ORD-202608-00960,Restaurantul Nostru,Piure de Cartofi cu Unt,Garnituri,1,16.0,16.0
ORD-202608-00961,Restaurantul Nostru,Frigărui de Berbecuț,Preparate la Grătar & Mici,1,58.0,58.0
ORD-202608-00961,Restaurantul Nostru,Frăție de Mici & Cârnați,Preparate la Grătar & Mici,1,54.0,54.0
ORD-202608-00961,Restaurantul Nostru,Bere Nepasteurizată Zăganu 0.5L,Băuturi Alcoolice & Bere,1,22.0,22.0
ORD-202608-00961,Restaurantul Nostru,Salată de Murături Asortate,Salate,1,14.0,14.0
ORD-202608-00962,Restaurantul Nostru,Ciorbă Rădăuțeană de Pui,Ciorbe & Supe,1,26.0,26.0
ORD-202608-00962,Restaurantul Nostru,Varză Călită în Vin cu Chimen,Garnituri,1,15.0,15.0
ORD-202608-00962,Restaurantul Nostru,Fasole Bătută cu Ceapă Călită,Aperitive & Gustări,1,20.0,20.0
ORD-202608-00962,Restaurantul Nostru,Șnițel Gigant de Pui Pane,Mâncăruri Gătite & Specialități,1,36.0,36.0
ORD-202608-00963,Restaurantul Nostru,Mici Românești de Vită-Porc (1 buc),Preparate la Grătar & Mici,1,7.5,7.5
ORD-202608-00963,Restaurantul Nostru,Fasole Bătută cu Ceapă Călită,Aperitive & Gustări,1,20.0,20.0
ORD-202608-00964,Restaurantul Nostru,Platou Boieresc (2-3 persoane),Cârnați & Platouri,1,145.0,145.0
ORD-202608-00964,Restaurantul Nostru,Salată de Murături Asortate,Salate,1,14.0,14.0
ORD-202608-00964,Restaurantul Nostru,Coș de Pâine de Casă,Sosuri & Extra,1,7.0,7.0
ORD-202608-00964,Restaurantul Nostru,Mujdei de Usturoi Tradițional,Sosuri & Extra,1,5.0,5.0
ORD-202608-00964,Restaurantul Nostru,Apă Minerală / Plată Borsec 0.5L,Băuturi Răcoritoare & Cafea,1,10.0,10.0
ORD-202608-00965,Restaurantul Nostru,Muștar Clasic,Sosuri & Extra,1,4.0,4.0
ORD-202608-00965,Restaurantul Nostru,Salată de Vinete Coapte pe Plită,Aperitive & Gustări,1,24.0,24.0
ORD-202608-00965,Restaurantul Nostru,Lava Cake cu Înghețată de Vanilie,Desert,1,28.0,28.0
ORD-202608-00965,Restaurantul Nostru,Bulz Ardelenesc la Grătar,Aperitive & Gustări,1,32.0,32.0
ORD-202608-00965,Restaurantul Nostru,Ciolan de Porc Rumexit la Cuptor,Mâncăruri Gătite & Specialități,1,78.0,78.0
ORD-202608-00966,Restaurantul Nostru,Iahnie de Fasole cu Bacon,Garnituri,1,16.0,16.0
ORD-202608-00966,Restaurantul Nostru,Salată de Murături Asortate,Salate,1,14.0,14.0
ORD-202608-00966,Restaurantul Nostru,Ciolan de Porc Rumexit la Cuptor,Mâncăruri Gătite & Specialități,2,78.0,156.0
ORD-202608-00967,Restaurantul Nostru,Platou Boieresc (2-3 persoane),Cârnați & Platouri,1,145.0,145.0
ORD-202608-00967,Restaurantul Nostru,Ciorbă de Văcuță,Ciorbe & Supe,1,25.0,25.0
ORD-202608-00967,Restaurantul Nostru,Smântână Proaspătă 20%,Sosuri & Extra,1,5.0,5.0
ORD-202608-00968,Restaurantul Nostru,Ciorbă de Burtiță Tradițională,Ciorbe & Supe,1,28.0,28.0
ORD-202608-00968,Restaurantul Nostru,Papanași cu Smântână și Dulceață de Afine (2 buc),Desert,1,32.0,32.0
ORD-202608-00968,Restaurantul Nostru,Ciorbă de Perișoare,Ciorbe & Supe,2,24.0,48.0
ORD-202608-00968,Restaurantul Nostru,Piure de Cartofi cu Unt,Garnituri,2,16.0,32.0
ORD-202608-00968,Restaurantul Nostru,Ceafă de Porc la Grătar,Preparate la Grătar & Mici,1,38.0,38.0
ORD-202608-00969,Restaurantul Nostru,Salată de Murături Asortate,Salate,1,14.0,14.0
ORD-202608-00969,Restaurantul Nostru,Mămăliguță Caldă,Garnituri,1,8.0,8.0
ORD-202608-00969,Restaurantul Nostru,Platou Gustări Rece Tradiționale,Cârnați & Platouri,2,85.0,170.0
ORD-202608-00970,Restaurantul Nostru,Burger Casei cu Cartofi Prăjiți,Mâncăruri Gătite & Specialități,1,49.0,49.0
ORD-202608-00970,Restaurantul Nostru,Mămăliguță Caldă,Garnituri,1,8.0,8.0
ORD-202608-00971,Restaurantul Nostru,Burger Casei cu Cartofi Prăjiți,Mâncăruri Gătite & Specialități,1,49.0,49.0
ORD-202608-00971,Restaurantul Nostru,Țuică de Prune Ardelenească 50ml,Băuturi Alcoolice & Bere,1,18.0,18.0
ORD-202608-00972,Restaurantul Nostru,Espresso Scurt / Lung Julius Meinl,Băuturi Răcoritoare & Cafea,1,12.0,12.0
ORD-202608-00972,Restaurantul Nostru,Platou Boieresc (2-3 persoane),Cârnați & Platouri,1,145.0,145.0
ORD-202608-00972,Restaurantul Nostru,Frăție de Mici & Cârnați,Preparate la Grătar & Mici,1,54.0,54.0
ORD-202608-00972,Restaurantul Nostru,Cașcaval Pane Crocant,Aperitive & Gustări,2,28.0,56.0
ORD-202608-00972,Restaurantul Nostru,Piure de Cartofi cu Unt,Garnituri,1,16.0,16.0
ORD-202608-00973,Restaurantul Nostru,Cartofi Prăjiți cu Usturoi și Parmezan,Garnituri,2,18.0,36.0
ORD-202608-00973,Restaurantul Nostru,Cappuccino cu Spumă de Lapte,Băuturi Răcoritoare & Cafea,3,15.0,45.0
ORD-202608-00973,Restaurantul Nostru,Ștrudel de Mere cu Sos de Vanilie,Desert,1,25.0,25.0
ORD-202608-00973,Restaurantul Nostru,Bere Heineken 0.33L,Băuturi Alcoolice & Bere,1,16.0,16.0
ORD-202608-00973,Restaurantul Nostru,Pastramă de Oaie la Tigaie cu Mămăligă,Mâncăruri Gătite & Specialități,1,56.0,56.0
ORD-202608-00974,Restaurantul Nostru,Platou Gustări Rece Tradiționale,Cârnați & Platouri,2,85.0,170.0
ORD-202608-00974,Restaurantul Nostru,Varză Călită în Vin cu Chimen,Garnituri,1,15.0,15.0
ORD-202608-00974,Restaurantul Nostru,Supă Cremă de Legume cu Crutoane,Ciorbe & Supe,1,22.0,22.0
ORD-202608-00974,Restaurantul Nostru,Cașcaval Pane Crocant,Aperitive & Gustări,1,28.0,28.0
ORD-202608-00975,Restaurantul Nostru,Cartofi Prăjiți cu Usturoi și Parmezan,Garnituri,2,18.0,36.0
ORD-202608-00975,Restaurantul Nostru,Pastramă de Oaie la Tigaie cu Mămăligă,Mâncăruri Gătite & Specialități,1,56.0,56.0
ORD-202608-00975,Restaurantul Nostru,Salată Caesar cu Pui la Grătar,Salate,1,38.0,38.0
ORD-202608-00975,Restaurantul Nostru,Ciorbă de Văcuță,Ciorbe & Supe,1,25.0,25.0
ORD-202608-00976,Restaurantul Nostru,Mici Românești de Vită-Porc (1 buc),Preparate la Grătar & Mici,1,7.5,7.5
ORD-202608-00976,Restaurantul Nostru,Platou Boieresc (2-3 persoane),Cârnați & Platouri,1,145.0,145.0
ORD-202608-00977,Restaurantul Nostru,Mici Românești de Vită-Porc (1 buc),Preparate la Grătar & Mici,1,7.5,7.5
ORD-202608-00977,Restaurantul Nostru,Vin Purcari Rară Neagră Sticlă 0.75L,Băuturi Alcoolice & Bere,1,95.0,95.0
ORD-202608-00977,Restaurantul Nostru,Șnițel Gigant de Pui Pane,Mâncăruri Gătite & Specialități,1,36.0,36.0
ORD-202608-00978,Restaurantul Nostru,Sos Barbeque,Sosuri & Extra,3,6.0,18.0
ORD-202608-00978,Restaurantul Nostru,Frigărui de Berbecuț,Preparate la Grătar & Mici,1,58.0,58.0
ORD-202608-00979,Restaurantul Nostru,Mici de Oaie și Vită (1 buc),Preparate la Grătar & Mici,1,8.5,8.5
ORD-202608-00979,Restaurantul Nostru,Muștar Clasic,Sosuri & Extra,1,4.0,4.0
ORD-202608-00979,Restaurantul Nostru,Pastramă de Oaie la Tigaie cu Mămăligă,Mâncăruri Gătite & Specialități,1,56.0,56.0
ORD-202608-00979,Restaurantul Nostru,Supă Cremă de Legume cu Crutoane,Ciorbe & Supe,1,22.0,22.0
ORD-202608-00980,Restaurantul Nostru,Burger Casei cu Cartofi Prăjiți,Mâncăruri Gătite & Specialități,1,49.0,49.0
ORD-202608-00980,Restaurantul Nostru,Cașcaval Pane Crocant,Aperitive & Gustări,1,28.0,28.0
ORD-202608-00981,Restaurantul Nostru,Papanași cu Smântână și Dulceață de Afine (2 buc),Desert,1,32.0,32.0
ORD-202608-00981,Restaurantul Nostru,Ciorbă Rădăuțeană de Pui,Ciorbe & Supe,1,26.0,26.0
ORD-202608-00981,Restaurantul Nostru,Mujdei de Usturoi Tradițional,Sosuri & Extra,1,5.0,5.0
ORD-202608-00981,Restaurantul Nostru,Platou Cârnați Asortați,Cârnați & Platouri,1,95.0,95.0
ORD-202608-00981,Restaurantul Nostru,Ștrudel de Mere cu Sos de Vanilie,Desert,1,25.0,25.0
ORD-202608-00982,Restaurantul Nostru,Cașcaval Pane Crocant,Aperitive & Gustări,1,28.0,28.0
ORD-202608-00982,Restaurantul Nostru,Salată Caesar cu Pui la Grătar,Salate,1,38.0,38.0
ORD-202608-00982,Restaurantul Nostru,Espresso Scurt / Lung Julius Meinl,Băuturi Răcoritoare & Cafea,1,12.0,12.0
ORD-202608-00983,Restaurantul Nostru,Coca-Cola / Coca-Cola Zero 0.33L,Băuturi Răcoritoare & Cafea,1,12.0,12.0
ORD-202608-00983,Restaurantul Nostru,Salată de Murături Asortate,Salate,1,14.0,14.0
ORD-202608-00983,Restaurantul Nostru,Ciorbă de Burtiță Tradițională,Ciorbe & Supe,1,28.0,28.0
ORD-202608-00984,Restaurantul Nostru,Papanași cu Smântână și Dulceață de Afine (2 buc),Desert,1,32.0,32.0
ORD-202608-00984,Restaurantul Nostru,Platou Cârnați Asortați,Cârnați & Platouri,2,95.0,190.0
ORD-202608-00984,Restaurantul Nostru,Varză Călită în Vin cu Chimen,Garnituri,1,15.0,15.0
ORD-202608-00985,Restaurantul Nostru,Ciorbă de Perișoare,Ciorbe & Supe,2,24.0,48.0
ORD-202608-00985,Restaurantul Nostru,Burger Casei cu Cartofi Prăjiți,Mâncăruri Gătite & Specialități,1,49.0,49.0
ORD-202608-00985,Restaurantul Nostru,Piept de Pui la Grătar,Preparate la Grătar & Mici,1,34.0,34.0
ORD-202608-00985,Restaurantul Nostru,Ciorbă de Burtiță Tradițională,Ciorbe & Supe,1,28.0,28.0
ORD-202608-00986,Restaurantul Nostru,Coca-Cola / Coca-Cola Zero 0.33L,Băuturi Răcoritoare & Cafea,1,12.0,12.0
ORD-202608-00986,Restaurantul Nostru,Burger Casei cu Cartofi Prăjiți,Mâncăruri Gătite & Specialități,1,49.0,49.0
ORD-202608-00986,Restaurantul Nostru,Ceafă de Porc la Grătar,Preparate la Grătar & Mici,1,38.0,38.0
ORD-202608-00986,Restaurantul Nostru,Ciorbă de Burtiță Tradițională,Ciorbe & Supe,1,28.0,28.0
ORD-202608-00986,Restaurantul Nostru,Limonadă Proaspătă cu Miere și Mentă 0.5L,Băuturi Răcoritoare & Cafea,1,20.0,20.0
ORD-202608-00987,Restaurantul Nostru,Ciolan de Porc Rumexit la Cuptor,Mâncăruri Gătite & Specialități,1,78.0,78.0
ORD-202608-00987,Restaurantul Nostru,Apă Minerală / Plată Borsec 0.5L,Băuturi Răcoritoare & Cafea,2,10.0,20.0
ORD-202608-00987,Restaurantul Nostru,Frăție de Mici & Cârnați,Preparate la Grătar & Mici,2,54.0,108.0
ORD-202608-00987,Restaurantul Nostru,Pachet Vinul Casei Fetească Regală 1L,Băuturi Alcoolice & Bere,1,55.0,55.0
ORD-202608-00988,Restaurantul Nostru,Supă Cremă de Legume cu Crutoane,Ciorbe & Supe,1,22.0,22.0
ORD-202608-00988,Restaurantul Nostru,Cappuccino cu Spumă de Lapte,Băuturi Răcoritoare & Cafea,1,15.0,15.0
ORD-202608-00989,Restaurantul Nostru,Muștar Clasic,Sosuri & Extra,1,4.0,4.0
ORD-202608-00989,Restaurantul Nostru,Salată de Vinete Coapte pe Plită,Aperitive & Gustări,1,24.0,24.0
ORD-202608-00989,Restaurantul Nostru,Espresso Scurt / Lung Julius Meinl,Băuturi Răcoritoare & Cafea,2,12.0,24.0
ORD-202608-00989,Restaurantul Nostru,Ciorbă de Văcuță,Ciorbe & Supe,1,25.0,25.0
ORD-202608-00990,Restaurantul Nostru,Piept de Pui la Grătar,Preparate la Grătar & Mici,1,34.0,34.0
ORD-202608-00990,Restaurantul Nostru,Ciorbă de Perișoare,Ciorbe & Supe,1,24.0,24.0
ORD-202608-00990,Restaurantul Nostru,Ceafă de Porc la Grătar,Preparate la Grătar & Mici,1,38.0,38.0
ORD-202608-00991,Restaurantul Nostru,Ciorbă de Burtiță Tradițională,Ciorbe & Supe,1,28.0,28.0
ORD-202608-00991,Restaurantul Nostru,Cappuccino cu Spumă de Lapte,Băuturi Răcoritoare & Cafea,1,15.0,15.0
ORD-202608-00992,Restaurantul Nostru,Ștrudel de Mere cu Sos de Vanilie,Desert,1,25.0,25.0
ORD-202608-00992,Restaurantul Nostru,Platou Cârnați Asortați,Cârnați & Platouri,1,95.0,95.0
ORD-202608-00992,Restaurantul Nostru,Vin Purcari Rară Neagră Sticlă 0.75L,Băuturi Alcoolice & Bere,1,95.0,95.0
ORD-202608-00992,Restaurantul Nostru,Coș de Pâine de Casă,Sosuri & Extra,1,7.0,7.0
ORD-202608-00993,Restaurantul Nostru,Lava Cake cu Înghețată de Vanilie,Desert,1,28.0,28.0
ORD-202608-00993,Restaurantul Nostru,Sos Barbeque,Sosuri & Extra,1,6.0,6.0
ORD-202608-00993,Restaurantul Nostru,Frăție de Mici & Cârnați,Preparate la Grătar & Mici,1,54.0,54.0
ORD-202608-00994,Restaurantul Nostru,Supă Cremă de Legume cu Crutoane,Ciorbe & Supe,1,22.0,22.0
ORD-202608-00994,Restaurantul Nostru,Mujdei de Usturoi Tradițional,Sosuri & Extra,1,5.0,5.0
ORD-202608-00994,Restaurantul Nostru,Ceafă de Porc la Grătar,Preparate la Grătar & Mici,2,38.0,76.0
ORD-202608-00995,Restaurantul Nostru,Cartofi Prăjiți cu Usturoi și Parmezan,Garnituri,1,18.0,18.0
ORD-202608-00995,Restaurantul Nostru,Apă Minerală / Plată Borsec 0.5L,Băuturi Răcoritoare & Cafea,1,10.0,10.0
ORD-202608-00995,Restaurantul Nostru,Ciolan de Porc Rumexit la Cuptor,Mâncăruri Gătite & Specialități,1,78.0,78.0
ORD-202608-00995,Restaurantul Nostru,Platou Cârnați Asortați,Cârnați & Platouri,1,95.0,95.0
ORD-202608-00996,Restaurantul Nostru,Mici Românești de Vită-Porc (1 buc),Preparate la Grătar & Mici,1,7.5,7.5
ORD-202608-00996,Restaurantul Nostru,Frăție de Mici & Cârnați,Preparate la Grătar & Mici,1,54.0,54.0
ORD-202608-00996,Restaurantul Nostru,Salată Grecească,Salate,1,34.0,34.0
ORD-202608-00996,Restaurantul Nostru,Cârnați Picanți de Pleșcoi,Cârnați & Platouri,3,42.0,126.0
ORD-202608-00996,Restaurantul Nostru,Limonadă Proaspătă cu Miere și Mentă 0.5L,Băuturi Răcoritoare & Cafea,2,20.0,40.0
ORD-202608-00997,Restaurantul Nostru,Clătite cu Finetti și Banane (2 buc),Desert,1,22.0,22.0
ORD-202608-00997,Restaurantul Nostru,Platou Boieresc (2-3 persoane),Cârnați & Platouri,1,145.0,145.0
ORD-202608-00997,Restaurantul Nostru,Fasole Bătută cu Ceapă Călită,Aperitive & Gustări,2,20.0,40.0
ORD-202608-00998,Restaurantul Nostru,Pachet Vinul Casei Fetească Regală 1L,Băuturi Alcoolice & Bere,1,55.0,55.0
ORD-202608-00998,Restaurantul Nostru,Ciorbă de Perișoare,Ciorbe & Supe,1,24.0,24.0
ORD-202608-00998,Restaurantul Nostru,Platou Gustări Rece Tradiționale,Cârnați & Platouri,1,85.0,85.0
ORD-202608-00998,Restaurantul Nostru,Bere Nepasteurizată Zăganu 0.5L,Băuturi Alcoolice & Bere,3,22.0,66.0
ORD-202608-00998,Restaurantul Nostru,Coca-Cola / Coca-Cola Zero 0.33L,Băuturi Răcoritoare & Cafea,1,12.0,12.0
ORD-202608-00999,Restaurantul Nostru,Espresso Scurt / Lung Julius Meinl,Băuturi Răcoritoare & Cafea,1,12.0,12.0
ORD-202608-00999,Restaurantul Nostru,Piept de Pui la Grătar,Preparate la Grătar & Mici,1,34.0,34.0
ORD-202608-00999,Restaurantul Nostru,Ciorbă Rădăuțeană de Pui,Ciorbe & Supe,1,26.0,26.0
ORD-202608-00999,Restaurantul Nostru,Frăție de Mici & Cârnați,Preparate la Grătar & Mici,1,54.0,54.0
ORD-202608-00999,Restaurantul Nostru,Salată de Ardei Copți,Salate,1,16.0,16.0
ORD-202608-01000,Restaurantul Nostru,Frăție de Mici & Cârnați,Preparate la Grătar & Mici,1,54.0,54.0
ORD-202608-01000,Restaurantul Nostru,Fasole Bătută cu Ceapă Călită,Aperitive & Gustări,1,20.0,20.0
ORD-202608-01000,Restaurantul Nostru,Coca-Cola / Coca-Cola Zero 0.33L,Băuturi Răcoritoare & Cafea,2,12.0,24.0
ORD-202608-01000,Restaurantul Nostru,Sos Barbeque,Sosuri & Extra,1,6.0,6.0
ORD-202608-01001,Restaurantul Nostru,Limonadă Proaspătă cu Miere și Mentă 0.5L,Băuturi Răcoritoare & Cafea,1,20.0,20.0
ORD-202608-01001,Restaurantul Nostru,Burger Casei cu Cartofi Prăjiți,Mâncăruri Gătite & Specialități,1,49.0,49.0
ORD-202608-01002,Restaurantul Nostru,Cappuccino cu Spumă de Lapte,Băuturi Răcoritoare & Cafea,1,15.0,15.0
ORD-202608-01002,Restaurantul Nostru,Ciolan de Porc Rumexit la Cuptor,Mâncăruri Gătite & Specialități,1,78.0,78.0
ORD-202608-01003,Restaurantul Nostru,Platou Boieresc (2-3 persoane),Cârnați & Platouri,1,145.0,145.0
ORD-202608-01003,Restaurantul Nostru,Muștar Clasic,Sosuri & Extra,1,4.0,4.0
ORD-202608-01003,Restaurantul Nostru,Mici de Oaie și Vită (1 buc),Preparate la Grătar & Mici,2,8.5,17.0
ORD-202608-01004,Restaurantul Nostru,Ciorbă de Burtiță Tradițională,Ciorbe & Supe,2,28.0,56.0
ORD-202608-01004,Restaurantul Nostru,Coș de Pâine de Casă,Sosuri & Extra,1,7.0,7.0
ORD-202608-01004,Restaurantul Nostru,Burger Casei cu Cartofi Prăjiți,Mâncăruri Gătite & Specialități,1,49.0,49.0
ORD-202608-01004,Restaurantul Nostru,Pastramă de Oaie la Tigaie cu Mămăligă,Mâncăruri Gătite & Specialități,1,56.0,56.0
ORD-202608-01004,Restaurantul Nostru,Apă Minerală / Plată Borsec 0.5L,Băuturi Răcoritoare & Cafea,1,10.0,10.0
ORD-202608-01005,Restaurantul Nostru,Frigărui de Berbecuț,Preparate la Grătar & Mici,1,58.0,58.0
ORD-202608-01005,Restaurantul Nostru,Salată de Murături Asortate,Salate,1,14.0,14.0
ORD-202608-01005,Restaurantul Nostru,Mici de Oaie și Vită (1 buc),Preparate la Grătar & Mici,1,8.5,8.5
ORD-202608-01006,Restaurantul Nostru,Lava Cake cu Înghețată de Vanilie,Desert,1,28.0,28.0
ORD-202608-01006,Restaurantul Nostru,Bere Nepasteurizată Zăganu 0.5L,Băuturi Alcoolice & Bere,3,22.0,66.0
ORD-202608-01006,Restaurantul Nostru,Bulz Ardelenesc la Grătar,Aperitive & Gustări,1,32.0,32.0
ORD-202608-01006,Restaurantul Nostru,Platou Gustări Rece Tradiționale,Cârnați & Platouri,2,85.0,170.0
ORD-202608-01007,Restaurantul Nostru,Vin Purcari Rară Neagră Sticlă 0.75L,Băuturi Alcoolice & Bere,2,95.0,190.0
ORD-202608-01007,Restaurantul Nostru,Mămăliguță Caldă,Garnituri,1,8.0,8.0
ORD-202608-01007,Restaurantul Nostru,Clătite cu Finetti și Banane (2 buc),Desert,2,22.0,44.0
ORD-202608-01008,Restaurantul Nostru,Bere Nepasteurizată Zăganu 0.5L,Băuturi Alcoolice & Bere,1,22.0,22.0
ORD-202608-01008,Restaurantul Nostru,Varză Călită în Vin cu Chimen,Garnituri,1,15.0,15.0
ORD-202608-01008,Restaurantul Nostru,Frigărui de Berbecuț,Preparate la Grătar & Mici,1,58.0,58.0
ORD-202608-01009,Restaurantul Nostru,Platou Boieresc (2-3 persoane),Cârnați & Platouri,1,145.0,145.0
ORD-202608-01009,Restaurantul Nostru,Burger Casei cu Cartofi Prăjiți,Mâncăruri Gătite & Specialități,1,49.0,49.0
ORD-202608-01009,Restaurantul Nostru,Șnițel Gigant de Pui Pane,Mâncăruri Gătite & Specialități,1,36.0,36.0
ORD-202608-01009,Restaurantul Nostru,Sarmale Românești în Foi de Varză (4 buc),Mâncăruri Gătite & Specialități,1,44.0,44.0
ORD-202608-01009,Restaurantul Nostru,Sos Barbeque,Sosuri & Extra,1,6.0,6.0
ORD-202608-01010,Restaurantul Nostru,Mujdei de Usturoi Tradițional,Sosuri & Extra,1,5.0,5.0
ORD-202608-01010,Restaurantul Nostru,Burger Casei cu Cartofi Prăjiți,Mâncăruri Gătite & Specialități,1,49.0,49.0
ORD-202608-01011,Restaurantul Nostru,Bere Nepasteurizată Zăganu 0.5L,Băuturi Alcoolice & Bere,1,22.0,22.0
ORD-202608-01011,Restaurantul Nostru,Lava Cake cu Înghețată de Vanilie,Desert,1,28.0,28.0
ORD-202608-01012,Restaurantul Nostru,Vin Purcari Rară Neagră Sticlă 0.75L,Băuturi Alcoolice & Bere,1,95.0,95.0
ORD-202608-01012,Restaurantul Nostru,Ciorbă de Burtiță Tradițională,Ciorbe & Supe,1,28.0,28.0
ORD-202608-01012,Restaurantul Nostru,Platou Gustări Rece Tradiționale,Cârnați & Platouri,1,85.0,85.0
ORD-202608-01012,Restaurantul Nostru,Țuică de Prune Ardelenească 50ml,Băuturi Alcoolice & Bere,2,18.0,36.0
ORD-202608-01012,Restaurantul Nostru,Coș de Pâine de Casă,Sosuri & Extra,1,7.0,7.0
ORD-202608-01013,Restaurantul Nostru,Mici de Oaie și Vită (1 buc),Preparate la Grătar & Mici,1,8.5,8.5
ORD-202608-01013,Restaurantul Nostru,Cappuccino cu Spumă de Lapte,Băuturi Răcoritoare & Cafea,1,15.0,15.0
ORD-202608-01013,Restaurantul Nostru,Ciorbă de Burtiță Tradițională,Ciorbe & Supe,2,28.0,56.0
ORD-202608-01014,Restaurantul Nostru,Platou Boieresc (2-3 persoane),Cârnați & Platouri,2,145.0,290.0
ORD-202608-01014,Restaurantul Nostru,Muștar Clasic,Sosuri & Extra,1,4.0,4.0
ORD-202608-01014,Restaurantul Nostru,Mămăliguță Caldă,Garnituri,1,8.0,8.0
ORD-202608-01014,Restaurantul Nostru,Piure de Cartofi cu Unt,Garnituri,1,16.0,16.0
ORD-202608-01015,Restaurantul Nostru,Salată de Murături Asortate,Salate,1,14.0,14.0
ORD-202608-01015,Restaurantul Nostru,Mămăliguță Caldă,Garnituri,1,8.0,8.0
ORD-202608-01015,Restaurantul Nostru,Ciorbă de Văcuță,Ciorbe & Supe,2,25.0,50.0
ORD-202608-01015,Restaurantul Nostru,Burger Casei cu Cartofi Prăjiți,Mâncăruri Gătite & Specialități,1,49.0,49.0
ORD-202608-01015,Restaurantul Nostru,Pachet Vinul Casei Fetească Regală 1L,Băuturi Alcoolice & Bere,1,55.0,55.0
ORD-202608-01016,Restaurantul Nostru,Bere Nepasteurizată Zăganu 0.5L,Băuturi Alcoolice & Bere,1,22.0,22.0
ORD-202608-01016,Restaurantul Nostru,Șnițel Gigant de Pui Pane,Mâncăruri Gătite & Specialități,1,36.0,36.0
ORD-202608-01017,Restaurantul Nostru,Iahnie de Fasole cu Bacon,Garnituri,1,16.0,16.0
ORD-202608-01017,Restaurantul Nostru,Vin Purcari Rară Neagră Sticlă 0.75L,Băuturi Alcoolice & Bere,1,95.0,95.0
ORD-202608-01017,Restaurantul Nostru,Smântână Proaspătă 20%,Sosuri & Extra,1,5.0,5.0
ORD-202608-01017,Restaurantul Nostru,Sarmale Românești în Foi de Varză (4 buc),Mâncăruri Gătite & Specialități,2,44.0,88.0
ORD-202608-01018,Restaurantul Nostru,Țuică de Prune Ardelenească 50ml,Băuturi Alcoolice & Bere,1,18.0,18.0
ORD-202608-01018,Restaurantul Nostru,Frăție de Mici & Cârnați,Preparate la Grătar & Mici,1,54.0,54.0
ORD-202608-01018,Restaurantul Nostru,Muștar Clasic,Sosuri & Extra,2,4.0,8.0
ORD-202608-01018,Restaurantul Nostru,Ciorbă de Perișoare,Ciorbe & Supe,1,24.0,24.0
ORD-202608-01019,Restaurantul Nostru,Burger Casei cu Cartofi Prăjiți,Mâncăruri Gătite & Specialități,1,49.0,49.0
ORD-202608-01019,Restaurantul Nostru,Salată de Ardei Copți,Salate,1,16.0,16.0
ORD-202608-01020,Restaurantul Nostru,Mămăliguță Caldă,Garnituri,1,8.0,8.0
ORD-202608-01020,Restaurantul Nostru,Mici de Oaie și Vită (1 buc),Preparate la Grătar & Mici,1,8.5,8.5
ORD-202608-01020,Restaurantul Nostru,Muștar Clasic,Sosuri & Extra,1,4.0,4.0
ORD-202608-01020,Restaurantul Nostru,Fasole Bătută cu Ceapă Călită,Aperitive & Gustări,3,20.0,60.0
ORD-202608-01021,Restaurantul Nostru,Iahnie de Fasole cu Bacon,Garnituri,1,16.0,16.0
ORD-202608-01021,Restaurantul Nostru,Ceafă de Porc la Grătar,Preparate la Grătar & Mici,2,38.0,76.0
ORD-202608-01021,Restaurantul Nostru,Coș de Pâine de Casă,Sosuri & Extra,1,7.0,7.0
ORD-202608-01022,Restaurantul Nostru,Salată de Vinete Coapte pe Plită,Aperitive & Gustări,1,24.0,24.0
ORD-202608-01022,Restaurantul Nostru,Cappuccino cu Spumă de Lapte,Băuturi Răcoritoare & Cafea,2,15.0,30.0
ORD-202608-01023,Restaurantul Nostru,Mici de Oaie și Vită (1 buc),Preparate la Grătar & Mici,2,8.5,17.0
ORD-202608-01023,Restaurantul Nostru,Piure de Cartofi cu Unt,Garnituri,2,16.0,32.0
ORD-202608-01023,Restaurantul Nostru,Mămăliguță Caldă,Garnituri,1,8.0,8.0
ORD-202608-01024,Restaurantul Nostru,Platou Boieresc (2-3 persoane),Cârnați & Platouri,1,145.0,145.0
ORD-202608-01024,Restaurantul Nostru,Varză Călită în Vin cu Chimen,Garnituri,1,15.0,15.0
ORD-202608-01024,Restaurantul Nostru,Supă Cremă de Legume cu Crutoane,Ciorbe & Supe,1,22.0,22.0
ORD-202608-01024,Restaurantul Nostru,Vin Purcari Rară Neagră Sticlă 0.75L,Băuturi Alcoolice & Bere,1,95.0,95.0
ORD-202608-01024,Restaurantul Nostru,Bere Nepasteurizată Zăganu 0.5L,Băuturi Alcoolice & Bere,2,22.0,44.0
ORD-202608-01025,Restaurantul Nostru,Coca-Cola / Coca-Cola Zero 0.33L,Băuturi Răcoritoare & Cafea,2,12.0,24.0
ORD-202608-01025,Restaurantul Nostru,Bere Nepasteurizată Zăganu 0.5L,Băuturi Alcoolice & Bere,1,22.0,22.0
ORD-202608-01026,Restaurantul Nostru,Platou Gustări Rece Tradiționale,Cârnați & Platouri,1,85.0,85.0
ORD-202608-01026,Restaurantul Nostru,Tochitură Moldovenească cu Mămăligă,Mâncăruri Gătite & Specialități,1,48.0,48.0
ORD-202608-01026,Restaurantul Nostru,Mămăliguță Caldă,Garnituri,1,8.0,8.0
ORD-202608-01026,Restaurantul Nostru,Supă Cremă de Legume cu Crutoane,Ciorbe & Supe,2,22.0,44.0
ORD-202608-01027,Restaurantul Nostru,Mămăliguță Caldă,Garnituri,1,8.0,8.0
ORD-202608-01027,Restaurantul Nostru,Cârnați Picanți de Pleșcoi,Cârnați & Platouri,3,42.0,126.0
ORD-202608-01028,Restaurantul Nostru,Burger Casei cu Cartofi Prăjiți,Mâncăruri Gătite & Specialități,1,49.0,49.0
ORD-202608-01028,Restaurantul Nostru,Sarmale Românești în Foi de Varză (4 buc),Mâncăruri Gătite & Specialități,2,44.0,88.0
ORD-202608-01028,Restaurantul Nostru,Mici de Oaie și Vită (1 buc),Preparate la Grătar & Mici,1,8.5,8.5
ORD-202608-01028,Restaurantul Nostru,Muștar Clasic,Sosuri & Extra,2,4.0,8.0
ORD-202608-01029,Restaurantul Nostru,Ștrudel de Mere cu Sos de Vanilie,Desert,2,25.0,50.0
ORD-202608-01029,Restaurantul Nostru,Piept de Pui la Grătar,Preparate la Grătar & Mici,2,34.0,68.0
ORD-202608-01030,Restaurantul Nostru,Frăție de Mici & Cârnați,Preparate la Grătar & Mici,2,54.0,108.0
ORD-202608-01030,Restaurantul Nostru,Sarmale Românești în Foi de Varză (4 buc),Mâncăruri Gătite & Specialități,1,44.0,44.0
ORD-202608-01030,Restaurantul Nostru,Țuică de Prune Ardelenească 50ml,Băuturi Alcoolice & Bere,3,18.0,54.0
ORD-202608-01030,Restaurantul Nostru,Ciorbă de Perișoare,Ciorbe & Supe,1,24.0,24.0
ORD-202608-01031,Restaurantul Nostru,Limonadă Proaspătă cu Miere și Mentă 0.5L,Băuturi Răcoritoare & Cafea,1,20.0,20.0
ORD-202608-01031,Restaurantul Nostru,Clătite cu Finetti și Banane (2 buc),Desert,1,22.0,22.0
ORD-202608-01032,Restaurantul Nostru,Clătite cu Finetti și Banane (2 buc),Desert,1,22.0,22.0
ORD-202608-01032,Restaurantul Nostru,Bulz Ardelenesc la Grătar,Aperitive & Gustări,1,32.0,32.0
ORD-202608-01032,Restaurantul Nostru,Burger Casei cu Cartofi Prăjiți,Mâncăruri Gătite & Specialități,2,49.0,98.0
ORD-202608-01032,Restaurantul Nostru,Smântână Proaspătă 20%,Sosuri & Extra,1,5.0,5.0
ORD-202608-01033,Restaurantul Nostru,Coș de Pâine de Casă,Sosuri & Extra,1,7.0,7.0
ORD-202608-01033,Restaurantul Nostru,Vin Purcari Rară Neagră Sticlă 0.75L,Băuturi Alcoolice & Bere,1,95.0,95.0
ORD-202608-01033,Restaurantul Nostru,Salată de Ardei Copți,Salate,1,16.0,16.0
ORD-202608-01034,Restaurantul Nostru,Salată Grecească,Salate,1,34.0,34.0
ORD-202608-01034,Restaurantul Nostru,Ciorbă de Burtiță Tradițională,Ciorbe & Supe,1,28.0,28.0
ORD-202608-01034,Restaurantul Nostru,Bere Heineken 0.33L,Băuturi Alcoolice & Bere,1,16.0,16.0
ORD-202608-01034,Restaurantul Nostru,Burger Casei cu Cartofi Prăjiți,Mâncăruri Gătite & Specialități,2,49.0,98.0
ORD-202608-01034,Restaurantul Nostru,Ciolan de Porc Rumexit la Cuptor,Mâncăruri Gătite & Specialități,1,78.0,78.0
ORD-202608-01035,Restaurantul Nostru,Mujdei de Usturoi Tradițional,Sosuri & Extra,1,5.0,5.0
ORD-202608-01035,Restaurantul Nostru,Ciorbă de Văcuță,Ciorbe & Supe,2,25.0,50.0
ORD-202608-01035,Restaurantul Nostru,Mămăliguță Caldă,Garnituri,1,8.0,8.0
ORD-202608-01035,Restaurantul Nostru,Cartofi Prăjiți cu Usturoi și Parmezan,Garnituri,2,18.0,36.0
ORD-202608-01035,Restaurantul Nostru,Bere Ciuc Premium la Draught 0.4L,Băuturi Alcoolice & Bere,1,14.0,14.0
ORD-202608-01036,Restaurantul Nostru,Ștrudel de Mere cu Sos de Vanilie,Desert,1,25.0,25.0
ORD-202608-01036,Restaurantul Nostru,Salată Caesar cu Pui la Grătar,Salate,2,38.0,76.0
ORD-202608-01036,Restaurantul Nostru,Pastramă de Oaie la Tigaie cu Mămăligă,Mâncăruri Gătite & Specialități,1,56.0,56.0
ORD-202608-01036,Restaurantul Nostru,Espresso Scurt / Lung Julius Meinl,Băuturi Răcoritoare & Cafea,2,12.0,24.0
ORD-202608-01036,Restaurantul Nostru,Limonadă Proaspătă cu Miere și Mentă 0.5L,Băuturi Răcoritoare & Cafea,1,20.0,20.0
ORD-202608-01037,Restaurantul Nostru,Tochitură Moldovenească cu Mămăligă,Mâncăruri Gătite & Specialități,2,48.0,96.0
ORD-202608-01037,Restaurantul Nostru,Varză Călită în Vin cu Chimen,Garnituri,1,15.0,15.0
ORD-202608-01037,Restaurantul Nostru,Salată Grecească,Salate,1,34.0,34.0
ORD-202608-01037,Restaurantul Nostru,Lava Cake cu Înghețată de Vanilie,Desert,1,28.0,28.0
ORD-202608-01037,Restaurantul Nostru,Pachet Vinul Casei Fetească Regală 1L,Băuturi Alcoolice & Bere,1,55.0,55.0
ORD-202608-01038,Restaurantul Nostru,Pachet Vinul Casei Fetească Regală 1L,Băuturi Alcoolice & Bere,1,55.0,55.0
ORD-202608-01038,Restaurantul Nostru,Fasole Bătută cu Ceapă Călită,Aperitive & Gustări,1,20.0,20.0
ORD-202608-01038,Restaurantul Nostru,Ciorbă Rădăuțeană de Pui,Ciorbe & Supe,1,26.0,26.0
ORD-202608-01038,Restaurantul Nostru,Supă Cremă de Legume cu Crutoane,Ciorbe & Supe,2,22.0,44.0
ORD-202608-01038,Restaurantul Nostru,Cașcaval Pane Crocant,Aperitive & Gustări,1,28.0,28.0
ORD-202608-01039,Restaurantul Nostru,Ștrudel de Mere cu Sos de Vanilie,Desert,2,25.0,50.0
ORD-202608-01039,Restaurantul Nostru,Sos Barbeque,Sosuri & Extra,1,6.0,6.0
ORD-202608-01040,Restaurantul Nostru,Bere Nepasteurizată Zăganu 0.5L,Băuturi Alcoolice & Bere,1,22.0,22.0
ORD-202608-01040,Restaurantul Nostru,Piure de Cartofi cu Unt,Garnituri,1,16.0,16.0
ORD-202608-01040,Restaurantul Nostru,Salată de Vinete Coapte pe Plită,Aperitive & Gustări,2,24.0,48.0
ORD-202608-01041,Restaurantul Nostru,Smântână Proaspătă 20%,Sosuri & Extra,1,5.0,5.0
ORD-202608-01041,Restaurantul Nostru,Platou Cârnați Asortați,Cârnați & Platouri,1,95.0,95.0
ORD-202608-01041,Restaurantul Nostru,Espresso Scurt / Lung Julius Meinl,Băuturi Răcoritoare & Cafea,2,12.0,24.0
ORD-202608-01041,Restaurantul Nostru,Ciorbă de Perișoare,Ciorbe & Supe,1,24.0,24.0
ORD-202608-01042,Restaurantul Nostru,Salată de Vinete Coapte pe Plită,Aperitive & Gustări,1,24.0,24.0
ORD-202608-01042,Restaurantul Nostru,Cappuccino cu Spumă de Lapte,Băuturi Răcoritoare & Cafea,1,15.0,15.0
ORD-202608-01043,Restaurantul Nostru,Pachet Vinul Casei Fetească Regală 1L,Băuturi Alcoolice & Bere,1,55.0,55.0
ORD-202608-01043,Restaurantul Nostru,Ciorbă de Văcuță,Ciorbe & Supe,1,25.0,25.0
ORD-202608-01043,Restaurantul Nostru,Salată de Vinete Coapte pe Plită,Aperitive & Gustări,1,24.0,24.0
ORD-202608-01043,Restaurantul Nostru,Salată Caesar cu Pui la Grătar,Salate,1,38.0,38.0
ORD-202608-01043,Restaurantul Nostru,Cașcaval Pane Crocant,Aperitive & Gustări,1,28.0,28.0
ORD-202608-01044,Restaurantul Nostru,Frăție de Mici & Cârnați,Preparate la Grătar & Mici,1,54.0,54.0
ORD-202608-01044,Restaurantul Nostru,Platou Boieresc (2-3 persoane),Cârnați & Platouri,1,145.0,145.0
ORD-202608-01044,Restaurantul Nostru,Țuică de Prune Ardelenească 50ml,Băuturi Alcoolice & Bere,1,18.0,18.0
ORD-202608-01045,Restaurantul Nostru,Bere Nepasteurizată Zăganu 0.5L,Băuturi Alcoolice & Bere,1,22.0,22.0
ORD-202608-01045,Restaurantul Nostru,Ciorbă de Văcuță,Ciorbe & Supe,1,25.0,25.0
ORD-202608-01045,Restaurantul Nostru,Pastramă de Oaie la Tigaie cu Mămăligă,Mâncăruri Gătite & Specialități,1,56.0,56.0
ORD-202608-01045,Restaurantul Nostru,Platou Gustări Rece Tradiționale,Cârnați & Platouri,1,85.0,85.0
ORD-202608-01046,Restaurantul Nostru,Coca-Cola / Coca-Cola Zero 0.33L,Băuturi Răcoritoare & Cafea,1,12.0,12.0
ORD-202608-01046,Restaurantul Nostru,Pachet Vinul Casei Fetească Regală 1L,Băuturi Alcoolice & Bere,1,55.0,55.0
ORD-202608-01046,Restaurantul Nostru,Sos Barbeque,Sosuri & Extra,1,6.0,6.0
ORD-202608-01046,Restaurantul Nostru,Țuică de Prune Ardelenească 50ml,Băuturi Alcoolice & Bere,1,18.0,18.0
ORD-202608-01046,Restaurantul Nostru,Papanași cu Smântână și Dulceață de Afine (2 buc),Desert,2,32.0,64.0
ORD-202608-01047,Restaurantul Nostru,Cârnați Picanți de Pleșcoi,Cârnați & Platouri,1,42.0,42.0
ORD-202608-01047,Restaurantul Nostru,Supă Cremă de Legume cu Crutoane,Ciorbe & Supe,1,22.0,22.0
ORD-202608-01048,Restaurantul Nostru,Ștrudel de Mere cu Sos de Vanilie,Desert,1,25.0,25.0
ORD-202608-01048,Restaurantul Nostru,Smântână Proaspătă 20%,Sosuri & Extra,1,5.0,5.0
ORD-202608-01048,Restaurantul Nostru,Cartofi Prăjiți cu Usturoi și Parmezan,Garnituri,1,18.0,18.0
ORD-202608-01049,Restaurantul Nostru,Varză Călită în Vin cu Chimen,Garnituri,1,15.0,15.0
ORD-202608-01049,Restaurantul Nostru,Bulz Ardelenesc la Grătar,Aperitive & Gustări,1,32.0,32.0
ORD-202608-01049,Restaurantul Nostru,Salată Caesar cu Pui la Grătar,Salate,1,38.0,38.0
ORD-202608-01049,Restaurantul Nostru,Iahnie de Fasole cu Bacon,Garnituri,1,16.0,16.0
ORD-202608-01049,Restaurantul Nostru,Espresso Scurt / Lung Julius Meinl,Băuturi Răcoritoare & Cafea,1,12.0,12.0
ORD-202608-01050,Restaurantul Nostru,Clătite cu Finetti și Banane (2 buc),Desert,1,22.0,22.0
ORD-202608-01050,Restaurantul Nostru,Platou Gustări Rece Tradiționale,Cârnați & Platouri,1,85.0,85.0
ORD-202608-01051,Restaurantul Nostru,Șnițel Gigant de Pui Pane,Mâncăruri Gătite & Specialități,1,36.0,36.0
ORD-202608-01051,Restaurantul Nostru,Pastramă de Oaie la Tigaie cu Mămăligă,Mâncăruri Gătite & Specialități,1,56.0,56.0
ORD-202608-01051,Restaurantul Nostru,Salată de Vinete Coapte pe Plită,Aperitive & Gustări,1,24.0,24.0
ORD-202608-01051,Restaurantul Nostru,Cartofi Prăjiți cu Usturoi și Parmezan,Garnituri,1,18.0,18.0
ORD-202608-01051,Restaurantul Nostru,Ștrudel de Mere cu Sos de Vanilie,Desert,1,25.0,25.0
ORD-202608-01052,Restaurantul Nostru,Platou Boieresc (2-3 persoane),Cârnați & Platouri,1,145.0,145.0
ORD-202608-01052,Restaurantul Nostru,Ciorbă de Perișoare,Ciorbe & Supe,1,24.0,24.0
ORD-202608-01053,Restaurantul Nostru,Cașcaval Pane Crocant,Aperitive & Gustări,1,28.0,28.0
ORD-202608-01053,Restaurantul Nostru,Salată de Vinete Coapte pe Plită,Aperitive & Gustări,1,24.0,24.0
ORD-202608-01054,Restaurantul Nostru,Platou Boieresc (2-3 persoane),Cârnați & Platouri,1,145.0,145.0
ORD-202608-01054,Restaurantul Nostru,Coș de Pâine de Casă,Sosuri & Extra,1,7.0,7.0
ORD-202608-01054,Restaurantul Nostru,Ștrudel de Mere cu Sos de Vanilie,Desert,1,25.0,25.0
ORD-202608-01055,Restaurantul Nostru,Ciorbă de Văcuță,Ciorbe & Supe,2,25.0,50.0
ORD-202608-01055,Restaurantul Nostru,Cappuccino cu Spumă de Lapte,Băuturi Răcoritoare & Cafea,1,15.0,15.0
ORD-202608-01055,Restaurantul Nostru,Ciolan de Porc Rumexit la Cuptor,Mâncăruri Gătite & Specialități,1,78.0,78.0
ORD-202608-01055,Restaurantul Nostru,Sos Barbeque,Sosuri & Extra,1,6.0,6.0
ORD-202608-01056,Restaurantul Nostru,Sarmale Românești în Foi de Varză (4 buc),Mâncăruri Gătite & Specialități,1,44.0,44.0
ORD-202608-01056,Restaurantul Nostru,Cartofi Prăjiți cu Usturoi și Parmezan,Garnituri,1,18.0,18.0
ORD-202608-01056,Restaurantul Nostru,Salată de Vinete Coapte pe Plită,Aperitive & Gustări,1,24.0,24.0
ORD-202608-01057,Restaurantul Nostru,Papanași cu Smântână și Dulceață de Afine (2 buc),Desert,1,32.0,32.0
ORD-202608-01057,Restaurantul Nostru,Coca-Cola / Coca-Cola Zero 0.33L,Băuturi Răcoritoare & Cafea,1,12.0,12.0
ORD-202608-01058,Restaurantul Nostru,Cappuccino cu Spumă de Lapte,Băuturi Răcoritoare & Cafea,1,15.0,15.0
ORD-202608-01058,Restaurantul Nostru,Espresso Scurt / Lung Julius Meinl,Băuturi Răcoritoare & Cafea,1,12.0,12.0
ORD-202608-01058,Restaurantul Nostru,Țuică de Prune Ardelenească 50ml,Băuturi Alcoolice & Bere,1,18.0,18.0
ORD-202608-01058,Restaurantul Nostru,Bere Heineken 0.33L,Băuturi Alcoolice & Bere,1,16.0,16.0
ORD-202608-01059,Restaurantul Nostru,Sarmale Românești în Foi de Varză (4 buc),Mâncăruri Gătite & Specialități,2,44.0,88.0
ORD-202608-01059,Restaurantul Nostru,Ștrudel de Mere cu Sos de Vanilie,Desert,1,25.0,25.0
ORD-202608-01059,Restaurantul Nostru,Ciorbă de Burtiță Tradițională,Ciorbe & Supe,1,28.0,28.0
ORD-202608-01059,Restaurantul Nostru,Cartofi Prăjiți cu Usturoi și Parmezan,Garnituri,1,18.0,18.0
ORD-202608-01060,Restaurantul Nostru,Sarmale Românești în Foi de Varză (4 buc),Mâncăruri Gătite & Specialități,1,44.0,44.0
ORD-202608-01060,Restaurantul Nostru,Ciorbă de Văcuță,Ciorbe & Supe,1,25.0,25.0
ORD-202608-01060,Restaurantul Nostru,Iahnie de Fasole cu Bacon,Garnituri,1,16.0,16.0
ORD-202608-01060,Restaurantul Nostru,Supă Cremă de Legume cu Crutoane,Ciorbe & Supe,1,22.0,22.0
ORD-202608-01061,Restaurantul Nostru,Salată de Vinete Coapte pe Plită,Aperitive & Gustări,1,24.0,24.0
ORD-202608-01061,Restaurantul Nostru,Piure de Cartofi cu Unt,Garnituri,1,16.0,16.0
ORD-202608-01061,Restaurantul Nostru,Pastramă de Oaie la Tigaie cu Mămăligă,Mâncăruri Gătite & Specialități,1,56.0,56.0
ORD-202608-01061,Restaurantul Nostru,Limonadă Proaspătă cu Miere și Mentă 0.5L,Băuturi Răcoritoare & Cafea,3,20.0,60.0
ORD-202608-01061,Restaurantul Nostru,Ciolan de Porc Rumexit la Cuptor,Mâncăruri Gătite & Specialități,1,78.0,78.0
ORD-202608-01062,Restaurantul Nostru,Platou Cârnați Asortați,Cârnați & Platouri,2,95.0,190.0
ORD-202608-01062,Restaurantul Nostru,Supă Cremă de Legume cu Crutoane,Ciorbe & Supe,1,22.0,22.0
ORD-202608-01062,Restaurantul Nostru,Ciolan de Porc Rumexit la Cuptor,Mâncăruri Gătite & Specialități,2,78.0,156.0
ORD-202608-01062,Restaurantul Nostru,Limonadă Proaspătă cu Miere și Mentă 0.5L,Băuturi Răcoritoare & Cafea,1,20.0,20.0
ORD-202608-01063,Restaurantul Nostru,Cașcaval Pane Crocant,Aperitive & Gustări,1,28.0,28.0
ORD-202608-01063,Restaurantul Nostru,Țuică de Prune Ardelenească 50ml,Băuturi Alcoolice & Bere,2,18.0,36.0
ORD-202608-01063,Restaurantul Nostru,Apă Minerală / Plată Borsec 0.5L,Băuturi Răcoritoare & Cafea,2,10.0,20.0
ORD-202608-01064,Restaurantul Nostru,Frăție de Mici & Cârnați,Preparate la Grătar & Mici,2,54.0,108.0
ORD-202608-01064,Restaurantul Nostru,Varză Călită în Vin cu Chimen,Garnituri,1,15.0,15.0
ORD-202608-01065,Restaurantul Nostru,Salată de Ardei Copți,Salate,1,16.0,16.0
ORD-202608-01065,Restaurantul Nostru,Țuică de Prune Ardelenească 50ml,Băuturi Alcoolice & Bere,1,18.0,18.0
ORD-202608-01065,Restaurantul Nostru,Ciolan de Porc Rumexit la Cuptor,Mâncăruri Gătite & Specialități,1,78.0,78.0
ORD-202608-01065,Restaurantul Nostru,Ciorbă de Burtiță Tradițională,Ciorbe & Supe,2,28.0,56.0
ORD-202608-01065,Restaurantul Nostru,Coș de Pâine de Casă,Sosuri & Extra,1,7.0,7.0
ORD-202608-01066,Restaurantul Nostru,Muștar Clasic,Sosuri & Extra,1,4.0,4.0
ORD-202608-01066,Restaurantul Nostru,Papanași cu Smântână și Dulceață de Afine (2 buc),Desert,1,32.0,32.0
ORD-202608-01067,Restaurantul Nostru,Ciorbă de Burtiță Tradițională,Ciorbe & Supe,1,28.0,28.0
ORD-202608-01067,Restaurantul Nostru,Ciorbă Rădăuțeană de Pui,Ciorbe & Supe,1,26.0,26.0
ORD-202608-01068,Restaurantul Nostru,Fasole Bătută cu Ceapă Călită,Aperitive & Gustări,1,20.0,20.0
ORD-202608-01068,Restaurantul Nostru,Cârnați Picanți de Pleșcoi,Cârnați & Platouri,1,42.0,42.0
ORD-202608-01068,Restaurantul Nostru,Bulz Ardelenesc la Grătar,Aperitive & Gustări,2,32.0,64.0
ORD-202608-01068,Restaurantul Nostru,Piept de Pui la Grătar,Preparate la Grătar & Mici,3,34.0,102.0
ORD-202608-01069,Restaurantul Nostru,Fasole Bătută cu Ceapă Călită,Aperitive & Gustări,1,20.0,20.0
ORD-202608-01069,Restaurantul Nostru,Cașcaval Pane Crocant,Aperitive & Gustări,1,28.0,28.0
ORD-202608-01069,Restaurantul Nostru,Mici Românești de Vită-Porc (1 buc),Preparate la Grătar & Mici,1,7.5,7.5
ORD-202608-01069,Restaurantul Nostru,Smântână Proaspătă 20%,Sosuri & Extra,1,5.0,5.0
ORD-202608-01069,Restaurantul Nostru,Ceafă de Porc la Grătar,Preparate la Grătar & Mici,1,38.0,38.0
ORD-202608-01070,Restaurantul Nostru,Salată Grecească,Salate,1,34.0,34.0
ORD-202608-01070,Restaurantul Nostru,Apă Minerală / Plată Borsec 0.5L,Băuturi Răcoritoare & Cafea,1,10.0,10.0
ORD-202608-01070,Restaurantul Nostru,Pastramă de Oaie la Tigaie cu Mămăligă,Mâncăruri Gătite & Specialități,1,56.0,56.0
ORD-202608-01071,Restaurantul Nostru,Salată de Vinete Coapte pe Plită,Aperitive & Gustări,1,24.0,24.0
ORD-202608-01071,Restaurantul Nostru,Frăție de Mici & Cârnați,Preparate la Grătar & Mici,1,54.0,54.0
ORD-202608-01071,Restaurantul Nostru,Tochitură Moldovenească cu Mămăligă,Mâncăruri Gătite & Specialități,1,48.0,48.0
ORD-202608-01072,Restaurantul Nostru,Frigărui de Berbecuț,Preparate la Grătar & Mici,2,58.0,116.0
ORD-202608-01072,Restaurantul Nostru,Sos Barbeque,Sosuri & Extra,1,6.0,6.0
ORD-202608-01073,Restaurantul Nostru,Mici Românești de Vită-Porc (1 buc),Preparate la Grătar & Mici,1,7.5,7.5
ORD-202608-01073,Restaurantul Nostru,Cappuccino cu Spumă de Lapte,Băuturi Răcoritoare & Cafea,1,15.0,15.0
ORD-202608-01073,Restaurantul Nostru,Ciorbă de Burtiță Tradițională,Ciorbe & Supe,1,28.0,28.0
ORD-202608-01073,Restaurantul Nostru,Ștrudel de Mere cu Sos de Vanilie,Desert,3,25.0,75.0
ORD-202608-01074,Restaurantul Nostru,Bere Ciuc Premium la Draught 0.4L,Băuturi Alcoolice & Bere,1,14.0,14.0
ORD-202608-01074,Restaurantul Nostru,Salată de Murături Asortate,Salate,1,14.0,14.0
ORD-202608-01075,Restaurantul Nostru,Limonadă Proaspătă cu Miere și Mentă 0.5L,Băuturi Răcoritoare & Cafea,1,20.0,20.0
ORD-202608-01075,Restaurantul Nostru,Cașcaval Pane Crocant,Aperitive & Gustări,2,28.0,56.0
ORD-202608-01075,Restaurantul Nostru,Smântână Proaspătă 20%,Sosuri & Extra,1,5.0,5.0
ORD-202608-01075,Restaurantul Nostru,Șnițel Gigant de Pui Pane,Mâncăruri Gătite & Specialități,1,36.0,36.0
ORD-202608-01076,Restaurantul Nostru,Clătite cu Finetti și Banane (2 buc),Desert,1,22.0,22.0
ORD-202608-01076,Restaurantul Nostru,Piept de Pui la Grătar,Preparate la Grătar & Mici,2,34.0,68.0
ORD-202608-01076,Restaurantul Nostru,Frăție de Mici & Cârnați,Preparate la Grătar & Mici,1,54.0,54.0
ORD-202608-01076,Restaurantul Nostru,Limonadă Proaspătă cu Miere și Mentă 0.5L,Băuturi Răcoritoare & Cafea,1,20.0,20.0
ORD-202608-01077,Restaurantul Nostru,Apă Minerală / Plată Borsec 0.5L,Băuturi Răcoritoare & Cafea,1,10.0,10.0
ORD-202608-01077,Restaurantul Nostru,Burger Casei cu Cartofi Prăjiți,Mâncăruri Gătite & Specialități,1,49.0,49.0
ORD-202608-01077,Restaurantul Nostru,Șnițel Gigant de Pui Pane,Mâncăruri Gătite & Specialități,2,36.0,72.0
ORD-202608-01078,Restaurantul Nostru,Țuică de Prune Ardelenească 50ml,Băuturi Alcoolice & Bere,1,18.0,18.0
ORD-202608-01078,Restaurantul Nostru,Ciorbă de Văcuță,Ciorbe & Supe,1,25.0,25.0
ORD-202608-01078,Restaurantul Nostru,Ștrudel de Mere cu Sos de Vanilie,Desert,1,25.0,25.0
ORD-202608-01078,Restaurantul Nostru,Pachet Vinul Casei Fetească Regală 1L,Băuturi Alcoolice & Bere,1,55.0,55.0
ORD-202608-01078,Restaurantul Nostru,Iahnie de Fasole cu Bacon,Garnituri,3,16.0,48.0
ORD-202608-01079,Restaurantul Nostru,Platou Boieresc (2-3 persoane),Cârnați & Platouri,1,145.0,145.0
ORD-202608-01079,Restaurantul Nostru,Platou Gustări Rece Tradiționale,Cârnați & Platouri,1,85.0,85.0
ORD-202608-01080,Restaurantul Nostru,Bulz Ardelenesc la Grătar,Aperitive & Gustări,1,32.0,32.0
ORD-202608-01080,Restaurantul Nostru,Platou Gustări Rece Tradiționale,Cârnați & Platouri,2,85.0,170.0
ORD-202608-01080,Restaurantul Nostru,Salată Grecească,Salate,1,34.0,34.0
ORD-202608-01080,Restaurantul Nostru,Ștrudel de Mere cu Sos de Vanilie,Desert,2,25.0,50.0
ORD-202608-01080,Restaurantul Nostru,Ceafă de Porc la Grătar,Preparate la Grătar & Mici,1,38.0,38.0
ORD-202608-01081,Restaurantul Nostru,Papanași cu Smântână și Dulceață de Afine (2 buc),Desert,1,32.0,32.0
ORD-202608-01081,Restaurantul Nostru,Frigărui de Berbecuț,Preparate la Grătar & Mici,1,58.0,58.0
ORD-202608-01081,Restaurantul Nostru,Supă Cremă de Legume cu Crutoane,Ciorbe & Supe,1,22.0,22.0
ORD-202608-01081,Restaurantul Nostru,Apă Minerală / Plată Borsec 0.5L,Băuturi Răcoritoare & Cafea,1,10.0,10.0
ORD-202608-01081,Restaurantul Nostru,Platou Gustări Rece Tradiționale,Cârnați & Platouri,1,85.0,85.0
ORD-202608-01082,Restaurantul Nostru,Vin Purcari Rară Neagră Sticlă 0.75L,Băuturi Alcoolice & Bere,1,95.0,95.0
ORD-202608-01082,Restaurantul Nostru,Varză Călită în Vin cu Chimen,Garnituri,1,15.0,15.0
ORD-202608-01083,Restaurantul Nostru,Salată Caesar cu Pui la Grătar,Salate,1,38.0,38.0
ORD-202608-01083,Restaurantul Nostru,Pachet Vinul Casei Fetească Regală 1L,Băuturi Alcoolice & Bere,1,55.0,55.0
ORD-202608-01084,Restaurantul Nostru,Cârnați Picanți de Pleșcoi,Cârnați & Platouri,2,42.0,84.0
ORD-202608-01084,Restaurantul Nostru,Frigărui de Berbecuț,Preparate la Grătar & Mici,1,58.0,58.0
ORD-202608-01084,Restaurantul Nostru,Ceafă de Porc la Grătar,Preparate la Grătar & Mici,2,38.0,76.0
ORD-202608-01084,Restaurantul Nostru,Supă Cremă de Legume cu Crutoane,Ciorbe & Supe,1,22.0,22.0
ORD-202608-01085,Restaurantul Nostru,Vin Purcari Rară Neagră Sticlă 0.75L,Băuturi Alcoolice & Bere,1,95.0,95.0
ORD-202608-01085,Restaurantul Nostru,Bere Heineken 0.33L,Băuturi Alcoolice & Bere,2,16.0,32.0
ORD-202608-01086,Restaurantul Nostru,Bere Nepasteurizată Zăganu 0.5L,Băuturi Alcoolice & Bere,1,22.0,22.0
ORD-202608-01086,Restaurantul Nostru,Mici de Oaie și Vită (1 buc),Preparate la Grătar & Mici,1,8.5,8.5
ORD-202608-01086,Restaurantul Nostru,Ceafă de Porc la Grătar,Preparate la Grătar & Mici,2,38.0,76.0
ORD-202608-01087,Restaurantul Nostru,Iahnie de Fasole cu Bacon,Garnituri,2,16.0,32.0
ORD-202608-01087,Restaurantul Nostru,Țuică de Prune Ardelenească 50ml,Băuturi Alcoolice & Bere,2,18.0,36.0
ORD-202608-01087,Restaurantul Nostru,Coș de Pâine de Casă,Sosuri & Extra,1,7.0,7.0
ORD-202608-01087,Restaurantul Nostru,Fasole Bătută cu Ceapă Călită,Aperitive & Gustări,1,20.0,20.0
ORD-202608-01087,Restaurantul Nostru,Limonadă Proaspătă cu Miere și Mentă 0.5L,Băuturi Răcoritoare & Cafea,1,20.0,20.0
ORD-202608-01088,Restaurantul Nostru,Bere Nepasteurizată Zăganu 0.5L,Băuturi Alcoolice & Bere,1,22.0,22.0
ORD-202608-01088,Restaurantul Nostru,Cappuccino cu Spumă de Lapte,Băuturi Răcoritoare & Cafea,1,15.0,15.0
ORD-202608-01088,Restaurantul Nostru,Varză Călită în Vin cu Chimen,Garnituri,1,15.0,15.0
ORD-202608-01088,Restaurantul Nostru,Mujdei de Usturoi Tradițional,Sosuri & Extra,1,5.0,5.0
ORD-202608-01088,Restaurantul Nostru,Salată de Vinete Coapte pe Plită,Aperitive & Gustări,1,24.0,24.0
ORD-202608-01089,Restaurantul Nostru,Sarmale Românești în Foi de Varză (4 buc),Mâncăruri Gătite & Specialități,1,44.0,44.0
ORD-202608-01089,Restaurantul Nostru,Frigărui de Berbecuț,Preparate la Grătar & Mici,1,58.0,58.0
ORD-202608-01089,Restaurantul Nostru,Pachet Vinul Casei Fetească Regală 1L,Băuturi Alcoolice & Bere,1,55.0,55.0
ORD-202608-01090,Restaurantul Nostru,Supă Cremă de Legume cu Crutoane,Ciorbe & Supe,1,22.0,22.0
ORD-202608-01090,Restaurantul Nostru,Cașcaval Pane Crocant,Aperitive & Gustări,1,28.0,28.0
ORD-202608-01090,Restaurantul Nostru,Iahnie de Fasole cu Bacon,Garnituri,2,16.0,32.0
ORD-202608-01090,Restaurantul Nostru,Muștar Clasic,Sosuri & Extra,1,4.0,4.0
ORD-202608-01090,Restaurantul Nostru,Frigărui de Berbecuț,Preparate la Grătar & Mici,1,58.0,58.0
ORD-202608-01091,Restaurantul Nostru,Mici de Oaie și Vită (1 buc),Preparate la Grătar & Mici,1,8.5,8.5
ORD-202608-01091,Restaurantul Nostru,Coș de Pâine de Casă,Sosuri & Extra,2,7.0,14.0
ORD-202608-01091,Restaurantul Nostru,Clătite cu Finetti și Banane (2 buc),Desert,1,22.0,22.0
ORD-202608-01091,Restaurantul Nostru,Pachet Vinul Casei Fetească Regală 1L,Băuturi Alcoolice & Bere,1,55.0,55.0
ORD-202608-01091,Restaurantul Nostru,Sos Barbeque,Sosuri & Extra,1,6.0,6.0
ORD-202608-01092,Restaurantul Nostru,Cappuccino cu Spumă de Lapte,Băuturi Răcoritoare & Cafea,1,15.0,15.0
ORD-202608-01092,Restaurantul Nostru,Salată de Vinete Coapte pe Plită,Aperitive & Gustări,2,24.0,48.0
ORD-202608-01093,Restaurantul Nostru,Ceafă de Porc la Grătar,Preparate la Grătar & Mici,1,38.0,38.0
ORD-202608-01093,Restaurantul Nostru,Burger Casei cu Cartofi Prăjiți,Mâncăruri Gătite & Specialități,1,49.0,49.0
ORD-202608-01094,Restaurantul Nostru,Mici de Oaie și Vită (1 buc),Preparate la Grătar & Mici,1,8.5,8.5
ORD-202608-01094,Restaurantul Nostru,Salată de Ardei Copți,Salate,1,16.0,16.0
ORD-202608-01094,Restaurantul Nostru,Salată Caesar cu Pui la Grătar,Salate,1,38.0,38.0
ORD-202608-01094,Restaurantul Nostru,Sos Barbeque,Sosuri & Extra,1,6.0,6.0
ORD-202608-01094,Restaurantul Nostru,Clătite cu Finetti și Banane (2 buc),Desert,1,22.0,22.0
ORD-202608-01095,Restaurantul Nostru,Sos Barbeque,Sosuri & Extra,1,6.0,6.0
ORD-202608-01095,Restaurantul Nostru,Mămăliguță Caldă,Garnituri,1,8.0,8.0
ORD-202608-01096,Restaurantul Nostru,Frigărui de Berbecuț,Preparate la Grătar & Mici,2,58.0,116.0
ORD-202608-01096,Restaurantul Nostru,Salată de Murături Asortate,Salate,2,14.0,28.0
ORD-202608-01096,Restaurantul Nostru,Mujdei de Usturoi Tradițional,Sosuri & Extra,3,5.0,15.0
ORD-202608-01097,Restaurantul Nostru,Mujdei de Usturoi Tradițional,Sosuri & Extra,1,5.0,5.0
ORD-202608-01097,Restaurantul Nostru,Papanași cu Smântână și Dulceață de Afine (2 buc),Desert,1,32.0,32.0
ORD-202608-01097,Restaurantul Nostru,Ciorbă Rădăuțeană de Pui,Ciorbe & Supe,3,26.0,78.0
ORD-202608-01097,Restaurantul Nostru,Sos Barbeque,Sosuri & Extra,1,6.0,6.0
ORD-202608-01097,Restaurantul Nostru,Piept de Pui la Grătar,Preparate la Grătar & Mici,1,34.0,34.0
ORD-202608-01098,Restaurantul Nostru,Cârnați Picanți de Pleșcoi,Cârnați & Platouri,1,42.0,42.0
ORD-202608-01098,Restaurantul Nostru,Papanași cu Smântână și Dulceață de Afine (2 buc),Desert,2,32.0,64.0
ORD-202608-01098,Restaurantul Nostru,Pachet Vinul Casei Fetească Regală 1L,Băuturi Alcoolice & Bere,1,55.0,55.0
ORD-202608-01098,Restaurantul Nostru,Bulz Ardelenesc la Grătar,Aperitive & Gustări,2,32.0,64.0
ORD-202608-01098,Restaurantul Nostru,Salată Grecească,Salate,2,34.0,68.0
ORD-202608-01099,Restaurantul Nostru,Papanași cu Smântână și Dulceață de Afine (2 buc),Desert,1,32.0,32.0
ORD-202608-01099,Restaurantul Nostru,Limonadă Proaspătă cu Miere și Mentă 0.5L,Băuturi Răcoritoare & Cafea,2,20.0,40.0
ORD-202608-01099,Restaurantul Nostru,Bulz Ardelenesc la Grătar,Aperitive & Gustări,1,32.0,32.0
ORD-202608-01099,Restaurantul Nostru,Sarmale Românești în Foi de Varză (4 buc),Mâncăruri Gătite & Specialități,2,44.0,88.0
ORD-202608-01100,Restaurantul Nostru,Tochitură Moldovenească cu Mămăligă,Mâncăruri Gătite & Specialități,1,48.0,48.0
ORD-202608-01100,Restaurantul Nostru,Mici Românești de Vită-Porc (1 buc),Preparate la Grătar & Mici,1,7.5,7.5
ORD-202608-01100,Restaurantul Nostru,Salată Caesar cu Pui la Grătar,Salate,1,38.0,38.0
ORD-202608-01100,Restaurantul Nostru,Salată de Ardei Copți,Salate,1,16.0,16.0
ORD-202608-01101,Restaurantul Nostru,Sarmale Românești în Foi de Varză (4 buc),Mâncăruri Gătite & Specialități,1,44.0,44.0
ORD-202608-01101,Restaurantul Nostru,Supă Cremă de Legume cu Crutoane,Ciorbe & Supe,1,22.0,22.0
ORD-202608-01101,Restaurantul Nostru,Salată de Ardei Copți,Salate,1,16.0,16.0
ORD-202608-01102,Restaurantul Nostru,Bere Nepasteurizată Zăganu 0.5L,Băuturi Alcoolice & Bere,1,22.0,22.0
ORD-202608-01102,Restaurantul Nostru,Clătite cu Finetti și Banane (2 buc),Desert,1,22.0,22.0
ORD-202608-01102,Restaurantul Nostru,Supă Cremă de Legume cu Crutoane,Ciorbe & Supe,1,22.0,22.0
ORD-202608-01102,Restaurantul Nostru,Bere Heineken 0.33L,Băuturi Alcoolice & Bere,1,16.0,16.0
ORD-202608-01102,Restaurantul Nostru,Piure de Cartofi cu Unt,Garnituri,1,16.0,16.0
ORD-202608-01103,Restaurantul Nostru,Ștrudel de Mere cu Sos de Vanilie,Desert,1,25.0,25.0
ORD-202608-01103,Restaurantul Nostru,Vin Purcari Rară Neagră Sticlă 0.75L,Băuturi Alcoolice & Bere,1,95.0,95.0
ORD-202608-01104,Restaurantul Nostru,Frigărui de Berbecuț,Preparate la Grătar & Mici,2,58.0,116.0
ORD-202608-01104,Restaurantul Nostru,Salată de Murături Asortate,Salate,1,14.0,14.0
ORD-202608-01104,Restaurantul Nostru,Smântână Proaspătă 20%,Sosuri & Extra,1,5.0,5.0
ORD-202608-01104,Restaurantul Nostru,Mici Românești de Vită-Porc (1 buc),Preparate la Grătar & Mici,1,7.5,7.5
ORD-202608-01104,Restaurantul Nostru,Varză Călită în Vin cu Chimen,Garnituri,1,15.0,15.0
ORD-202608-01105,Restaurantul Nostru,Pachet Vinul Casei Fetească Regală 1L,Băuturi Alcoolice & Bere,1,55.0,55.0
ORD-202608-01105,Restaurantul Nostru,Espresso Scurt / Lung Julius Meinl,Băuturi Răcoritoare & Cafea,1,12.0,12.0
ORD-202608-01105,Restaurantul Nostru,Fasole Bătută cu Ceapă Călită,Aperitive & Gustări,1,20.0,20.0
ORD-202608-01105,Restaurantul Nostru,Limonadă Proaspătă cu Miere și Mentă 0.5L,Băuturi Răcoritoare & Cafea,1,20.0,20.0
ORD-202608-01105,Restaurantul Nostru,Iahnie de Fasole cu Bacon,Garnituri,3,16.0,48.0
ORD-202608-01106,Restaurantul Nostru,Burger Casei cu Cartofi Prăjiți,Mâncăruri Gătite & Specialități,2,49.0,98.0
ORD-202608-01106,Restaurantul Nostru,Platou Gustări Rece Tradiționale,Cârnați & Platouri,2,85.0,170.0
ORD-202608-01106,Restaurantul Nostru,Cappuccino cu Spumă de Lapte,Băuturi Răcoritoare & Cafea,1,15.0,15.0
ORD-202608-01106,Restaurantul Nostru,Pachet Vinul Casei Fetească Regală 1L,Băuturi Alcoolice & Bere,2,55.0,110.0
ORD-202608-01106,Restaurantul Nostru,Ciolan de Porc Rumexit la Cuptor,Mâncăruri Gătite & Specialități,1,78.0,78.0
ORD-202608-01107,Restaurantul Nostru,Burger Casei cu Cartofi Prăjiți,Mâncăruri Gătite & Specialități,1,49.0,49.0
ORD-202608-01107,Restaurantul Nostru,Bulz Ardelenesc la Grătar,Aperitive & Gustări,1,32.0,32.0
ORD-202608-01107,Restaurantul Nostru,Cartofi Prăjiți cu Usturoi și Parmezan,Garnituri,1,18.0,18.0
ORD-202608-01107,Restaurantul Nostru,Tochitură Moldovenească cu Mămăligă,Mâncăruri Gătite & Specialități,1,48.0,48.0
ORD-202608-01107,Restaurantul Nostru,Mujdei de Usturoi Tradițional,Sosuri & Extra,1,5.0,5.0
ORD-202608-01108,Restaurantul Nostru,Ciorbă de Perișoare,Ciorbe & Supe,1,24.0,24.0
ORD-202608-01108,Restaurantul Nostru,Piure de Cartofi cu Unt,Garnituri,1,16.0,16.0
ORD-202608-01108,Restaurantul Nostru,Cartofi Prăjiți cu Usturoi și Parmezan,Garnituri,1,18.0,18.0
ORD-202608-01109,Restaurantul Nostru,Salată de Murături Asortate,Salate,2,14.0,28.0
ORD-202608-01109,Restaurantul Nostru,Cartofi Prăjiți cu Usturoi și Parmezan,Garnituri,1,18.0,18.0
ORD-202608-01109,Restaurantul Nostru,Piure de Cartofi cu Unt,Garnituri,1,16.0,16.0
ORD-202608-01109,Restaurantul Nostru,Salată Caesar cu Pui la Grătar,Salate,1,38.0,38.0
ORD-202608-01110,Restaurantul Nostru,Ciorbă de Perișoare,Ciorbe & Supe,1,24.0,24.0
ORD-202608-01110,Restaurantul Nostru,Bulz Ardelenesc la Grătar,Aperitive & Gustări,2,32.0,64.0
ORD-202608-01110,Restaurantul Nostru,Bere Heineken 0.33L,Băuturi Alcoolice & Bere,1,16.0,16.0
ORD-202608-01111,Restaurantul Nostru,Salată de Ardei Copți,Salate,3,16.0,48.0
ORD-202608-01111,Restaurantul Nostru,Smântână Proaspătă 20%,Sosuri & Extra,1,5.0,5.0
ORD-202608-01111,Restaurantul Nostru,Mămăliguță Caldă,Garnituri,1,8.0,8.0
ORD-202608-01111,Restaurantul Nostru,Ștrudel de Mere cu Sos de Vanilie,Desert,1,25.0,25.0
ORD-202608-01112,Restaurantul Nostru,Țuică de Prune Ardelenească 50ml,Băuturi Alcoolice & Bere,1,18.0,18.0
ORD-202608-01112,Restaurantul Nostru,Vin Purcari Rară Neagră Sticlă 0.75L,Băuturi Alcoolice & Bere,1,95.0,95.0
ORD-202608-01112,Restaurantul Nostru,Iahnie de Fasole cu Bacon,Garnituri,1,16.0,16.0
ORD-202608-01112,Restaurantul Nostru,Muștar Clasic,Sosuri & Extra,1,4.0,4.0
ORD-202608-01112,Restaurantul Nostru,Ceafă de Porc la Grătar,Preparate la Grătar & Mici,1,38.0,38.0
ORD-202608-01113,Restaurantul Nostru,Espresso Scurt / Lung Julius Meinl,Băuturi Răcoritoare & Cafea,1,12.0,12.0
ORD-202608-01113,Restaurantul Nostru,Mămăliguță Caldă,Garnituri,1,8.0,8.0
ORD-202608-01113,Restaurantul Nostru,Limonadă Proaspătă cu Miere și Mentă 0.5L,Băuturi Răcoritoare & Cafea,1,20.0,20.0
ORD-202608-01113,Restaurantul Nostru,Clătite cu Finetti și Banane (2 buc),Desert,1,22.0,22.0
ORD-202608-01114,Restaurantul Nostru,Cârnați Picanți de Pleșcoi,Cârnați & Platouri,1,42.0,42.0
ORD-202608-01114,Restaurantul Nostru,Piure de Cartofi cu Unt,Garnituri,1,16.0,16.0
ORD-202608-01114,Restaurantul Nostru,Lava Cake cu Înghețată de Vanilie,Desert,1,28.0,28.0
ORD-202608-01114,Restaurantul Nostru,Platou Gustări Rece Tradiționale,Cârnați & Platouri,1,85.0,85.0
ORD-202608-01115,Restaurantul Nostru,Lava Cake cu Înghețată de Vanilie,Desert,2,28.0,56.0
ORD-202608-01115,Restaurantul Nostru,Pastramă de Oaie la Tigaie cu Mămăligă,Mâncăruri Gătite & Specialități,2,56.0,112.0
ORD-202608-01115,Restaurantul Nostru,Limonadă Proaspătă cu Miere și Mentă 0.5L,Băuturi Răcoritoare & Cafea,1,20.0,20.0
ORD-202608-01115,Restaurantul Nostru,Salată Grecească,Salate,1,34.0,34.0
ORD-202608-01115,Restaurantul Nostru,Cappuccino cu Spumă de Lapte,Băuturi Răcoritoare & Cafea,1,15.0,15.0
ORD-202608-01116,Restaurantul Nostru,Salată Caesar cu Pui la Grătar,Salate,2,38.0,76.0
ORD-202608-01116,Restaurantul Nostru,Piept de Pui la Grătar,Preparate la Grătar & Mici,1,34.0,34.0
ORD-202608-01117,Restaurantul Nostru,Fasole Bătută cu Ceapă Călită,Aperitive & Gustări,1,20.0,20.0
ORD-202608-01117,Restaurantul Nostru,Coca-Cola / Coca-Cola Zero 0.33L,Băuturi Răcoritoare & Cafea,1,12.0,12.0
ORD-202608-01117,Restaurantul Nostru,Sarmale Românești în Foi de Varză (4 buc),Mâncăruri Gătite & Specialități,2,44.0,88.0
ORD-202608-01117,Restaurantul Nostru,Papanași cu Smântână și Dulceață de Afine (2 buc),Desert,1,32.0,32.0
ORD-202608-01118,Restaurantul Nostru,Coca-Cola / Coca-Cola Zero 0.33L,Băuturi Răcoritoare & Cafea,2,12.0,24.0
ORD-202608-01118,Restaurantul Nostru,Cartofi Prăjiți cu Usturoi și Parmezan,Garnituri,1,18.0,18.0
ORD-202608-01118,Restaurantul Nostru,Vin Purcari Rară Neagră Sticlă 0.75L,Băuturi Alcoolice & Bere,3,95.0,285.0
ORD-202608-01119,Restaurantul Nostru,Țuică de Prune Ardelenească 50ml,Băuturi Alcoolice & Bere,2,18.0,36.0
ORD-202608-01119,Restaurantul Nostru,Salată Grecească,Salate,1,34.0,34.0
ORD-202608-01119,Restaurantul Nostru,Coca-Cola / Coca-Cola Zero 0.33L,Băuturi Răcoritoare & Cafea,1,12.0,12.0
ORD-202608-01119,Restaurantul Nostru,Mămăliguță Caldă,Garnituri,1,8.0,8.0
ORD-202608-01119,Restaurantul Nostru,Piept de Pui la Grătar,Preparate la Grătar & Mici,1,34.0,34.0
ORD-202608-01120,Restaurantul Nostru,Salată de Murături Asortate,Salate,1,14.0,14.0
ORD-202608-01120,Restaurantul Nostru,Frăție de Mici & Cârnați,Preparate la Grătar & Mici,2,54.0,108.0
ORD-202608-01120,Restaurantul Nostru,Ceafă de Porc la Grătar,Preparate la Grătar & Mici,1,38.0,38.0
ORD-202608-01120,Restaurantul Nostru,Platou Gustări Rece Tradiționale,Cârnați & Platouri,1,85.0,85.0
ORD-202608-01121,Restaurantul Nostru,Smântână Proaspătă 20%,Sosuri & Extra,1,5.0,5.0
ORD-202608-01121,Restaurantul Nostru,Ștrudel de Mere cu Sos de Vanilie,Desert,1,25.0,25.0
ORD-202608-01121,Restaurantul Nostru,Clătite cu Finetti și Banane (2 buc),Desert,1,22.0,22.0
ORD-202608-01122,Restaurantul Nostru,Platou Gustări Rece Tradiționale,Cârnați & Platouri,1,85.0,85.0
ORD-202608-01122,Restaurantul Nostru,Pachet Vinul Casei Fetească Regală 1L,Băuturi Alcoolice & Bere,2,55.0,110.0
ORD-202608-01122,Restaurantul Nostru,Vin Purcari Rară Neagră Sticlă 0.75L,Băuturi Alcoolice & Bere,2,95.0,190.0
ORD-202608-01122,Restaurantul Nostru,Ceafă de Porc la Grătar,Preparate la Grătar & Mici,2,38.0,76.0
ORD-202608-01122,Restaurantul Nostru,Pastramă de Oaie la Tigaie cu Mămăligă,Mâncăruri Gătite & Specialități,1,56.0,56.0
ORD-202608-01123,Restaurantul Nostru,Pastramă de Oaie la Tigaie cu Mămăligă,Mâncăruri Gătite & Specialități,1,56.0,56.0
ORD-202608-01123,Restaurantul Nostru,Varză Călită în Vin cu Chimen,Garnituri,1,15.0,15.0
ORD-202608-01123,Restaurantul Nostru,Cartofi Prăjiți cu Usturoi și Parmezan,Garnituri,1,18.0,18.0
ORD-202608-01124,Restaurantul Nostru,Ciorbă de Perișoare,Ciorbe & Supe,2,24.0,48.0
ORD-202608-01124,Restaurantul Nostru,Ciolan de Porc Rumexit la Cuptor,Mâncăruri Gătite & Specialități,1,78.0,78.0
ORD-202608-01124,Restaurantul Nostru,Pastramă de Oaie la Tigaie cu Mămăligă,Mâncăruri Gătite & Specialități,1,56.0,56.0
ORD-202608-01124,Restaurantul Nostru,Mămăliguță Caldă,Garnituri,1,8.0,8.0
ORD-202608-01125,Restaurantul Nostru,Supă Cremă de Legume cu Crutoane,Ciorbe & Supe,2,22.0,44.0
ORD-202608-01125,Restaurantul Nostru,Mujdei de Usturoi Tradițional,Sosuri & Extra,1,5.0,5.0
ORD-202608-01126,Restaurantul Nostru,Smântână Proaspătă 20%,Sosuri & Extra,3,5.0,15.0
ORD-202608-01126,Restaurantul Nostru,Cappuccino cu Spumă de Lapte,Băuturi Răcoritoare & Cafea,1,15.0,15.0
ORD-202608-01126,Restaurantul Nostru,Platou Gustări Rece Tradiționale,Cârnați & Platouri,2,85.0,170.0
ORD-202608-01127,Restaurantul Nostru,Clătite cu Finetti și Banane (2 buc),Desert,1,22.0,22.0
ORD-202608-01127,Restaurantul Nostru,Espresso Scurt / Lung Julius Meinl,Băuturi Răcoritoare & Cafea,1,12.0,12.0
ORD-202608-01127,Restaurantul Nostru,Mici de Oaie și Vită (1 buc),Preparate la Grătar & Mici,1,8.5,8.5
ORD-202608-01127,Restaurantul Nostru,Mujdei de Usturoi Tradițional,Sosuri & Extra,1,5.0,5.0
ORD-202608-01127,Restaurantul Nostru,Piept de Pui la Grătar,Preparate la Grătar & Mici,3,34.0,102.0
ORD-202608-01128,Restaurantul Nostru,Salată de Ardei Copți,Salate,1,16.0,16.0
ORD-202608-01128,Restaurantul Nostru,Mici de Oaie și Vită (1 buc),Preparate la Grătar & Mici,1,8.5,8.5
ORD-202608-01128,Restaurantul Nostru,Frigărui de Berbecuț,Preparate la Grătar & Mici,1,58.0,58.0
ORD-202608-01129,Restaurantul Nostru,Mici de Oaie și Vită (1 buc),Preparate la Grătar & Mici,1,8.5,8.5
ORD-202608-01129,Restaurantul Nostru,Fasole Bătută cu Ceapă Călită,Aperitive & Gustări,1,20.0,20.0
ORD-202608-01129,Restaurantul Nostru,Pachet Vinul Casei Fetească Regală 1L,Băuturi Alcoolice & Bere,1,55.0,55.0
ORD-202608-01130,Restaurantul Nostru,Ciorbă Rădăuțeană de Pui,Ciorbe & Supe,1,26.0,26.0
ORD-202608-01130,Restaurantul Nostru,Cappuccino cu Spumă de Lapte,Băuturi Răcoritoare & Cafea,1,15.0,15.0
ORD-202608-01130,Restaurantul Nostru,Lava Cake cu Înghețată de Vanilie,Desert,1,28.0,28.0
ORD-202608-01130,Restaurantul Nostru,Ciolan de Porc Rumexit la Cuptor,Mâncăruri Gătite & Specialități,1,78.0,78.0
ORD-202608-01131,Restaurantul Nostru,Cașcaval Pane Crocant,Aperitive & Gustări,1,28.0,28.0
ORD-202608-01131,Restaurantul Nostru,Muștar Clasic,Sosuri & Extra,2,4.0,8.0
ORD-202608-01131,Restaurantul Nostru,Salată Caesar cu Pui la Grătar,Salate,1,38.0,38.0
ORD-202608-01131,Restaurantul Nostru,Iahnie de Fasole cu Bacon,Garnituri,1,16.0,16.0
ORD-202608-01131,Restaurantul Nostru,Cârnați Picanți de Pleșcoi,Cârnați & Platouri,1,42.0,42.0
ORD-202608-01132,Restaurantul Nostru,Frăție de Mici & Cârnați,Preparate la Grătar & Mici,1,54.0,54.0
ORD-202608-01132,Restaurantul Nostru,Vin Purcari Rară Neagră Sticlă 0.75L,Băuturi Alcoolice & Bere,1,95.0,95.0
ORD-202608-01132,Restaurantul Nostru,Salată de Murături Asortate,Salate,1,14.0,14.0
ORD-202608-01132,Restaurantul Nostru,Ciorbă Rădăuțeană de Pui,Ciorbe & Supe,1,26.0,26.0
ORD-202608-01132,Restaurantul Nostru,Coș de Pâine de Casă,Sosuri & Extra,2,7.0,14.0
ORD-202608-01133,Restaurantul Nostru,Șnițel Gigant de Pui Pane,Mâncăruri Gătite & Specialități,1,36.0,36.0
ORD-202608-01133,Restaurantul Nostru,Espresso Scurt / Lung Julius Meinl,Băuturi Răcoritoare & Cafea,1,12.0,12.0
ORD-202608-01133,Restaurantul Nostru,Mici de Oaie și Vită (1 buc),Preparate la Grătar & Mici,3,8.5,25.5
ORD-202608-01133,Restaurantul Nostru,Piure de Cartofi cu Unt,Garnituri,2,16.0,32.0
ORD-202608-01133,Restaurantul Nostru,Cartofi Prăjiți cu Usturoi și Parmezan,Garnituri,1,18.0,18.0
ORD-202608-01134,Restaurantul Nostru,Salată de Murături Asortate,Salate,1,14.0,14.0
ORD-202608-01134,Restaurantul Nostru,Iahnie de Fasole cu Bacon,Garnituri,1,16.0,16.0
ORD-202608-01134,Restaurantul Nostru,Vin Purcari Rară Neagră Sticlă 0.75L,Băuturi Alcoolice & Bere,1,95.0,95.0
ORD-202608-01134,Restaurantul Nostru,Espresso Scurt / Lung Julius Meinl,Băuturi Răcoritoare & Cafea,1,12.0,12.0
ORD-202608-01134,Restaurantul Nostru,Ceafă de Porc la Grătar,Preparate la Grătar & Mici,1,38.0,38.0
ORD-202608-01135,Restaurantul Nostru,Bere Ciuc Premium la Draught 0.4L,Băuturi Alcoolice & Bere,1,14.0,14.0
ORD-202608-01135,Restaurantul Nostru,Smântână Proaspătă 20%,Sosuri & Extra,2,5.0,10.0
ORD-202608-01135,Restaurantul Nostru,Șnițel Gigant de Pui Pane,Mâncăruri Gătite & Specialități,1,36.0,36.0
ORD-202608-01135,Restaurantul Nostru,Salată de Murături Asortate,Salate,1,14.0,14.0
ORD-202608-01135,Restaurantul Nostru,Clătite cu Finetti și Banane (2 buc),Desert,2,22.0,44.0
ORD-202608-01136,Restaurantul Nostru,Ceafă de Porc la Grătar,Preparate la Grătar & Mici,1,38.0,38.0
ORD-202608-01136,Restaurantul Nostru,Cappuccino cu Spumă de Lapte,Băuturi Răcoritoare & Cafea,1,15.0,15.0
ORD-202608-01136,Restaurantul Nostru,Vin Purcari Rară Neagră Sticlă 0.75L,Băuturi Alcoolice & Bere,1,95.0,95.0
ORD-202608-01136,Restaurantul Nostru,Papanași cu Smântână și Dulceață de Afine (2 buc),Desert,1,32.0,32.0
ORD-202608-01136,Restaurantul Nostru,Fasole Bătută cu Ceapă Călită,Aperitive & Gustări,1,20.0,20.0
ORD-202608-01137,Restaurantul Nostru,Ciolan de Porc Rumexit la Cuptor,Mâncăruri Gătite & Specialități,1,78.0,78.0
ORD-202608-01137,Restaurantul Nostru,Cappuccino cu Spumă de Lapte,Băuturi Răcoritoare & Cafea,1,15.0,15.0
ORD-202608-01137,Restaurantul Nostru,Salată de Vinete Coapte pe Plită,Aperitive & Gustări,1,24.0,24.0
ORD-202608-01137,Restaurantul Nostru,Fasole Bătută cu Ceapă Călită,Aperitive & Gustări,1,20.0,20.0
ORD-202608-01138,Restaurantul Nostru,Mămăliguță Caldă,Garnituri,1,8.0,8.0
ORD-202608-01138,Restaurantul Nostru,Salată de Vinete Coapte pe Plită,Aperitive & Gustări,1,24.0,24.0
ORD-202608-01139,Restaurantul Nostru,Bere Heineken 0.33L,Băuturi Alcoolice & Bere,1,16.0,16.0
ORD-202608-01139,Restaurantul Nostru,Salată de Murături Asortate,Salate,1,14.0,14.0
ORD-202608-01139,Restaurantul Nostru,Sos Barbeque,Sosuri & Extra,1,6.0,6.0
ORD-202608-01139,Restaurantul Nostru,Fasole Bătută cu Ceapă Călită,Aperitive & Gustări,1,20.0,20.0
ORD-202608-01140,Restaurantul Nostru,Platou Gustări Rece Tradiționale,Cârnați & Platouri,2,85.0,170.0
ORD-202608-01140,Restaurantul Nostru,Supă Cremă de Legume cu Crutoane,Ciorbe & Supe,1,22.0,22.0
ORD-202608-01141,Restaurantul Nostru,Apă Minerală / Plată Borsec 0.5L,Băuturi Răcoritoare & Cafea,1,10.0,10.0
ORD-202608-01141,Restaurantul Nostru,Smântână Proaspătă 20%,Sosuri & Extra,2,5.0,10.0
ORD-202608-01141,Restaurantul Nostru,Papanași cu Smântână și Dulceață de Afine (2 buc),Desert,1,32.0,32.0
ORD-202608-01141,Restaurantul Nostru,Ciorbă de Burtiță Tradițională,Ciorbe & Supe,2,28.0,56.0
ORD-202608-01141,Restaurantul Nostru,Ștrudel de Mere cu Sos de Vanilie,Desert,2,25.0,50.0
ORD-202608-01142,Restaurantul Nostru,Mujdei de Usturoi Tradițional,Sosuri & Extra,2,5.0,10.0
ORD-202608-01142,Restaurantul Nostru,Bere Nepasteurizată Zăganu 0.5L,Băuturi Alcoolice & Bere,1,22.0,22.0
ORD-202608-01142,Restaurantul Nostru,Sarmale Românești în Foi de Varză (4 buc),Mâncăruri Gătite & Specialități,1,44.0,44.0
ORD-202608-01142,Restaurantul Nostru,Ciolan de Porc Rumexit la Cuptor,Mâncăruri Gătite & Specialități,2,78.0,156.0
ORD-202608-01143,Restaurantul Nostru,Piure de Cartofi cu Unt,Garnituri,1,16.0,16.0
ORD-202608-01143,Restaurantul Nostru,Ciorbă Rădăuțeană de Pui,Ciorbe & Supe,1,26.0,26.0
ORD-202608-01143,Restaurantul Nostru,Șnițel Gigant de Pui Pane,Mâncăruri Gătite & Specialități,1,36.0,36.0
ORD-202608-01144,Restaurantul Nostru,Frăție de Mici & Cârnați,Preparate la Grătar & Mici,1,54.0,54.0
ORD-202608-01144,Restaurantul Nostru,Varză Călită în Vin cu Chimen,Garnituri,1,15.0,15.0
ORD-202608-01144,Restaurantul Nostru,Cartofi Prăjiți cu Usturoi și Parmezan,Garnituri,1,18.0,18.0
ORD-202608-01144,Restaurantul Nostru,Apă Minerală / Plată Borsec 0.5L,Băuturi Răcoritoare & Cafea,2,10.0,20.0
ORD-202608-01145,Restaurantul Nostru,Apă Minerală / Plată Borsec 0.5L,Băuturi Răcoritoare & Cafea,1,10.0,10.0
ORD-202608-01145,Restaurantul Nostru,Coș de Pâine de Casă,Sosuri & Extra,1,7.0,7.0
ORD-202608-01146,Restaurantul Nostru,Cașcaval Pane Crocant,Aperitive & Gustări,2,28.0,56.0
ORD-202608-01146,Restaurantul Nostru,Sos Barbeque,Sosuri & Extra,2,6.0,12.0
ORD-202608-01147,Restaurantul Nostru,Muștar Clasic,Sosuri & Extra,1,4.0,4.0
ORD-202608-01147,Restaurantul Nostru,Salată de Ardei Copți,Salate,1,16.0,16.0
ORD-202608-01147,Restaurantul Nostru,Sos Barbeque,Sosuri & Extra,2,6.0,12.0
ORD-202608-01148,Restaurantul Nostru,Pachet Vinul Casei Fetească Regală 1L,Băuturi Alcoolice & Bere,1,55.0,55.0
ORD-202608-01148,Restaurantul Nostru,Apă Minerală / Plată Borsec 0.5L,Băuturi Răcoritoare & Cafea,1,10.0,10.0
ORD-202608-01148,Restaurantul Nostru,Țuică de Prune Ardelenească 50ml,Băuturi Alcoolice & Bere,1,18.0,18.0
ORD-202608-01148,Restaurantul Nostru,Șnițel Gigant de Pui Pane,Mâncăruri Gătite & Specialități,1,36.0,36.0
ORD-202608-01148,Restaurantul Nostru,Salată de Vinete Coapte pe Plită,Aperitive & Gustări,1,24.0,24.0
ORD-202608-01149,Restaurantul Nostru,Coș de Pâine de Casă,Sosuri & Extra,1,7.0,7.0
ORD-202608-01149,Restaurantul Nostru,Iahnie de Fasole cu Bacon,Garnituri,1,16.0,16.0
ORD-202608-01150,Restaurantul Nostru,Ciorbă de Văcuță,Ciorbe & Supe,1,25.0,25.0
ORD-202608-01150,Restaurantul Nostru,Supă Cremă de Legume cu Crutoane,Ciorbe & Supe,1,22.0,22.0
ORD-202608-01150,Restaurantul Nostru,Coca-Cola / Coca-Cola Zero 0.33L,Băuturi Răcoritoare & Cafea,1,12.0,12.0
ORD-202608-01150,Restaurantul Nostru,Mămăliguță Caldă,Garnituri,1,8.0,8.0
ORD-202608-01151,Restaurantul Nostru,Ciorbă de Burtiță Tradițională,Ciorbe & Supe,2,28.0,56.0
ORD-202608-01151,Restaurantul Nostru,Muștar Clasic,Sosuri & Extra,1,4.0,4.0
ORD-202608-01152,Restaurantul Nostru,Vin Purcari Rară Neagră Sticlă 0.75L,Băuturi Alcoolice & Bere,1,95.0,95.0
ORD-202608-01152,Restaurantul Nostru,Bulz Ardelenesc la Grătar,Aperitive & Gustări,1,32.0,32.0
ORD-202608-01152,Restaurantul Nostru,Muștar Clasic,Sosuri & Extra,1,4.0,4.0
ORD-202608-01153,Restaurantul Nostru,Cartofi Prăjiți cu Usturoi și Parmezan,Garnituri,2,18.0,36.0
ORD-202608-01153,Restaurantul Nostru,Ceafă de Porc la Grătar,Preparate la Grătar & Mici,2,38.0,76.0
ORD-202608-01153,Restaurantul Nostru,Coș de Pâine de Casă,Sosuri & Extra,1,7.0,7.0
ORD-202608-01154,Restaurantul Nostru,Vin Purcari Rară Neagră Sticlă 0.75L,Băuturi Alcoolice & Bere,1,95.0,95.0
ORD-202608-01154,Restaurantul Nostru,Tochitură Moldovenească cu Mămăligă,Mâncăruri Gătite & Specialități,1,48.0,48.0
ORD-202608-01154,Restaurantul Nostru,Supă Cremă de Legume cu Crutoane,Ciorbe & Supe,1,22.0,22.0
ORD-202608-01154,Restaurantul Nostru,Cașcaval Pane Crocant,Aperitive & Gustări,1,28.0,28.0
ORD-202608-01155,Restaurantul Nostru,Burger Casei cu Cartofi Prăjiți,Mâncăruri Gătite & Specialități,1,49.0,49.0
ORD-202608-01155,Restaurantul Nostru,Clătite cu Finetti și Banane (2 buc),Desert,1,22.0,22.0
ORD-202608-01156,Restaurantul Nostru,Ciorbă de Burtiță Tradițională,Ciorbe & Supe,1,28.0,28.0
ORD-202608-01156,Restaurantul Nostru,Bere Heineken 0.33L,Băuturi Alcoolice & Bere,3,16.0,48.0
ORD-202608-01157,Restaurantul Nostru,Bulz Ardelenesc la Grătar,Aperitive & Gustări,1,32.0,32.0
ORD-202608-01157,Restaurantul Nostru,Muștar Clasic,Sosuri & Extra,1,4.0,4.0
ORD-202608-01157,Restaurantul Nostru,Mămăliguță Caldă,Garnituri,1,8.0,8.0
ORD-202608-01157,Restaurantul Nostru,Salată Caesar cu Pui la Grătar,Salate,2,38.0,76.0
ORD-202608-01157,Restaurantul Nostru,Iahnie de Fasole cu Bacon,Garnituri,3,16.0,48.0
ORD-202608-01158,Restaurantul Nostru,Bere Heineken 0.33L,Băuturi Alcoolice & Bere,1,16.0,16.0
ORD-202608-01158,Restaurantul Nostru,Clătite cu Finetti și Banane (2 buc),Desert,1,22.0,22.0
ORD-202608-01158,Restaurantul Nostru,Ștrudel de Mere cu Sos de Vanilie,Desert,1,25.0,25.0
ORD-202608-01158,Restaurantul Nostru,Espresso Scurt / Lung Julius Meinl,Băuturi Răcoritoare & Cafea,2,12.0,24.0
ORD-202608-01158,Restaurantul Nostru,Muștar Clasic,Sosuri & Extra,1,4.0,4.0
ORD-202608-01159,Restaurantul Nostru,Frăție de Mici & Cârnați,Preparate la Grătar & Mici,2,54.0,108.0
ORD-202608-01159,Restaurantul Nostru,Papanași cu Smântână și Dulceață de Afine (2 buc),Desert,2,32.0,64.0
ORD-202608-01160,Restaurantul Nostru,Ciolan de Porc Rumexit la Cuptor,Mâncăruri Gătite & Specialități,1,78.0,78.0
ORD-202608-01160,Restaurantul Nostru,Coca-Cola / Coca-Cola Zero 0.33L,Băuturi Răcoritoare & Cafea,1,12.0,12.0
ORD-202608-01160,Restaurantul Nostru,Salată Caesar cu Pui la Grătar,Salate,1,38.0,38.0
ORD-202608-01160,Restaurantul Nostru,Varză Călită în Vin cu Chimen,Garnituri,1,15.0,15.0
ORD-202608-01161,Restaurantul Nostru,Lava Cake cu Înghețată de Vanilie,Desert,1,28.0,28.0
ORD-202608-01161,Restaurantul Nostru,Piure de Cartofi cu Unt,Garnituri,1,16.0,16.0
ORD-202608-01161,Restaurantul Nostru,Bere Ciuc Premium la Draught 0.4L,Băuturi Alcoolice & Bere,1,14.0,14.0
ORD-202608-01161,Restaurantul Nostru,Mujdei de Usturoi Tradițional,Sosuri & Extra,1,5.0,5.0
ORD-202608-01161,Restaurantul Nostru,Piept de Pui la Grătar,Preparate la Grătar & Mici,1,34.0,34.0
ORD-202608-01162,Restaurantul Nostru,Sarmale Românești în Foi de Varză (4 buc),Mâncăruri Gătite & Specialități,1,44.0,44.0
ORD-202608-01162,Restaurantul Nostru,Piure de Cartofi cu Unt,Garnituri,1,16.0,16.0
ORD-202608-01162,Restaurantul Nostru,Papanași cu Smântână și Dulceață de Afine (2 buc),Desert,1,32.0,32.0
ORD-202608-01162,Restaurantul Nostru,Smântână Proaspătă 20%,Sosuri & Extra,1,5.0,5.0
ORD-202608-01163,Restaurantul Nostru,Pastramă de Oaie la Tigaie cu Mămăligă,Mâncăruri Gătite & Specialități,1,56.0,56.0
ORD-202608-01163,Restaurantul Nostru,Papanași cu Smântână și Dulceață de Afine (2 buc),Desert,1,32.0,32.0
ORD-202608-01164,Restaurantul Nostru,Apă Minerală / Plată Borsec 0.5L,Băuturi Răcoritoare & Cafea,1,10.0,10.0
ORD-202608-01164,Restaurantul Nostru,Pachet Vinul Casei Fetească Regală 1L,Băuturi Alcoolice & Bere,1,55.0,55.0
ORD-202608-01164,Restaurantul Nostru,Bere Heineken 0.33L,Băuturi Alcoolice & Bere,1,16.0,16.0
ORD-202608-01164,Restaurantul Nostru,Cappuccino cu Spumă de Lapte,Băuturi Răcoritoare & Cafea,1,15.0,15.0
ORD-202608-01164,Restaurantul Nostru,Coș de Pâine de Casă,Sosuri & Extra,1,7.0,7.0
ORD-202608-01165,Restaurantul Nostru,Salată Caesar cu Pui la Grătar,Salate,1,38.0,38.0
ORD-202608-01165,Restaurantul Nostru,Clătite cu Finetti și Banane (2 buc),Desert,1,22.0,22.0
ORD-202608-01165,Restaurantul Nostru,Mujdei de Usturoi Tradițional,Sosuri & Extra,2,5.0,10.0
ORD-202608-01165,Restaurantul Nostru,Cartofi Prăjiți cu Usturoi și Parmezan,Garnituri,1,18.0,18.0
ORD-202608-01166,Restaurantul Nostru,Bulz Ardelenesc la Grătar,Aperitive & Gustări,1,32.0,32.0
ORD-202608-01166,Restaurantul Nostru,Ciorbă de Perișoare,Ciorbe & Supe,3,24.0,72.0
ORD-202608-01166,Restaurantul Nostru,Mujdei de Usturoi Tradițional,Sosuri & Extra,2,5.0,10.0
ORD-202608-01166,Restaurantul Nostru,Șnițel Gigant de Pui Pane,Mâncăruri Gătite & Specialități,1,36.0,36.0
ORD-202608-01167,Restaurantul Nostru,Salată de Ardei Copți,Salate,2,16.0,32.0
ORD-202608-01167,Restaurantul Nostru,Pachet Vinul Casei Fetească Regală 1L,Băuturi Alcoolice & Bere,1,55.0,55.0
ORD-202608-01168,Restaurantul Nostru,Platou Cârnați Asortați,Cârnați & Platouri,1,95.0,95.0
ORD-202608-01168,Restaurantul Nostru,Apă Minerală / Plată Borsec 0.5L,Băuturi Răcoritoare & Cafea,1,10.0,10.0
ORD-202608-01168,Restaurantul Nostru,Cappuccino cu Spumă de Lapte,Băuturi Răcoritoare & Cafea,1,15.0,15.0
ORD-202608-01168,Restaurantul Nostru,Sos Barbeque,Sosuri & Extra,1,6.0,6.0
ORD-202608-01169,Restaurantul Nostru,Mujdei de Usturoi Tradițional,Sosuri & Extra,1,5.0,5.0
ORD-202608-01169,Restaurantul Nostru,Țuică de Prune Ardelenească 50ml,Băuturi Alcoolice & Bere,1,18.0,18.0
ORD-202608-01170,Restaurantul Nostru,Bere Nepasteurizată Zăganu 0.5L,Băuturi Alcoolice & Bere,1,22.0,22.0
ORD-202608-01170,Restaurantul Nostru,Limonadă Proaspătă cu Miere și Mentă 0.5L,Băuturi Răcoritoare & Cafea,1,20.0,20.0
ORD-202608-01170,Restaurantul Nostru,Bere Heineken 0.33L,Băuturi Alcoolice & Bere,1,16.0,16.0
ORD-202608-01171,Restaurantul Nostru,Platou Cârnați Asortați,Cârnați & Platouri,1,95.0,95.0
ORD-202608-01171,Restaurantul Nostru,Pachet Vinul Casei Fetească Regală 1L,Băuturi Alcoolice & Bere,2,55.0,110.0
ORD-202608-01171,Restaurantul Nostru,Piure de Cartofi cu Unt,Garnituri,1,16.0,16.0
ORD-202608-01172,Restaurantul Nostru,Iahnie de Fasole cu Bacon,Garnituri,1,16.0,16.0
ORD-202608-01172,Restaurantul Nostru,Platou Boieresc (2-3 persoane),Cârnați & Platouri,2,145.0,290.0
ORD-202608-01172,Restaurantul Nostru,Papanași cu Smântână și Dulceață de Afine (2 buc),Desert,3,32.0,96.0
ORD-202608-01172,Restaurantul Nostru,Clătite cu Finetti și Banane (2 buc),Desert,1,22.0,22.0
ORD-202608-01172,Restaurantul Nostru,Mămăliguță Caldă,Garnituri,1,8.0,8.0
ORD-202608-01173,Restaurantul Nostru,Platou Gustări Rece Tradiționale,Cârnați & Platouri,1,85.0,85.0
ORD-202608-01173,Restaurantul Nostru,Coca-Cola / Coca-Cola Zero 0.33L,Băuturi Răcoritoare & Cafea,1,12.0,12.0
ORD-202608-01174,Restaurantul Nostru,Coș de Pâine de Casă,Sosuri & Extra,2,7.0,14.0
ORD-202608-01174,Restaurantul Nostru,Bere Ciuc Premium la Draught 0.4L,Băuturi Alcoolice & Bere,1,14.0,14.0
ORD-202608-01175,Restaurantul Nostru,Șnițel Gigant de Pui Pane,Mâncăruri Gătite & Specialități,1,36.0,36.0
ORD-202608-01175,Restaurantul Nostru,Platou Boieresc (2-3 persoane),Cârnați & Platouri,1,145.0,145.0
ORD-202608-01175,Restaurantul Nostru,Burger Casei cu Cartofi Prăjiți,Mâncăruri Gătite & Specialități,1,49.0,49.0
ORD-202608-01175,Restaurantul Nostru,Lava Cake cu Înghețată de Vanilie,Desert,1,28.0,28.0
ORD-202608-01175,Restaurantul Nostru,Supă Cremă de Legume cu Crutoane,Ciorbe & Supe,1,22.0,22.0
ORD-202608-01176,Restaurantul Nostru,Mujdei de Usturoi Tradițional,Sosuri & Extra,2,5.0,10.0
ORD-202608-01176,Restaurantul Nostru,Salată de Vinete Coapte pe Plită,Aperitive & Gustări,1,24.0,24.0
ORD-202608-01176,Restaurantul Nostru,Vin Purcari Rară Neagră Sticlă 0.75L,Băuturi Alcoolice & Bere,1,95.0,95.0
ORD-202608-01176,Restaurantul Nostru,Ciorbă de Burtiță Tradițională,Ciorbe & Supe,1,28.0,28.0
ORD-202608-01177,Restaurantul Nostru,Espresso Scurt / Lung Julius Meinl,Băuturi Răcoritoare & Cafea,1,12.0,12.0
ORD-202608-01177,Restaurantul Nostru,Pachet Vinul Casei Fetească Regală 1L,Băuturi Alcoolice & Bere,1,55.0,55.0
ORD-202608-01177,Restaurantul Nostru,Iahnie de Fasole cu Bacon,Garnituri,1,16.0,16.0
ORD-202608-01178,Restaurantul Nostru,Piure de Cartofi cu Unt,Garnituri,1,16.0,16.0
ORD-202608-01178,Restaurantul Nostru,Ceafă de Porc la Grătar,Preparate la Grătar & Mici,1,38.0,38.0
ORD-202608-01178,Restaurantul Nostru,Bere Ciuc Premium la Draught 0.4L,Băuturi Alcoolice & Bere,1,14.0,14.0
ORD-202608-01178,Restaurantul Nostru,Salată de Ardei Copți,Salate,1,16.0,16.0
ORD-202608-01178,Restaurantul Nostru,Smântână Proaspătă 20%,Sosuri & Extra,1,5.0,5.0
ORD-202608-01179,Restaurantul Nostru,Salată de Murături Asortate,Salate,1,14.0,14.0
ORD-202608-01179,Restaurantul Nostru,Varză Călită în Vin cu Chimen,Garnituri,1,15.0,15.0
ORD-202608-01179,Restaurantul Nostru,Ciolan de Porc Rumexit la Cuptor,Mâncăruri Gătite & Specialități,1,78.0,78.0
ORD-202608-01180,Restaurantul Nostru,Șnițel Gigant de Pui Pane,Mâncăruri Gătite & Specialități,1,36.0,36.0
ORD-202608-01180,Restaurantul Nostru,Salată de Vinete Coapte pe Plită,Aperitive & Gustări,1,24.0,24.0
ORD-202608-01181,Restaurantul Nostru,Sos Barbeque,Sosuri & Extra,2,6.0,12.0
ORD-202608-01181,Restaurantul Nostru,Lava Cake cu Înghețată de Vanilie,Desert,1,28.0,28.0
ORD-202608-01182,Restaurantul Nostru,Coca-Cola / Coca-Cola Zero 0.33L,Băuturi Răcoritoare & Cafea,1,12.0,12.0
ORD-202608-01182,Restaurantul Nostru,Bulz Ardelenesc la Grătar,Aperitive & Gustări,1,32.0,32.0
ORD-202608-01182,Restaurantul Nostru,Ceafă de Porc la Grătar,Preparate la Grătar & Mici,1,38.0,38.0
ORD-202608-01182,Restaurantul Nostru,Varză Călită în Vin cu Chimen,Garnituri,1,15.0,15.0
ORD-202608-01182,Restaurantul Nostru,Cârnați Picanți de Pleșcoi,Cârnați & Platouri,1,42.0,42.0
ORD-202608-01183,Restaurantul Nostru,Pachet Vinul Casei Fetească Regală 1L,Băuturi Alcoolice & Bere,1,55.0,55.0
ORD-202608-01183,Restaurantul Nostru,Coș de Pâine de Casă,Sosuri & Extra,1,7.0,7.0
ORD-202608-01184,Restaurantul Nostru,Bere Ciuc Premium la Draught 0.4L,Băuturi Alcoolice & Bere,1,14.0,14.0
ORD-202608-01184,Restaurantul Nostru,Limonadă Proaspătă cu Miere și Mentă 0.5L,Băuturi Răcoritoare & Cafea,2,20.0,40.0
ORD-202608-01185,Restaurantul Nostru,Mujdei de Usturoi Tradițional,Sosuri & Extra,1,5.0,5.0
ORD-202608-01185,Restaurantul Nostru,Clătite cu Finetti și Banane (2 buc),Desert,1,22.0,22.0
ORD-202608-01186,Restaurantul Nostru,Ciorbă de Burtiță Tradițională,Ciorbe & Supe,1,28.0,28.0
ORD-202608-01186,Restaurantul Nostru,Ciorbă Rădăuțeană de Pui,Ciorbe & Supe,1,26.0,26.0
ORD-202608-01186,Restaurantul Nostru,Piure de Cartofi cu Unt,Garnituri,3,16.0,48.0
ORD-202608-01186,Restaurantul Nostru,Salată de Murături Asortate,Salate,1,14.0,14.0
ORD-202608-01187,Restaurantul Nostru,Pastramă de Oaie la Tigaie cu Mămăligă,Mâncăruri Gătite & Specialități,1,56.0,56.0
ORD-202608-01187,Restaurantul Nostru,Cappuccino cu Spumă de Lapte,Băuturi Răcoritoare & Cafea,2,15.0,30.0
ORD-202608-01188,Restaurantul Nostru,Ciorbă de Perișoare,Ciorbe & Supe,1,24.0,24.0
ORD-202608-01188,Restaurantul Nostru,Coș de Pâine de Casă,Sosuri & Extra,1,7.0,7.0
ORD-202608-01188,Restaurantul Nostru,Bere Heineken 0.33L,Băuturi Alcoolice & Bere,1,16.0,16.0
ORD-202608-01188,Restaurantul Nostru,Pachet Vinul Casei Fetească Regală 1L,Băuturi Alcoolice & Bere,1,55.0,55.0
ORD-202608-01188,Restaurantul Nostru,Limonadă Proaspătă cu Miere și Mentă 0.5L,Băuturi Răcoritoare & Cafea,1,20.0,20.0
ORD-202608-01189,Restaurantul Nostru,Varză Călită în Vin cu Chimen,Garnituri,1,15.0,15.0
ORD-202608-01189,Restaurantul Nostru,Limonadă Proaspătă cu Miere și Mentă 0.5L,Băuturi Răcoritoare & Cafea,1,20.0,20.0
ORD-202608-01189,Restaurantul Nostru,Ciorbă de Burtiță Tradițională,Ciorbe & Supe,2,28.0,56.0
ORD-202608-01189,Restaurantul Nostru,Ciolan de Porc Rumexit la Cuptor,Mâncăruri Gătite & Specialități,1,78.0,78.0
ORD-202608-01190,Restaurantul Nostru,Cartofi Prăjiți cu Usturoi și Parmezan,Garnituri,1,18.0,18.0
ORD-202608-01190,Restaurantul Nostru,Coca-Cola / Coca-Cola Zero 0.33L,Băuturi Răcoritoare & Cafea,2,12.0,24.0
ORD-202608-01190,Restaurantul Nostru,Bere Heineken 0.33L,Băuturi Alcoolice & Bere,2,16.0,32.0
ORD-202608-01190,Restaurantul Nostru,Frăție de Mici & Cârnați,Preparate la Grătar & Mici,1,54.0,54.0
ORD-202608-01191,Restaurantul Nostru,Frăție de Mici & Cârnați,Preparate la Grătar & Mici,1,54.0,54.0
ORD-202608-01191,Restaurantul Nostru,Țuică de Prune Ardelenească 50ml,Băuturi Alcoolice & Bere,1,18.0,18.0
ORD-202608-01192,Restaurantul Nostru,Piept de Pui la Grătar,Preparate la Grătar & Mici,1,34.0,34.0
ORD-202608-01192,Restaurantul Nostru,Mujdei de Usturoi Tradițional,Sosuri & Extra,1,5.0,5.0
ORD-202608-01192,Restaurantul Nostru,Salată de Vinete Coapte pe Plită,Aperitive & Gustări,1,24.0,24.0
ORD-202608-01192,Restaurantul Nostru,Espresso Scurt / Lung Julius Meinl,Băuturi Răcoritoare & Cafea,2,12.0,24.0
ORD-202608-01193,Restaurantul Nostru,Varză Călită în Vin cu Chimen,Garnituri,3,15.0,45.0
ORD-202608-01193,Restaurantul Nostru,Platou Cârnați Asortați,Cârnați & Platouri,1,95.0,95.0
ORD-202608-01194,Restaurantul Nostru,Tochitură Moldovenească cu Mămăligă,Mâncăruri Gătite & Specialități,1,48.0,48.0
ORD-202608-01194,Restaurantul Nostru,Cappuccino cu Spumă de Lapte,Băuturi Răcoritoare & Cafea,1,15.0,15.0
ORD-202608-01195,Restaurantul Nostru,Cartofi Prăjiți cu Usturoi și Parmezan,Garnituri,1,18.0,18.0
ORD-202608-01195,Restaurantul Nostru,Salată de Murături Asortate,Salate,1,14.0,14.0
ORD-202608-01195,Restaurantul Nostru,Smântână Proaspătă 20%,Sosuri & Extra,1,5.0,5.0
ORD-202608-01196,Restaurantul Nostru,Fasole Bătută cu Ceapă Călită,Aperitive & Gustări,1,20.0,20.0
ORD-202608-01196,Restaurantul Nostru,Cârnați Picanți de Pleșcoi,Cârnați & Platouri,2,42.0,84.0
ORD-202608-01197,Restaurantul Nostru,Ceafă de Porc la Grătar,Preparate la Grătar & Mici,1,38.0,38.0
ORD-202608-01197,Restaurantul Nostru,Varză Călită în Vin cu Chimen,Garnituri,1,15.0,15.0
ORD-202608-01198,Restaurantul Nostru,Sarmale Românești în Foi de Varză (4 buc),Mâncăruri Gătite & Specialități,1,44.0,44.0
ORD-202608-01198,Restaurantul Nostru,Mici de Oaie și Vită (1 buc),Preparate la Grătar & Mici,1,8.5,8.5
ORD-202608-01198,Restaurantul Nostru,Apă Minerală / Plată Borsec 0.5L,Băuturi Răcoritoare & Cafea,1,10.0,10.0
ORD-202608-01198,Restaurantul Nostru,Ciolan de Porc Rumexit la Cuptor,Mâncăruri Gătite & Specialități,1,78.0,78.0
ORD-202608-01198,Restaurantul Nostru,Ștrudel de Mere cu Sos de Vanilie,Desert,1,25.0,25.0
ORD-202608-01199,Restaurantul Nostru,Salată Caesar cu Pui la Grătar,Salate,1,38.0,38.0
ORD-202608-01199,Restaurantul Nostru,Mămăliguță Caldă,Garnituri,2,8.0,16.0
ORD-202608-01199,Restaurantul Nostru,Ciorbă Rădăuțeană de Pui,Ciorbe & Supe,1,26.0,26.0
ORD-202608-01199,Restaurantul Nostru,Ciolan de Porc Rumexit la Cuptor,Mâncăruri Gătite & Specialități,1,78.0,78.0
ORD-202608-01200,Restaurantul Nostru,Sos Barbeque,Sosuri & Extra,1,6.0,6.0
ORD-202608-01200,Restaurantul Nostru,Clătite cu Finetti și Banane (2 buc),Desert,1,22.0,22.0
ORD-202608-01200,Restaurantul Nostru,Șnițel Gigant de Pui Pane,Mâncăruri Gătite & Specialități,2,36.0,72.0
ORD-202608-01200,Restaurantul Nostru,Mujdei de Usturoi Tradițional,Sosuri & Extra,1,5.0,5.0
ORD-202608-01201,Restaurantul Nostru,Platou Boieresc (2-3 persoane),Cârnați & Platouri,1,145.0,145.0
ORD-202608-01201,Restaurantul Nostru,Țuică de Prune Ardelenească 50ml,Băuturi Alcoolice & Bere,1,18.0,18.0
ORD-202608-01201,Restaurantul Nostru,Șnițel Gigant de Pui Pane,Mâncăruri Gătite & Specialități,3,36.0,108.0
ORD-202608-01201,Restaurantul Nostru,Pastramă de Oaie la Tigaie cu Mămăligă,Mâncăruri Gătite & Specialități,1,56.0,56.0
ORD-202608-01201,Restaurantul Nostru,Bere Nepasteurizată Zăganu 0.5L,Băuturi Alcoolice & Bere,1,22.0,22.0
ORD-202608-01202,Restaurantul Nostru,Salată Grecească,Salate,1,34.0,34.0
ORD-202608-01202,Restaurantul Nostru,Clătite cu Finetti și Banane (2 buc),Desert,1,22.0,22.0
ORD-202608-01203,Restaurantul Nostru,Ștrudel de Mere cu Sos de Vanilie,Desert,1,25.0,25.0
ORD-202608-01203,Restaurantul Nostru,Ciorbă de Văcuță,Ciorbe & Supe,1,25.0,25.0
ORD-202608-01203,Restaurantul Nostru,Platou Gustări Rece Tradiționale,Cârnați & Platouri,1,85.0,85.0
ORD-202608-01204,Restaurantul Nostru,Salată de Vinete Coapte pe Plită,Aperitive & Gustări,1,24.0,24.0
ORD-202608-01204,Restaurantul Nostru,Clătite cu Finetti și Banane (2 buc),Desert,1,22.0,22.0
ORD-202608-01204,Restaurantul Nostru,Apă Minerală / Plată Borsec 0.5L,Băuturi Răcoritoare & Cafea,1,10.0,10.0
ORD-202608-01204,Restaurantul Nostru,Ciorbă de Văcuță,Ciorbe & Supe,1,25.0,25.0
ORD-202608-01204,Restaurantul Nostru,Mici Românești de Vită-Porc (1 buc),Preparate la Grătar & Mici,1,7.5,7.5
ORD-202608-01205,Restaurantul Nostru,Supă Cremă de Legume cu Crutoane,Ciorbe & Supe,1,22.0,22.0
ORD-202608-01205,Restaurantul Nostru,Salată de Vinete Coapte pe Plită,Aperitive & Gustări,1,24.0,24.0
ORD-202608-01206,Restaurantul Nostru,Muștar Clasic,Sosuri & Extra,3,4.0,12.0
ORD-202608-01206,Restaurantul Nostru,Mămăliguță Caldă,Garnituri,2,8.0,16.0
ORD-202608-01206,Restaurantul Nostru,Salată de Murături Asortate,Salate,1,14.0,14.0
ORD-202608-01206,Restaurantul Nostru,Mujdei de Usturoi Tradițional,Sosuri & Extra,1,5.0,5.0
ORD-202608-01207,Restaurantul Nostru,Ceafă de Porc la Grătar,Preparate la Grătar & Mici,2,38.0,76.0
ORD-202608-01207,Restaurantul Nostru,Sarmale Românești în Foi de Varză (4 buc),Mâncăruri Gătite & Specialități,1,44.0,44.0
ORD-202608-01207,Restaurantul Nostru,Ciorbă de Perișoare,Ciorbe & Supe,1,24.0,24.0
ORD-202608-01207,Restaurantul Nostru,Cașcaval Pane Crocant,Aperitive & Gustări,1,28.0,28.0
ORD-202608-01207,Restaurantul Nostru,Piept de Pui la Grătar,Preparate la Grătar & Mici,1,34.0,34.0
ORD-202608-01208,Restaurantul Nostru,Smântână Proaspătă 20%,Sosuri & Extra,2,5.0,10.0
ORD-202608-01208,Restaurantul Nostru,Clătite cu Finetti și Banane (2 buc),Desert,1,22.0,22.0
ORD-202608-01209,Restaurantul Nostru,Platou Cârnați Asortați,Cârnați & Platouri,1,95.0,95.0
ORD-202608-01209,Restaurantul Nostru,Ciorbă de Văcuță,Ciorbe & Supe,1,25.0,25.0
ORD-202608-01209,Restaurantul Nostru,Salată Grecească,Salate,1,34.0,34.0
ORD-202608-01209,Restaurantul Nostru,Iahnie de Fasole cu Bacon,Garnituri,1,16.0,16.0
ORD-202608-01210,Restaurantul Nostru,Limonadă Proaspătă cu Miere și Mentă 0.5L,Băuturi Răcoritoare & Cafea,1,20.0,20.0
ORD-202608-01210,Restaurantul Nostru,Bere Ciuc Premium la Draught 0.4L,Băuturi Alcoolice & Bere,1,14.0,14.0
ORD-202608-01211,Restaurantul Nostru,Piept de Pui la Grătar,Preparate la Grătar & Mici,1,34.0,34.0
ORD-202608-01211,Restaurantul Nostru,Salată Caesar cu Pui la Grătar,Salate,1,38.0,38.0
ORD-202608-01211,Restaurantul Nostru,Varză Călită în Vin cu Chimen,Garnituri,2,15.0,30.0
ORD-202608-01211,Restaurantul Nostru,Salată de Vinete Coapte pe Plită,Aperitive & Gustări,1,24.0,24.0
ORD-202608-01211,Restaurantul Nostru,Țuică de Prune Ardelenească 50ml,Băuturi Alcoolice & Bere,1,18.0,18.0
ORD-202608-01212,Restaurantul Nostru,Apă Minerală / Plată Borsec 0.5L,Băuturi Răcoritoare & Cafea,1,10.0,10.0
ORD-202608-01212,Restaurantul Nostru,Coș de Pâine de Casă,Sosuri & Extra,2,7.0,14.0
ORD-202608-01212,Restaurantul Nostru,Ciolan de Porc Rumexit la Cuptor,Mâncăruri Gătite & Specialități,1,78.0,78.0
ORD-202608-01213,Restaurantul Nostru,Burger Casei cu Cartofi Prăjiți,Mâncăruri Gătite & Specialități,2,49.0,98.0
ORD-202608-01213,Restaurantul Nostru,Platou Gustări Rece Tradiționale,Cârnați & Platouri,1,85.0,85.0
ORD-202608-01213,Restaurantul Nostru,Smântână Proaspătă 20%,Sosuri & Extra,1,5.0,5.0
ORD-202608-01213,Restaurantul Nostru,Mici de Oaie și Vită (1 buc),Preparate la Grătar & Mici,1,8.5,8.5
ORD-202608-01214,Restaurantul Nostru,Coș de Pâine de Casă,Sosuri & Extra,1,7.0,7.0
ORD-202608-01214,Restaurantul Nostru,Platou Cârnați Asortați,Cârnați & Platouri,1,95.0,95.0
ORD-202608-01214,Restaurantul Nostru,Piure de Cartofi cu Unt,Garnituri,1,16.0,16.0
ORD-202608-01214,Restaurantul Nostru,Tochitură Moldovenească cu Mămăligă,Mâncăruri Gătite & Specialități,1,48.0,48.0
ORD-202608-01214,Restaurantul Nostru,Coca-Cola / Coca-Cola Zero 0.33L,Băuturi Răcoritoare & Cafea,3,12.0,36.0
ORD-202608-01215,Restaurantul Nostru,Frăție de Mici & Cârnați,Preparate la Grătar & Mici,1,54.0,54.0
ORD-202608-01215,Restaurantul Nostru,Coca-Cola / Coca-Cola Zero 0.33L,Băuturi Răcoritoare & Cafea,1,12.0,12.0
ORD-202608-01215,Restaurantul Nostru,Limonadă Proaspătă cu Miere și Mentă 0.5L,Băuturi Răcoritoare & Cafea,1,20.0,20.0
ORD-202608-01215,Restaurantul Nostru,Coș de Pâine de Casă,Sosuri & Extra,1,7.0,7.0
ORD-202608-01215,Restaurantul Nostru,Cappuccino cu Spumă de Lapte,Băuturi Răcoritoare & Cafea,3,15.0,45.0
ORD-202608-01216,Restaurantul Nostru,Bere Nepasteurizată Zăganu 0.5L,Băuturi Alcoolice & Bere,1,22.0,22.0
ORD-202608-01216,Restaurantul Nostru,Șnițel Gigant de Pui Pane,Mâncăruri Gătite & Specialități,1,36.0,36.0
ORD-202608-01216,Restaurantul Nostru,Țuică de Prune Ardelenească 50ml,Băuturi Alcoolice & Bere,1,18.0,18.0
ORD-202608-01216,Restaurantul Nostru,Mici Românești de Vită-Porc (1 buc),Preparate la Grătar & Mici,1,7.5,7.5
ORD-202608-01217,Restaurantul Nostru,Ștrudel de Mere cu Sos de Vanilie,Desert,1,25.0,25.0
ORD-202608-01217,Restaurantul Nostru,Cappuccino cu Spumă de Lapte,Băuturi Răcoritoare & Cafea,3,15.0,45.0
ORD-202608-01217,Restaurantul Nostru,Espresso Scurt / Lung Julius Meinl,Băuturi Răcoritoare & Cafea,1,12.0,12.0
ORD-202608-01217,Restaurantul Nostru,Pastramă de Oaie la Tigaie cu Mămăligă,Mâncăruri Gătite & Specialități,1,56.0,56.0
ORD-202608-01217,Restaurantul Nostru,Piept de Pui la Grătar,Preparate la Grătar & Mici,1,34.0,34.0
ORD-202608-01218,Restaurantul Nostru,Salată de Murături Asortate,Salate,1,14.0,14.0
ORD-202608-01218,Restaurantul Nostru,Bere Heineken 0.33L,Băuturi Alcoolice & Bere,1,16.0,16.0
ORD-202608-01218,Restaurantul Nostru,Ștrudel de Mere cu Sos de Vanilie,Desert,1,25.0,25.0
ORD-202608-01219,Restaurantul Nostru,Cappuccino cu Spumă de Lapte,Băuturi Răcoritoare & Cafea,1,15.0,15.0
ORD-202608-01219,Restaurantul Nostru,Lava Cake cu Înghețată de Vanilie,Desert,1,28.0,28.0
ORD-202608-01220,Restaurantul Nostru,Lava Cake cu Înghețată de Vanilie,Desert,1,28.0,28.0
ORD-202608-01220,Restaurantul Nostru,Ciorbă de Burtiță Tradițională,Ciorbe & Supe,1,28.0,28.0
ORD-202608-01220,Restaurantul Nostru,Cappuccino cu Spumă de Lapte,Băuturi Răcoritoare & Cafea,3,15.0,45.0
ORD-202608-01220,Restaurantul Nostru,Mici Românești de Vită-Porc (1 buc),Preparate la Grătar & Mici,3,7.5,22.5
ORD-202608-01221,Restaurantul Nostru,Bulz Ardelenesc la Grătar,Aperitive & Gustări,1,32.0,32.0
ORD-202608-01221,Restaurantul Nostru,Șnițel Gigant de Pui Pane,Mâncăruri Gătite & Specialități,1,36.0,36.0
ORD-202608-01221,Restaurantul Nostru,Coca-Cola / Coca-Cola Zero 0.33L,Băuturi Răcoritoare & Cafea,1,12.0,12.0
ORD-202608-01221,Restaurantul Nostru,Bere Heineken 0.33L,Băuturi Alcoolice & Bere,1,16.0,16.0
ORD-202608-01221,Restaurantul Nostru,Pastramă de Oaie la Tigaie cu Mămăligă,Mâncăruri Gătite & Specialități,2,56.0,112.0
ORD-202608-01222,Restaurantul Nostru,Papanași cu Smântână și Dulceață de Afine (2 buc),Desert,1,32.0,32.0
ORD-202608-01222,Restaurantul Nostru,Apă Minerală / Plată Borsec 0.5L,Băuturi Răcoritoare & Cafea,1,10.0,10.0
ORD-202608-01222,Restaurantul Nostru,Salată Caesar cu Pui la Grătar,Salate,1,38.0,38.0
ORD-202608-01223,Restaurantul Nostru,Salată de Vinete Coapte pe Plită,Aperitive & Gustări,2,24.0,48.0
ORD-202608-01223,Restaurantul Nostru,Ceafă de Porc la Grătar,Preparate la Grătar & Mici,1,38.0,38.0
ORD-202608-01223,Restaurantul Nostru,Bere Ciuc Premium la Draught 0.4L,Băuturi Alcoolice & Bere,1,14.0,14.0
ORD-202608-01223,Restaurantul Nostru,Papanași cu Smântână și Dulceață de Afine (2 buc),Desert,1,32.0,32.0
ORD-202608-01223,Restaurantul Nostru,Smântână Proaspătă 20%,Sosuri & Extra,1,5.0,5.0
ORD-202608-01224,Restaurantul Nostru,Iahnie de Fasole cu Bacon,Garnituri,1,16.0,16.0
ORD-202608-01224,Restaurantul Nostru,Mujdei de Usturoi Tradițional,Sosuri & Extra,1,5.0,5.0
ORD-202608-01224,Restaurantul Nostru,Ciorbă de Perișoare,Ciorbe & Supe,2,24.0,48.0
ORD-202608-01224,Restaurantul Nostru,Cașcaval Pane Crocant,Aperitive & Gustări,1,28.0,28.0
ORD-202608-01224,Restaurantul Nostru,Mici Românești de Vită-Porc (1 buc),Preparate la Grătar & Mici,1,7.5,7.5
ORD-202608-01225,Restaurantul Nostru,Salată de Ardei Copți,Salate,2,16.0,32.0
ORD-202608-01225,Restaurantul Nostru,Mujdei de Usturoi Tradițional,Sosuri & Extra,1,5.0,5.0
ORD-202608-01226,Restaurantul Nostru,Cașcaval Pane Crocant,Aperitive & Gustări,1,28.0,28.0
ORD-202608-01226,Restaurantul Nostru,Platou Gustări Rece Tradiționale,Cârnați & Platouri,2,85.0,170.0
ORD-202608-01227,Restaurantul Nostru,Ciorbă Rădăuțeană de Pui,Ciorbe & Supe,1,26.0,26.0
ORD-202608-01227,Restaurantul Nostru,Cartofi Prăjiți cu Usturoi și Parmezan,Garnituri,1,18.0,18.0
ORD-202608-01228,Restaurantul Nostru,Mici Românești de Vită-Porc (1 buc),Preparate la Grătar & Mici,1,7.5,7.5
ORD-202608-01228,Restaurantul Nostru,Ciorbă de Văcuță,Ciorbe & Supe,1,25.0,25.0
ORD-202608-01228,Restaurantul Nostru,Espresso Scurt / Lung Julius Meinl,Băuturi Răcoritoare & Cafea,1,12.0,12.0
ORD-202608-01229,Restaurantul Nostru,Salată de Ardei Copți,Salate,1,16.0,16.0
ORD-202608-01229,Restaurantul Nostru,Muștar Clasic,Sosuri & Extra,2,4.0,8.0
ORD-202608-01230,Restaurantul Nostru,Salată de Ardei Copți,Salate,1,16.0,16.0
ORD-202608-01230,Restaurantul Nostru,Burger Casei cu Cartofi Prăjiți,Mâncăruri Gătite & Specialități,1,49.0,49.0
ORD-202608-01230,Restaurantul Nostru,Platou Boieresc (2-3 persoane),Cârnați & Platouri,1,145.0,145.0
ORD-202608-01231,Restaurantul Nostru,Mici Românești de Vită-Porc (1 buc),Preparate la Grătar & Mici,1,7.5,7.5
ORD-202608-01231,Restaurantul Nostru,Cartofi Prăjiți cu Usturoi și Parmezan,Garnituri,2,18.0,36.0
ORD-202608-01231,Restaurantul Nostru,Ciorbă Rădăuțeană de Pui,Ciorbe & Supe,1,26.0,26.0
ORD-202608-01232,Restaurantul Nostru,Ciorbă Rădăuțeană de Pui,Ciorbe & Supe,1,26.0,26.0
ORD-202608-01232,Restaurantul Nostru,Ciorbă de Văcuță,Ciorbe & Supe,1,25.0,25.0
ORD-202608-01232,Restaurantul Nostru,Supă Cremă de Legume cu Crutoane,Ciorbe & Supe,1,22.0,22.0
ORD-202608-01233,Restaurantul Nostru,Salată de Murături Asortate,Salate,1,14.0,14.0
ORD-202608-01233,Restaurantul Nostru,Supă Cremă de Legume cu Crutoane,Ciorbe & Supe,1,22.0,22.0
ORD-202608-01233,Restaurantul Nostru,Varză Călită în Vin cu Chimen,Garnituri,1,15.0,15.0
ORD-202608-01234,Restaurantul Nostru,Ciolan de Porc Rumexit la Cuptor,Mâncăruri Gătite & Specialități,3,78.0,234.0
ORD-202608-01234,Restaurantul Nostru,Salată Caesar cu Pui la Grătar,Salate,2,38.0,76.0
ORD-202608-01234,Restaurantul Nostru,Espresso Scurt / Lung Julius Meinl,Băuturi Răcoritoare & Cafea,1,12.0,12.0
ORD-202608-01234,Restaurantul Nostru,Papanași cu Smântână și Dulceață de Afine (2 buc),Desert,1,32.0,32.0
ORD-202608-01235,Restaurantul Nostru,Cașcaval Pane Crocant,Aperitive & Gustări,1,28.0,28.0
ORD-202608-01235,Restaurantul Nostru,Frigărui de Berbecuț,Preparate la Grătar & Mici,1,58.0,58.0
ORD-202608-01235,Restaurantul Nostru,Salată Grecească,Salate,2,34.0,68.0
ORD-202608-01236,Restaurantul Nostru,Vin Purcari Rară Neagră Sticlă 0.75L,Băuturi Alcoolice & Bere,1,95.0,95.0
ORD-202608-01236,Restaurantul Nostru,Frăție de Mici & Cârnați,Preparate la Grătar & Mici,1,54.0,54.0
ORD-202608-01236,Restaurantul Nostru,Bulz Ardelenesc la Grătar,Aperitive & Gustări,1,32.0,32.0
ORD-202608-01237,Restaurantul Nostru,Ciorbă Rădăuțeană de Pui,Ciorbe & Supe,1,26.0,26.0
ORD-202608-01237,Restaurantul Nostru,Supă Cremă de Legume cu Crutoane,Ciorbe & Supe,1,22.0,22.0
ORD-202608-01237,Restaurantul Nostru,Iahnie de Fasole cu Bacon,Garnituri,3,16.0,48.0
ORD-202608-01237,Restaurantul Nostru,Ciorbă de Burtiță Tradițională,Ciorbe & Supe,1,28.0,28.0
ORD-202608-01237,Restaurantul Nostru,Muștar Clasic,Sosuri & Extra,2,4.0,8.0
ORD-202608-01238,Restaurantul Nostru,Salată de Ardei Copți,Salate,3,16.0,48.0
ORD-202608-01238,Restaurantul Nostru,Cappuccino cu Spumă de Lapte,Băuturi Răcoritoare & Cafea,1,15.0,15.0
ORD-202608-01238,Restaurantul Nostru,Varză Călită în Vin cu Chimen,Garnituri,1,15.0,15.0
ORD-202608-01239,Restaurantul Nostru,Cappuccino cu Spumă de Lapte,Băuturi Răcoritoare & Cafea,2,15.0,30.0
ORD-202608-01239,Restaurantul Nostru,Salată de Vinete Coapte pe Plită,Aperitive & Gustări,3,24.0,72.0
ORD-202608-01239,Restaurantul Nostru,Salată de Murături Asortate,Salate,1,14.0,14.0
ORD-202608-01239,Restaurantul Nostru,Ciolan de Porc Rumexit la Cuptor,Mâncăruri Gătite & Specialități,1,78.0,78.0
ORD-202608-01240,Restaurantul Nostru,Salată de Vinete Coapte pe Plită,Aperitive & Gustări,1,24.0,24.0
ORD-202608-01240,Restaurantul Nostru,Clătite cu Finetti și Banane (2 buc),Desert,2,22.0,44.0
ORD-202608-01241,Restaurantul Nostru,Frigărui de Berbecuț,Preparate la Grătar & Mici,1,58.0,58.0
ORD-202608-01241,Restaurantul Nostru,Burger Casei cu Cartofi Prăjiți,Mâncăruri Gătite & Specialități,1,49.0,49.0
ORD-202608-01241,Restaurantul Nostru,Sos Barbeque,Sosuri & Extra,1,6.0,6.0
ORD-202608-01241,Restaurantul Nostru,Cârnați Picanți de Pleșcoi,Cârnați & Platouri,2,42.0,84.0
ORD-202608-01242,Restaurantul Nostru,Sos Barbeque,Sosuri & Extra,1,6.0,6.0
ORD-202608-01242,Restaurantul Nostru,Salată Grecească,Salate,1,34.0,34.0
ORD-202608-01242,Restaurantul Nostru,Salată de Vinete Coapte pe Plită,Aperitive & Gustări,1,24.0,24.0
ORD-202608-01243,Restaurantul Nostru,Ciorbă de Văcuță,Ciorbe & Supe,1,25.0,25.0
ORD-202608-01243,Restaurantul Nostru,Vin Purcari Rară Neagră Sticlă 0.75L,Băuturi Alcoolice & Bere,1,95.0,95.0
ORD-202608-01243,Restaurantul Nostru,Țuică de Prune Ardelenească 50ml,Băuturi Alcoolice & Bere,1,18.0,18.0
ORD-202608-01243,Restaurantul Nostru,Sos Barbeque,Sosuri & Extra,1,6.0,6.0
ORD-202608-01244,Restaurantul Nostru,Platou Gustări Rece Tradiționale,Cârnați & Platouri,1,85.0,85.0
ORD-202608-01244,Restaurantul Nostru,Mujdei de Usturoi Tradițional,Sosuri & Extra,1,5.0,5.0
ORD-202608-01245,Restaurantul Nostru,Țuică de Prune Ardelenească 50ml,Băuturi Alcoolice & Bere,1,18.0,18.0
ORD-202608-01245,Restaurantul Nostru,Ciorbă de Burtiță Tradițională,Ciorbe & Supe,1,28.0,28.0
ORD-202608-01245,Restaurantul Nostru,Bere Nepasteurizată Zăganu 0.5L,Băuturi Alcoolice & Bere,1,22.0,22.0
ORD-202608-01246,Restaurantul Nostru,Bulz Ardelenesc la Grătar,Aperitive & Gustări,1,32.0,32.0
ORD-202608-01246,Restaurantul Nostru,Salată Grecească,Salate,1,34.0,34.0
ORD-202608-01247,Restaurantul Nostru,Cappuccino cu Spumă de Lapte,Băuturi Răcoritoare & Cafea,2,15.0,30.0
ORD-202608-01247,Restaurantul Nostru,Limonadă Proaspătă cu Miere și Mentă 0.5L,Băuturi Răcoritoare & Cafea,1,20.0,20.0
ORD-202608-01247,Restaurantul Nostru,Mujdei de Usturoi Tradițional,Sosuri & Extra,1,5.0,5.0
ORD-202608-01247,Restaurantul Nostru,Ciorbă Rădăuțeană de Pui,Ciorbe & Supe,1,26.0,26.0
ORD-202608-01247,Restaurantul Nostru,Burger Casei cu Cartofi Prăjiți,Mâncăruri Gătite & Specialități,2,49.0,98.0
ORD-202608-01248,Restaurantul Nostru,Piept de Pui la Grătar,Preparate la Grătar & Mici,1,34.0,34.0
ORD-202608-01248,Restaurantul Nostru,Salată de Murături Asortate,Salate,2,14.0,28.0
ORD-202608-01248,Restaurantul Nostru,Platou Cârnați Asortați,Cârnați & Platouri,1,95.0,95.0
ORD-202608-01248,Restaurantul Nostru,Bere Nepasteurizată Zăganu 0.5L,Băuturi Alcoolice & Bere,1,22.0,22.0
ORD-202608-01249,Restaurantul Nostru,Piure de Cartofi cu Unt,Garnituri,1,16.0,16.0
ORD-202608-01249,Restaurantul Nostru,Platou Cârnați Asortați,Cârnați & Platouri,2,95.0,190.0
ORD-202608-01249,Restaurantul Nostru,Ceafă de Porc la Grătar,Preparate la Grătar & Mici,1,38.0,38.0
ORD-202608-01249,Restaurantul Nostru,Ciorbă Rădăuțeană de Pui,Ciorbe & Supe,1,26.0,26.0
ORD-202608-01250,Restaurantul Nostru,Cârnați Picanți de Pleșcoi,Cârnați & Platouri,1,42.0,42.0
ORD-202608-01250,Restaurantul Nostru,Mici Românești de Vită-Porc (1 buc),Preparate la Grătar & Mici,1,7.5,7.5
ORD-202608-01250,Restaurantul Nostru,Sos Barbeque,Sosuri & Extra,1,6.0,6.0
ORD-202608-01250,Restaurantul Nostru,Smântână Proaspătă 20%,Sosuri & Extra,1,5.0,5.0
ORD-202608-01250,Restaurantul Nostru,Mujdei de Usturoi Tradițional,Sosuri & Extra,1,5.0,5.0
ORD-202608-01251,Restaurantul Nostru,Frigărui de Berbecuț,Preparate la Grătar & Mici,1,58.0,58.0
ORD-202608-01251,Restaurantul Nostru,Cașcaval Pane Crocant,Aperitive & Gustări,2,28.0,56.0
ORD-202608-01251,Restaurantul Nostru,Ciolan de Porc Rumexit la Cuptor,Mâncăruri Gătite & Specialități,1,78.0,78.0
ORD-202608-01252,Restaurantul Nostru,Platou Gustări Rece Tradiționale,Cârnați & Platouri,2,85.0,170.0
ORD-202608-01252,Restaurantul Nostru,Coca-Cola / Coca-Cola Zero 0.33L,Băuturi Răcoritoare & Cafea,1,12.0,12.0
ORD-202608-01252,Restaurantul Nostru,Salată Caesar cu Pui la Grătar,Salate,1,38.0,38.0
ORD-202608-01252,Restaurantul Nostru,Salată Grecească,Salate,1,34.0,34.0
ORD-202608-01253,Restaurantul Nostru,Bulz Ardelenesc la Grătar,Aperitive & Gustări,1,32.0,32.0
ORD-202608-01253,Restaurantul Nostru,Ștrudel de Mere cu Sos de Vanilie,Desert,2,25.0,50.0
ORD-202608-01253,Restaurantul Nostru,Lava Cake cu Înghețată de Vanilie,Desert,3,28.0,84.0
ORD-202608-01253,Restaurantul Nostru,Cașcaval Pane Crocant,Aperitive & Gustări,2,28.0,56.0
ORD-202608-01254,Restaurantul Nostru,Mujdei de Usturoi Tradițional,Sosuri & Extra,1,5.0,5.0
ORD-202608-01254,Restaurantul Nostru,Țuică de Prune Ardelenească 50ml,Băuturi Alcoolice & Bere,1,18.0,18.0
ORD-202608-01255,Restaurantul Nostru,Platou Gustări Rece Tradiționale,Cârnați & Platouri,1,85.0,85.0
ORD-202608-01255,Restaurantul Nostru,Cartofi Prăjiți cu Usturoi și Parmezan,Garnituri,2,18.0,36.0
ORD-202608-01255,Restaurantul Nostru,Mămăliguță Caldă,Garnituri,1,8.0,8.0
ORD-202608-01256,Restaurantul Nostru,Iahnie de Fasole cu Bacon,Garnituri,2,16.0,32.0
ORD-202608-01256,Restaurantul Nostru,Șnițel Gigant de Pui Pane,Mâncăruri Gătite & Specialități,1,36.0,36.0
ORD-202608-01256,Restaurantul Nostru,Pastramă de Oaie la Tigaie cu Mămăligă,Mâncăruri Gătite & Specialități,1,56.0,56.0
ORD-202608-01257,Restaurantul Nostru,Cartofi Prăjiți cu Usturoi și Parmezan,Garnituri,2,18.0,36.0
ORD-202608-01257,Restaurantul Nostru,Mici de Oaie și Vită (1 buc),Preparate la Grătar & Mici,1,8.5,8.5
ORD-202608-01257,Restaurantul Nostru,Salată de Vinete Coapte pe Plită,Aperitive & Gustări,1,24.0,24.0
ORD-202608-01258,Restaurantul Nostru,Platou Gustări Rece Tradiționale,Cârnați & Platouri,1,85.0,85.0
ORD-202608-01258,Restaurantul Nostru,Pastramă de Oaie la Tigaie cu Mămăligă,Mâncăruri Gătite & Specialități,3,56.0,168.0
ORD-202608-01258,Restaurantul Nostru,Coca-Cola / Coca-Cola Zero 0.33L,Băuturi Răcoritoare & Cafea,2,12.0,24.0
ORD-202608-01258,Restaurantul Nostru,Sarmale Românești în Foi de Varză (4 buc),Mâncăruri Gătite & Specialități,1,44.0,44.0
ORD-202608-01258,Restaurantul Nostru,Vin Purcari Rară Neagră Sticlă 0.75L,Băuturi Alcoolice & Bere,1,95.0,95.0
ORD-202608-01259,Restaurantul Nostru,Lava Cake cu Înghețată de Vanilie,Desert,2,28.0,56.0
ORD-202608-01259,Restaurantul Nostru,Bulz Ardelenesc la Grătar,Aperitive & Gustări,2,32.0,64.0
ORD-202608-01259,Restaurantul Nostru,Mici de Oaie și Vită (1 buc),Preparate la Grătar & Mici,1,8.5,8.5
ORD-202608-01260,Restaurantul Nostru,Coca-Cola / Coca-Cola Zero 0.33L,Băuturi Răcoritoare & Cafea,1,12.0,12.0
ORD-202608-01260,Restaurantul Nostru,Sarmale Românești în Foi de Varză (4 buc),Mâncăruri Gătite & Specialități,1,44.0,44.0
ORD-202608-01261,Restaurantul Nostru,Bulz Ardelenesc la Grătar,Aperitive & Gustări,1,32.0,32.0
ORD-202608-01261,Restaurantul Nostru,Ciorbă de Burtiță Tradițională,Ciorbe & Supe,2,28.0,56.0
ORD-202608-01261,Restaurantul Nostru,Coca-Cola / Coca-Cola Zero 0.33L,Băuturi Răcoritoare & Cafea,1,12.0,12.0
ORD-202608-01261,Restaurantul Nostru,Tochitură Moldovenească cu Mămăligă,Mâncăruri Gătite & Specialități,1,48.0,48.0
ORD-202608-01261,Restaurantul Nostru,Salată de Ardei Copți,Salate,2,16.0,32.0
ORD-202608-01262,Restaurantul Nostru,Ciolan de Porc Rumexit la Cuptor,Mâncăruri Gătite & Specialități,1,78.0,78.0
ORD-202608-01262,Restaurantul Nostru,Pastramă de Oaie la Tigaie cu Mămăligă,Mâncăruri Gătite & Specialități,1,56.0,56.0
ORD-202608-01262,Restaurantul Nostru,Cașcaval Pane Crocant,Aperitive & Gustări,1,28.0,28.0
ORD-202608-01263,Restaurantul Nostru,Bere Nepasteurizată Zăganu 0.5L,Băuturi Alcoolice & Bere,2,22.0,44.0
ORD-202608-01263,Restaurantul Nostru,Ciorbă de Văcuță,Ciorbe & Supe,1,25.0,25.0
ORD-202608-01263,Restaurantul Nostru,Mămăliguță Caldă,Garnituri,1,8.0,8.0
ORD-202608-01263,Restaurantul Nostru,Bulz Ardelenesc la Grătar,Aperitive & Gustări,1,32.0,32.0
ORD-202608-01264,Restaurantul Nostru,Sos Barbeque,Sosuri & Extra,2,6.0,12.0
ORD-202608-01264,Restaurantul Nostru,Burger Casei cu Cartofi Prăjiți,Mâncăruri Gătite & Specialități,1,49.0,49.0
ORD-202608-01264,Restaurantul Nostru,Ciorbă de Perișoare,Ciorbe & Supe,1,24.0,24.0
ORD-202608-01264,Restaurantul Nostru,Mujdei de Usturoi Tradițional,Sosuri & Extra,1,5.0,5.0
ORD-202608-01264,Restaurantul Nostru,Vin Purcari Rară Neagră Sticlă 0.75L,Băuturi Alcoolice & Bere,2,95.0,190.0
ORD-202608-01265,Restaurantul Nostru,Ciorbă Rădăuțeană de Pui,Ciorbe & Supe,1,26.0,26.0
ORD-202608-01265,Restaurantul Nostru,Mujdei de Usturoi Tradițional,Sosuri & Extra,1,5.0,5.0
ORD-202608-01265,Restaurantul Nostru,Mici Românești de Vită-Porc (1 buc),Preparate la Grătar & Mici,1,7.5,7.5
ORD-202608-01266,Restaurantul Nostru,Espresso Scurt / Lung Julius Meinl,Băuturi Răcoritoare & Cafea,1,12.0,12.0
ORD-202608-01266,Restaurantul Nostru,Cartofi Prăjiți cu Usturoi și Parmezan,Garnituri,3,18.0,54.0
ORD-202608-01266,Restaurantul Nostru,Sos Barbeque,Sosuri & Extra,1,6.0,6.0
ORD-202608-01266,Restaurantul Nostru,Bere Nepasteurizată Zăganu 0.5L,Băuturi Alcoolice & Bere,1,22.0,22.0
ORD-202608-01267,Restaurantul Nostru,Salată de Vinete Coapte pe Plită,Aperitive & Gustări,1,24.0,24.0
ORD-202608-01267,Restaurantul Nostru,Coș de Pâine de Casă,Sosuri & Extra,2,7.0,14.0
ORD-202608-01267,Restaurantul Nostru,Varză Călită în Vin cu Chimen,Garnituri,1,15.0,15.0
ORD-202608-01267,Restaurantul Nostru,Iahnie de Fasole cu Bacon,Garnituri,1,16.0,16.0
ORD-202608-01267,Restaurantul Nostru,Ciorbă de Perișoare,Ciorbe & Supe,1,24.0,24.0
ORD-202608-01268,Restaurantul Nostru,Frigărui de Berbecuț,Preparate la Grătar & Mici,1,58.0,58.0
ORD-202608-01268,Restaurantul Nostru,Coca-Cola / Coca-Cola Zero 0.33L,Băuturi Răcoritoare & Cafea,1,12.0,12.0
ORD-202608-01269,Restaurantul Nostru,Fasole Bătută cu Ceapă Călită,Aperitive & Gustări,1,20.0,20.0
ORD-202608-01269,Restaurantul Nostru,Frăție de Mici & Cârnați,Preparate la Grătar & Mici,1,54.0,54.0
ORD-202608-01269,Restaurantul Nostru,Iahnie de Fasole cu Bacon,Garnituri,3,16.0,48.0
ORD-202608-01270,Restaurantul Nostru,Salată de Murături Asortate,Salate,1,14.0,14.0
ORD-202608-01270,Restaurantul Nostru,Varză Călită în Vin cu Chimen,Garnituri,1,15.0,15.0
ORD-202608-01270,Restaurantul Nostru,Burger Casei cu Cartofi Prăjiți,Mâncăruri Gătite & Specialități,1,49.0,49.0
ORD-202608-01271,Restaurantul Nostru,Vin Purcari Rară Neagră Sticlă 0.75L,Băuturi Alcoolice & Bere,1,95.0,95.0
ORD-202608-01271,Restaurantul Nostru,Platou Cârnați Asortați,Cârnați & Platouri,1,95.0,95.0
ORD-202608-01272,Restaurantul Nostru,Sos Barbeque,Sosuri & Extra,2,6.0,12.0
ORD-202608-01272,Restaurantul Nostru,Șnițel Gigant de Pui Pane,Mâncăruri Gătite & Specialități,1,36.0,36.0
ORD-202608-01272,Restaurantul Nostru,Salată Grecească,Salate,1,34.0,34.0
ORD-202608-01272,Restaurantul Nostru,Salată Caesar cu Pui la Grătar,Salate,1,38.0,38.0
ORD-202608-01272,Restaurantul Nostru,Espresso Scurt / Lung Julius Meinl,Băuturi Răcoritoare & Cafea,1,12.0,12.0
ORD-202608-01273,Restaurantul Nostru,Clătite cu Finetti și Banane (2 buc),Desert,1,22.0,22.0
ORD-202608-01273,Restaurantul Nostru,Espresso Scurt / Lung Julius Meinl,Băuturi Răcoritoare & Cafea,1,12.0,12.0
ORD-202608-01274,Restaurantul Nostru,Sos Barbeque,Sosuri & Extra,2,6.0,12.0
ORD-202608-01274,Restaurantul Nostru,Mujdei de Usturoi Tradițional,Sosuri & Extra,1,5.0,5.0
ORD-202608-01275,Restaurantul Nostru,Cașcaval Pane Crocant,Aperitive & Gustări,1,28.0,28.0
ORD-202608-01275,Restaurantul Nostru,Platou Gustări Rece Tradiționale,Cârnați & Platouri,1,85.0,85.0
ORD-202608-01276,Restaurantul Nostru,Ștrudel de Mere cu Sos de Vanilie,Desert,1,25.0,25.0
ORD-202608-01276,Restaurantul Nostru,Sos Barbeque,Sosuri & Extra,1,6.0,6.0
ORD-202608-01276,Restaurantul Nostru,Papanași cu Smântână și Dulceață de Afine (2 buc),Desert,1,32.0,32.0
ORD-202608-01277,Restaurantul Nostru,Limonadă Proaspătă cu Miere și Mentă 0.5L,Băuturi Răcoritoare & Cafea,1,20.0,20.0
ORD-202608-01277,Restaurantul Nostru,Ceafă de Porc la Grătar,Preparate la Grătar & Mici,2,38.0,76.0
ORD-202608-01277,Restaurantul Nostru,Platou Cârnați Asortați,Cârnați & Platouri,1,95.0,95.0
ORD-202608-01277,Restaurantul Nostru,Salată de Ardei Copți,Salate,1,16.0,16.0
ORD-202608-01277,Restaurantul Nostru,Tochitură Moldovenească cu Mămăligă,Mâncăruri Gătite & Specialități,1,48.0,48.0
ORD-202608-01278,Restaurantul Nostru,Piept de Pui la Grătar,Preparate la Grătar & Mici,1,34.0,34.0
ORD-202608-01278,Restaurantul Nostru,Supă Cremă de Legume cu Crutoane,Ciorbe & Supe,1,22.0,22.0
ORD-202608-01278,Restaurantul Nostru,Iahnie de Fasole cu Bacon,Garnituri,1,16.0,16.0
ORD-202608-01278,Restaurantul Nostru,Cartofi Prăjiți cu Usturoi și Parmezan,Garnituri,1,18.0,18.0
ORD-202608-01278,Restaurantul Nostru,Pastramă de Oaie la Tigaie cu Mămăligă,Mâncăruri Gătite & Specialități,1,56.0,56.0
ORD-202608-01279,Restaurantul Nostru,Coș de Pâine de Casă,Sosuri & Extra,2,7.0,14.0
ORD-202608-01279,Restaurantul Nostru,Mici Românești de Vită-Porc (1 buc),Preparate la Grătar & Mici,1,7.5,7.5
ORD-202608-01279,Restaurantul Nostru,Burger Casei cu Cartofi Prăjiți,Mâncăruri Gătite & Specialități,1,49.0,49.0
ORD-202608-01280,Restaurantul Nostru,Lava Cake cu Înghețată de Vanilie,Desert,1,28.0,28.0
ORD-202608-01280,Restaurantul Nostru,Platou Gustări Rece Tradiționale,Cârnați & Platouri,1,85.0,85.0
ORD-202608-01281,Restaurantul Nostru,Ciolan de Porc Rumexit la Cuptor,Mâncăruri Gătite & Specialități,1,78.0,78.0
ORD-202608-01281,Restaurantul Nostru,Cașcaval Pane Crocant,Aperitive & Gustări,1,28.0,28.0
ORD-202608-01281,Restaurantul Nostru,Mici de Oaie și Vită (1 buc),Preparate la Grătar & Mici,1,8.5,8.5
ORD-202608-01281,Restaurantul Nostru,Sos Barbeque,Sosuri & Extra,1,6.0,6.0
ORD-202608-01282,Restaurantul Nostru,Mici Românești de Vită-Porc (1 buc),Preparate la Grătar & Mici,1,7.5,7.5
ORD-202608-01282,Restaurantul Nostru,Frigărui de Berbecuț,Preparate la Grătar & Mici,1,58.0,58.0
ORD-202608-01283,Restaurantul Nostru,Cașcaval Pane Crocant,Aperitive & Gustări,1,28.0,28.0
ORD-202608-01283,Restaurantul Nostru,Ciorbă de Burtiță Tradițională,Ciorbe & Supe,1,28.0,28.0
ORD-202608-01283,Restaurantul Nostru,Supă Cremă de Legume cu Crutoane,Ciorbe & Supe,1,22.0,22.0
ORD-202608-01284,Restaurantul Nostru,Salată de Ardei Copți,Salate,3,16.0,48.0
ORD-202608-01284,Restaurantul Nostru,Frigărui de Berbecuț,Preparate la Grătar & Mici,2,58.0,116.0
ORD-202608-01285,Restaurantul Nostru,Cârnați Picanți de Pleșcoi,Cârnați & Platouri,2,42.0,84.0
ORD-202608-01285,Restaurantul Nostru,Muștar Clasic,Sosuri & Extra,1,4.0,4.0
ORD-202608-01286,Restaurantul Nostru,Papanași cu Smântână și Dulceață de Afine (2 buc),Desert,1,32.0,32.0
ORD-202608-01286,Restaurantul Nostru,Salată Grecească,Salate,1,34.0,34.0
ORD-202608-01286,Restaurantul Nostru,Fasole Bătută cu Ceapă Călită,Aperitive & Gustări,1,20.0,20.0
ORD-202608-01286,Restaurantul Nostru,Platou Cârnați Asortați,Cârnați & Platouri,1,95.0,95.0
ORD-202608-01287,Restaurantul Nostru,Clătite cu Finetti și Banane (2 buc),Desert,2,22.0,44.0
ORD-202608-01287,Restaurantul Nostru,Platou Gustări Rece Tradiționale,Cârnați & Platouri,1,85.0,85.0
ORD-202608-01287,Restaurantul Nostru,Limonadă Proaspătă cu Miere și Mentă 0.5L,Băuturi Răcoritoare & Cafea,1,20.0,20.0
ORD-202608-01288,Restaurantul Nostru,Salată Grecească,Salate,2,34.0,68.0
ORD-202608-01288,Restaurantul Nostru,Piure de Cartofi cu Unt,Garnituri,1,16.0,16.0
ORD-202608-01288,Restaurantul Nostru,Ciorbă de Văcuță,Ciorbe & Supe,1,25.0,25.0
ORD-202608-01288,Restaurantul Nostru,Ciolan de Porc Rumexit la Cuptor,Mâncăruri Gătite & Specialități,1,78.0,78.0
ORD-202608-01289,Restaurantul Nostru,Salată de Vinete Coapte pe Plită,Aperitive & Gustări,1,24.0,24.0
ORD-202608-01289,Restaurantul Nostru,Mămăliguță Caldă,Garnituri,1,8.0,8.0
ORD-202608-01290,Restaurantul Nostru,Platou Cârnați Asortați,Cârnați & Platouri,1,95.0,95.0
ORD-202608-01290,Restaurantul Nostru,Șnițel Gigant de Pui Pane,Mâncăruri Gătite & Specialități,1,36.0,36.0
ORD-202608-01290,Restaurantul Nostru,Papanași cu Smântână și Dulceață de Afine (2 buc),Desert,1,32.0,32.0
ORD-202608-01290,Restaurantul Nostru,Espresso Scurt / Lung Julius Meinl,Băuturi Răcoritoare & Cafea,1,12.0,12.0
ORD-202608-01290,Restaurantul Nostru,Salată Grecească,Salate,2,34.0,68.0
ORD-202608-01291,Restaurantul Nostru,Ciorbă de Văcuță,Ciorbe & Supe,2,25.0,50.0
ORD-202608-01291,Restaurantul Nostru,Salată Caesar cu Pui la Grătar,Salate,1,38.0,38.0
ORD-202608-01291,Restaurantul Nostru,Șnițel Gigant de Pui Pane,Mâncăruri Gătite & Specialități,1,36.0,36.0
ORD-202608-01292,Restaurantul Nostru,Mujdei de Usturoi Tradițional,Sosuri & Extra,1,5.0,5.0
ORD-202608-01292,Restaurantul Nostru,Sarmale Românești în Foi de Varză (4 buc),Mâncăruri Gătite & Specialități,1,44.0,44.0
ORD-202608-01292,Restaurantul Nostru,Bere Heineken 0.33L,Băuturi Alcoolice & Bere,2,16.0,32.0
ORD-202608-01293,Restaurantul Nostru,Muștar Clasic,Sosuri & Extra,1,4.0,4.0
ORD-202608-01293,Restaurantul Nostru,Ciolan de Porc Rumexit la Cuptor,Mâncăruri Gătite & Specialități,1,78.0,78.0
ORD-202608-01293,Restaurantul Nostru,Ciorbă de Văcuță,Ciorbe & Supe,1,25.0,25.0
ORD-202608-01294,Restaurantul Nostru,Vin Purcari Rară Neagră Sticlă 0.75L,Băuturi Alcoolice & Bere,1,95.0,95.0
ORD-202608-01294,Restaurantul Nostru,Platou Cârnați Asortați,Cârnați & Platouri,1,95.0,95.0
ORD-202608-01294,Restaurantul Nostru,Cașcaval Pane Crocant,Aperitive & Gustări,2,28.0,56.0
ORD-202608-01294,Restaurantul Nostru,Pastramă de Oaie la Tigaie cu Mămăligă,Mâncăruri Gătite & Specialități,1,56.0,56.0
ORD-202608-01295,Restaurantul Nostru,Bulz Ardelenesc la Grătar,Aperitive & Gustări,1,32.0,32.0
ORD-202608-01295,Restaurantul Nostru,Ceafă de Porc la Grătar,Preparate la Grătar & Mici,1,38.0,38.0
ORD-202608-01295,Restaurantul Nostru,Apă Minerală / Plată Borsec 0.5L,Băuturi Răcoritoare & Cafea,1,10.0,10.0
ORD-202608-01296,Restaurantul Nostru,Papanași cu Smântână și Dulceață de Afine (2 buc),Desert,2,32.0,64.0
ORD-202608-01296,Restaurantul Nostru,Coca-Cola / Coca-Cola Zero 0.33L,Băuturi Răcoritoare & Cafea,1,12.0,12.0
ORD-202608-01296,Restaurantul Nostru,Varză Călită în Vin cu Chimen,Garnituri,3,15.0,45.0
ORD-202608-01296,Restaurantul Nostru,Salată de Murături Asortate,Salate,1,14.0,14.0
ORD-202608-01296,Restaurantul Nostru,Lava Cake cu Înghețată de Vanilie,Desert,1,28.0,28.0
ORD-202608-01297,Restaurantul Nostru,Espresso Scurt / Lung Julius Meinl,Băuturi Răcoritoare & Cafea,2,12.0,24.0
ORD-202608-01297,Restaurantul Nostru,Ciorbă Rădăuțeană de Pui,Ciorbe & Supe,1,26.0,26.0
ORD-202608-01298,Restaurantul Nostru,Pachet Vinul Casei Fetească Regală 1L,Băuturi Alcoolice & Bere,1,55.0,55.0
ORD-202608-01298,Restaurantul Nostru,Salată Grecească,Salate,2,34.0,68.0
ORD-202608-01298,Restaurantul Nostru,Salată de Ardei Copți,Salate,2,16.0,32.0
ORD-202608-01298,Restaurantul Nostru,Sos Barbeque,Sosuri & Extra,1,6.0,6.0
ORD-202608-01298,Restaurantul Nostru,Ciorbă Rădăuțeană de Pui,Ciorbe & Supe,1,26.0,26.0
ORD-202608-01299,Restaurantul Nostru,Ciorbă de Perișoare,Ciorbe & Supe,1,24.0,24.0
ORD-202608-01299,Restaurantul Nostru,Iahnie de Fasole cu Bacon,Garnituri,1,16.0,16.0
ORD-202608-01300,Restaurantul Nostru,Salată de Vinete Coapte pe Plită,Aperitive & Gustări,1,24.0,24.0
ORD-202608-01300,Restaurantul Nostru,Șnițel Gigant de Pui Pane,Mâncăruri Gătite & Specialități,1,36.0,36.0
ORD-202608-01301,Restaurantul Nostru,Sarmale Românești în Foi de Varză (4 buc),Mâncăruri Gătite & Specialități,2,44.0,88.0
ORD-202608-01301,Restaurantul Nostru,Mici de Oaie și Vită (1 buc),Preparate la Grătar & Mici,1,8.5,8.5
ORD-202608-01301,Restaurantul Nostru,Sos Barbeque,Sosuri & Extra,2,6.0,12.0
ORD-202608-01302,Restaurantul Nostru,Platou Gustări Rece Tradiționale,Cârnați & Platouri,1,85.0,85.0
ORD-202608-01302,Restaurantul Nostru,Limonadă Proaspătă cu Miere și Mentă 0.5L,Băuturi Răcoritoare & Cafea,1,20.0,20.0
ORD-202608-01303,Restaurantul Nostru,Sarmale Românești în Foi de Varză (4 buc),Mâncăruri Gătite & Specialități,2,44.0,88.0
ORD-202608-01303,Restaurantul Nostru,Ciorbă de Burtiță Tradițională,Ciorbe & Supe,1,28.0,28.0
ORD-202608-01303,Restaurantul Nostru,Iahnie de Fasole cu Bacon,Garnituri,1,16.0,16.0
ORD-202608-01303,Restaurantul Nostru,Espresso Scurt / Lung Julius Meinl,Băuturi Răcoritoare & Cafea,1,12.0,12.0
ORD-202608-01303,Restaurantul Nostru,Cârnați Picanți de Pleșcoi,Cârnați & Platouri,2,42.0,84.0
ORD-202608-01304,Restaurantul Nostru,Pachet Vinul Casei Fetească Regală 1L,Băuturi Alcoolice & Bere,1,55.0,55.0
ORD-202608-01304,Restaurantul Nostru,Platou Boieresc (2-3 persoane),Cârnați & Platouri,1,145.0,145.0
ORD-202608-01304,Restaurantul Nostru,Sos Barbeque,Sosuri & Extra,1,6.0,6.0
ORD-202608-01304,Restaurantul Nostru,Vin Purcari Rară Neagră Sticlă 0.75L,Băuturi Alcoolice & Bere,1,95.0,95.0
ORD-202608-01304,Restaurantul Nostru,Bulz Ardelenesc la Grătar,Aperitive & Gustări,2,32.0,64.0
ORD-202608-01305,Restaurantul Nostru,Smântână Proaspătă 20%,Sosuri & Extra,1,5.0,5.0
ORD-202608-01305,Restaurantul Nostru,Bulz Ardelenesc la Grătar,Aperitive & Gustări,2,32.0,64.0
ORD-202608-01306,Restaurantul Nostru,Piept de Pui la Grătar,Preparate la Grătar & Mici,2,34.0,68.0
ORD-202608-01306,Restaurantul Nostru,Limonadă Proaspătă cu Miere și Mentă 0.5L,Băuturi Răcoritoare & Cafea,1,20.0,20.0
ORD-202608-01307,Restaurantul Nostru,Pachet Vinul Casei Fetească Regală 1L,Băuturi Alcoolice & Bere,1,55.0,55.0
ORD-202608-01307,Restaurantul Nostru,Supă Cremă de Legume cu Crutoane,Ciorbe & Supe,2,22.0,44.0
ORD-202608-01307,Restaurantul Nostru,Ciorbă de Văcuță,Ciorbe & Supe,1,25.0,25.0
ORD-202608-01307,Restaurantul Nostru,Mămăliguță Caldă,Garnituri,1,8.0,8.0
ORD-202608-01308,Restaurantul Nostru,Espresso Scurt / Lung Julius Meinl,Băuturi Răcoritoare & Cafea,1,12.0,12.0
ORD-202608-01308,Restaurantul Nostru,Supă Cremă de Legume cu Crutoane,Ciorbe & Supe,1,22.0,22.0
ORD-202608-01308,Restaurantul Nostru,Platou Cârnați Asortați,Cârnați & Platouri,1,95.0,95.0
ORD-202608-01308,Restaurantul Nostru,Iahnie de Fasole cu Bacon,Garnituri,1,16.0,16.0
ORD-202608-01308,Restaurantul Nostru,Frăție de Mici & Cârnați,Preparate la Grătar & Mici,1,54.0,54.0
ORD-202608-01309,Restaurantul Nostru,Mici de Oaie și Vită (1 buc),Preparate la Grătar & Mici,1,8.5,8.5
ORD-202608-01309,Restaurantul Nostru,Frăție de Mici & Cârnați,Preparate la Grătar & Mici,3,54.0,162.0
ORD-202608-01309,Restaurantul Nostru,Bere Heineken 0.33L,Băuturi Alcoolice & Bere,1,16.0,16.0
ORD-202608-01310,Restaurantul Nostru,Lava Cake cu Înghețată de Vanilie,Desert,1,28.0,28.0
ORD-202608-01310,Restaurantul Nostru,Șnițel Gigant de Pui Pane,Mâncăruri Gătite & Specialități,1,36.0,36.0
ORD-202608-01310,Restaurantul Nostru,Smântână Proaspătă 20%,Sosuri & Extra,2,5.0,10.0
ORD-202608-01310,Restaurantul Nostru,Limonadă Proaspătă cu Miere și Mentă 0.5L,Băuturi Răcoritoare & Cafea,1,20.0,20.0
ORD-202608-01310,Restaurantul Nostru,Coș de Pâine de Casă,Sosuri & Extra,2,7.0,14.0
ORD-202608-01311,Restaurantul Nostru,Pastramă de Oaie la Tigaie cu Mămăligă,Mâncăruri Gătite & Specialități,2,56.0,112.0
ORD-202608-01311,Restaurantul Nostru,Iahnie de Fasole cu Bacon,Garnituri,1,16.0,16.0
ORD-202608-01311,Restaurantul Nostru,Pachet Vinul Casei Fetească Regală 1L,Băuturi Alcoolice & Bere,1,55.0,55.0
ORD-202608-01311,Restaurantul Nostru,Fasole Bătută cu Ceapă Călită,Aperitive & Gustări,1,20.0,20.0
ORD-202608-01311,Restaurantul Nostru,Șnițel Gigant de Pui Pane,Mâncăruri Gătite & Specialități,1,36.0,36.0
ORD-202608-01312,Restaurantul Nostru,Cârnați Picanți de Pleșcoi,Cârnați & Platouri,1,42.0,42.0
ORD-202608-01312,Restaurantul Nostru,Sarmale Românești în Foi de Varză (4 buc),Mâncăruri Gătite & Specialități,1,44.0,44.0
ORD-202608-01312,Restaurantul Nostru,Pastramă de Oaie la Tigaie cu Mămăligă,Mâncăruri Gătite & Specialități,1,56.0,56.0
ORD-202608-01312,Restaurantul Nostru,Cașcaval Pane Crocant,Aperitive & Gustări,2,28.0,56.0
ORD-202608-01313,Restaurantul Nostru,Lava Cake cu Înghețată de Vanilie,Desert,1,28.0,28.0
ORD-202608-01313,Restaurantul Nostru,Supă Cremă de Legume cu Crutoane,Ciorbe & Supe,1,22.0,22.0
ORD-202608-01313,Restaurantul Nostru,Salată de Vinete Coapte pe Plită,Aperitive & Gustări,1,24.0,24.0
ORD-202608-01313,Restaurantul Nostru,Vin Purcari Rară Neagră Sticlă 0.75L,Băuturi Alcoolice & Bere,1,95.0,95.0
ORD-202608-01313,Restaurantul Nostru,Ciolan de Porc Rumexit la Cuptor,Mâncăruri Gătite & Specialități,1,78.0,78.0
ORD-202608-01314,Restaurantul Nostru,Ciorbă Rădăuțeană de Pui,Ciorbe & Supe,1,26.0,26.0
ORD-202608-01314,Restaurantul Nostru,Supă Cremă de Legume cu Crutoane,Ciorbe & Supe,1,22.0,22.0
ORD-202608-01315,Restaurantul Nostru,Salată Grecească,Salate,1,34.0,34.0
ORD-202608-01315,Restaurantul Nostru,Iahnie de Fasole cu Bacon,Garnituri,2,16.0,32.0
ORD-202608-01315,Restaurantul Nostru,Bere Ciuc Premium la Draught 0.4L,Băuturi Alcoolice & Bere,1,14.0,14.0
ORD-202608-01315,Restaurantul Nostru,Mici Românești de Vită-Porc (1 buc),Preparate la Grătar & Mici,1,7.5,7.5
ORD-202608-01316,Restaurantul Nostru,Platou Gustări Rece Tradiționale,Cârnați & Platouri,1,85.0,85.0
ORD-202608-01316,Restaurantul Nostru,Cârnați Picanți de Pleșcoi,Cârnați & Platouri,1,42.0,42.0
ORD-202608-01316,Restaurantul Nostru,Cartofi Prăjiți cu Usturoi și Parmezan,Garnituri,1,18.0,18.0
ORD-202608-01317,Restaurantul Nostru,Limonadă Proaspătă cu Miere și Mentă 0.5L,Băuturi Răcoritoare & Cafea,2,20.0,40.0
ORD-202608-01317,Restaurantul Nostru,Salată de Murături Asortate,Salate,1,14.0,14.0
ORD-202608-01317,Restaurantul Nostru,Coca-Cola / Coca-Cola Zero 0.33L,Băuturi Răcoritoare & Cafea,1,12.0,12.0
ORD-202608-01317,Restaurantul Nostru,Fasole Bătută cu Ceapă Călită,Aperitive & Gustări,1,20.0,20.0
ORD-202608-01317,Restaurantul Nostru,Apă Minerală / Plată Borsec 0.5L,Băuturi Răcoritoare & Cafea,1,10.0,10.0
ORD-202608-01318,Restaurantul Nostru,Apă Minerală / Plată Borsec 0.5L,Băuturi Răcoritoare & Cafea,1,10.0,10.0
ORD-202608-01318,Restaurantul Nostru,Platou Boieresc (2-3 persoane),Cârnați & Platouri,1,145.0,145.0
ORD-202608-01318,Restaurantul Nostru,Piept de Pui la Grătar,Preparate la Grătar & Mici,2,34.0,68.0
ORD-202608-01319,Restaurantul Nostru,Mămăliguță Caldă,Garnituri,1,8.0,8.0
ORD-202608-01319,Restaurantul Nostru,Ștrudel de Mere cu Sos de Vanilie,Desert,1,25.0,25.0
ORD-202608-01320,Restaurantul Nostru,Bere Ciuc Premium la Draught 0.4L,Băuturi Alcoolice & Bere,1,14.0,14.0
ORD-202608-01320,Restaurantul Nostru,Frigărui de Berbecuț,Preparate la Grătar & Mici,1,58.0,58.0
ORD-202608-01320,Restaurantul Nostru,Ciorbă de Văcuță,Ciorbe & Supe,1,25.0,25.0
ORD-202608-01321,Restaurantul Nostru,Varză Călită în Vin cu Chimen,Garnituri,2,15.0,30.0
ORD-202608-01321,Restaurantul Nostru,Salată de Vinete Coapte pe Plită,Aperitive & Gustări,1,24.0,24.0
ORD-202608-01321,Restaurantul Nostru,Mujdei de Usturoi Tradițional,Sosuri & Extra,1,5.0,5.0
ORD-202608-01321,Restaurantul Nostru,Ciorbă Rădăuțeană de Pui,Ciorbe & Supe,1,26.0,26.0
ORD-202608-01321,Restaurantul Nostru,Cârnați Picanți de Pleșcoi,Cârnați & Platouri,1,42.0,42.0
ORD-202608-01322,Restaurantul Nostru,Papanași cu Smântână și Dulceață de Afine (2 buc),Desert,1,32.0,32.0
ORD-202608-01322,Restaurantul Nostru,Salată Caesar cu Pui la Grătar,Salate,1,38.0,38.0
ORD-202608-01323,Restaurantul Nostru,Iahnie de Fasole cu Bacon,Garnituri,1,16.0,16.0
ORD-202608-01323,Restaurantul Nostru,Bere Heineken 0.33L,Băuturi Alcoolice & Bere,1,16.0,16.0
ORD-202608-01323,Restaurantul Nostru,Clătite cu Finetti și Banane (2 buc),Desert,1,22.0,22.0
ORD-202608-01324,Restaurantul Nostru,Ciorbă de Burtiță Tradițională,Ciorbe & Supe,1,28.0,28.0
ORD-202608-01324,Restaurantul Nostru,Vin Purcari Rară Neagră Sticlă 0.75L,Băuturi Alcoolice & Bere,1,95.0,95.0
ORD-202608-01324,Restaurantul Nostru,Șnițel Gigant de Pui Pane,Mâncăruri Gătite & Specialități,2,36.0,72.0
ORD-202608-01324,Restaurantul Nostru,Mujdei de Usturoi Tradițional,Sosuri & Extra,1,5.0,5.0
ORD-202608-01325,Restaurantul Nostru,Ciorbă de Perișoare,Ciorbe & Supe,1,24.0,24.0
ORD-202608-01325,Restaurantul Nostru,Coș de Pâine de Casă,Sosuri & Extra,1,7.0,7.0
ORD-202608-01325,Restaurantul Nostru,Clătite cu Finetti și Banane (2 buc),Desert,1,22.0,22.0
ORD-202608-01325,Restaurantul Nostru,Varză Călită în Vin cu Chimen,Garnituri,1,15.0,15.0
ORD-202608-01326,Restaurantul Nostru,Mujdei de Usturoi Tradițional,Sosuri & Extra,1,5.0,5.0
ORD-202608-01326,Restaurantul Nostru,Țuică de Prune Ardelenească 50ml,Băuturi Alcoolice & Bere,2,18.0,36.0
ORD-202608-01326,Restaurantul Nostru,Mici Românești de Vită-Porc (1 buc),Preparate la Grătar & Mici,1,7.5,7.5
ORD-202608-01327,Restaurantul Nostru,Cârnați Picanți de Pleșcoi,Cârnați & Platouri,1,42.0,42.0
ORD-202608-01327,Restaurantul Nostru,Burger Casei cu Cartofi Prăjiți,Mâncăruri Gătite & Specialități,1,49.0,49.0
ORD-202608-01328,Restaurantul Nostru,Bere Ciuc Premium la Draught 0.4L,Băuturi Alcoolice & Bere,1,14.0,14.0
ORD-202608-01328,Restaurantul Nostru,Bere Nepasteurizată Zăganu 0.5L,Băuturi Alcoolice & Bere,1,22.0,22.0
ORD-202608-01328,Restaurantul Nostru,Muștar Clasic,Sosuri & Extra,1,4.0,4.0
ORD-202608-01329,Restaurantul Nostru,Cartofi Prăjiți cu Usturoi și Parmezan,Garnituri,1,18.0,18.0
ORD-202608-01329,Restaurantul Nostru,Smântână Proaspătă 20%,Sosuri & Extra,1,5.0,5.0
ORD-202608-01330,Restaurantul Nostru,Salată Grecească,Salate,1,34.0,34.0
ORD-202608-01330,Restaurantul Nostru,Iahnie de Fasole cu Bacon,Garnituri,1,16.0,16.0
ORD-202608-01330,Restaurantul Nostru,Salată de Murături Asortate,Salate,1,14.0,14.0
ORD-202608-01330,Restaurantul Nostru,Piept de Pui la Grătar,Preparate la Grătar & Mici,2,34.0,68.0
ORD-202608-01331,Restaurantul Nostru,Papanași cu Smântână și Dulceață de Afine (2 buc),Desert,1,32.0,32.0
ORD-202608-01331,Restaurantul Nostru,Ciolan de Porc Rumexit la Cuptor,Mâncăruri Gătite & Specialități,1,78.0,78.0
ORD-202608-01332,Restaurantul Nostru,Frăție de Mici & Cârnați,Preparate la Grătar & Mici,1,54.0,54.0
ORD-202608-01332,Restaurantul Nostru,Lava Cake cu Înghețată de Vanilie,Desert,1,28.0,28.0
ORD-202608-01332,Restaurantul Nostru,Bulz Ardelenesc la Grătar,Aperitive & Gustări,1,32.0,32.0
ORD-202608-01333,Restaurantul Nostru,Bere Heineken 0.33L,Băuturi Alcoolice & Bere,1,16.0,16.0
ORD-202608-01333,Restaurantul Nostru,Ștrudel de Mere cu Sos de Vanilie,Desert,1,25.0,25.0
ORD-202608-01334,Restaurantul Nostru,Bulz Ardelenesc la Grătar,Aperitive & Gustări,1,32.0,32.0
ORD-202608-01334,Restaurantul Nostru,Iahnie de Fasole cu Bacon,Garnituri,1,16.0,16.0
ORD-202608-01335,Restaurantul Nostru,Supă Cremă de Legume cu Crutoane,Ciorbe & Supe,1,22.0,22.0
ORD-202608-01335,Restaurantul Nostru,Sos Barbeque,Sosuri & Extra,1,6.0,6.0
ORD-202608-01335,Restaurantul Nostru,Espresso Scurt / Lung Julius Meinl,Băuturi Răcoritoare & Cafea,1,12.0,12.0
ORD-202608-01335,Restaurantul Nostru,Mujdei de Usturoi Tradițional,Sosuri & Extra,1,5.0,5.0
ORD-202608-01335,Restaurantul Nostru,Salată Caesar cu Pui la Grătar,Salate,1,38.0,38.0
ORD-202608-01336,Restaurantul Nostru,Ciolan de Porc Rumexit la Cuptor,Mâncăruri Gătite & Specialități,1,78.0,78.0
ORD-202608-01336,Restaurantul Nostru,Tochitură Moldovenească cu Mămăligă,Mâncăruri Gătite & Specialități,1,48.0,48.0
ORD-202608-01337,Restaurantul Nostru,Frăție de Mici & Cârnați,Preparate la Grătar & Mici,1,54.0,54.0
ORD-202608-01337,Restaurantul Nostru,Mămăliguță Caldă,Garnituri,1,8.0,8.0
ORD-202608-01337,Restaurantul Nostru,Bulz Ardelenesc la Grătar,Aperitive & Gustări,1,32.0,32.0
ORD-202608-01338,Restaurantul Nostru,Papanași cu Smântână și Dulceață de Afine (2 buc),Desert,1,32.0,32.0
ORD-202608-01338,Restaurantul Nostru,Clătite cu Finetti și Banane (2 buc),Desert,1,22.0,22.0
ORD-202608-01338,Restaurantul Nostru,Salată de Ardei Copți,Salate,2,16.0,32.0
ORD-202608-01338,Restaurantul Nostru,Pachet Vinul Casei Fetească Regală 1L,Băuturi Alcoolice & Bere,2,55.0,110.0
ORD-202608-01338,Restaurantul Nostru,Smântână Proaspătă 20%,Sosuri & Extra,1,5.0,5.0
ORD-202608-01339,Restaurantul Nostru,Ciolan de Porc Rumexit la Cuptor,Mâncăruri Gătite & Specialități,1,78.0,78.0
ORD-202608-01339,Restaurantul Nostru,Platou Gustări Rece Tradiționale,Cârnați & Platouri,2,85.0,170.0
ORD-202608-01339,Restaurantul Nostru,Fasole Bătută cu Ceapă Călită,Aperitive & Gustări,1,20.0,20.0
ORD-202608-01339,Restaurantul Nostru,Ceafă de Porc la Grătar,Preparate la Grătar & Mici,2,38.0,76.0
ORD-202608-01339,Restaurantul Nostru,Platou Boieresc (2-3 persoane),Cârnați & Platouri,1,145.0,145.0
ORD-202608-01340,Restaurantul Nostru,Ceafă de Porc la Grătar,Preparate la Grătar & Mici,2,38.0,76.0
ORD-202608-01340,Restaurantul Nostru,Bulz Ardelenesc la Grătar,Aperitive & Gustări,1,32.0,32.0
ORD-202608-01340,Restaurantul Nostru,Cârnați Picanți de Pleșcoi,Cârnați & Platouri,1,42.0,42.0
ORD-202608-01340,Restaurantul Nostru,Burger Casei cu Cartofi Prăjiți,Mâncăruri Gătite & Specialități,1,49.0,49.0
ORD-202608-01341,Restaurantul Nostru,Ciorbă de Perișoare,Ciorbe & Supe,1,24.0,24.0
ORD-202608-01341,Restaurantul Nostru,Papanași cu Smântână și Dulceață de Afine (2 buc),Desert,1,32.0,32.0
ORD-202608-01341,Restaurantul Nostru,Burger Casei cu Cartofi Prăjiți,Mâncăruri Gătite & Specialități,1,49.0,49.0
ORD-202608-01341,Restaurantul Nostru,Cașcaval Pane Crocant,Aperitive & Gustări,2,28.0,56.0
ORD-202608-01341,Restaurantul Nostru,Frăție de Mici & Cârnați,Preparate la Grătar & Mici,1,54.0,54.0
ORD-202608-01342,Restaurantul Nostru,Cârnați Picanți de Pleșcoi,Cârnați & Platouri,1,42.0,42.0
ORD-202608-01342,Restaurantul Nostru,Vin Purcari Rară Neagră Sticlă 0.75L,Băuturi Alcoolice & Bere,3,95.0,285.0
ORD-202608-01342,Restaurantul Nostru,Ciorbă de Văcuță,Ciorbe & Supe,1,25.0,25.0
ORD-202608-01343,Restaurantul Nostru,Salată Caesar cu Pui la Grătar,Salate,2,38.0,76.0
ORD-202608-01343,Restaurantul Nostru,Ciorbă de Văcuță,Ciorbe & Supe,1,25.0,25.0
ORD-202608-01343,Restaurantul Nostru,Sos Barbeque,Sosuri & Extra,1,6.0,6.0
ORD-202608-01344,Restaurantul Nostru,Lava Cake cu Înghețată de Vanilie,Desert,1,28.0,28.0
ORD-202608-01344,Restaurantul Nostru,Vin Purcari Rară Neagră Sticlă 0.75L,Băuturi Alcoolice & Bere,1,95.0,95.0
ORD-202608-01344,Restaurantul Nostru,Mici Românești de Vită-Porc (1 buc),Preparate la Grătar & Mici,1,7.5,7.5
ORD-202608-01344,Restaurantul Nostru,Bere Nepasteurizată Zăganu 0.5L,Băuturi Alcoolice & Bere,1,22.0,22.0
ORD-202608-01344,Restaurantul Nostru,Salată Caesar cu Pui la Grătar,Salate,2,38.0,76.0
ORD-202608-01345,Restaurantul Nostru,Salată de Vinete Coapte pe Plită,Aperitive & Gustări,1,24.0,24.0
ORD-202608-01345,Restaurantul Nostru,Cașcaval Pane Crocant,Aperitive & Gustări,2,28.0,56.0
ORD-202608-01345,Restaurantul Nostru,Espresso Scurt / Lung Julius Meinl,Băuturi Răcoritoare & Cafea,1,12.0,12.0
ORD-202608-01345,Restaurantul Nostru,Salată Caesar cu Pui la Grătar,Salate,1,38.0,38.0
ORD-202608-01345,Restaurantul Nostru,Clătite cu Finetti și Banane (2 buc),Desert,1,22.0,22.0
ORD-202608-01346,Restaurantul Nostru,Smântână Proaspătă 20%,Sosuri & Extra,1,5.0,5.0
ORD-202608-01346,Restaurantul Nostru,Muștar Clasic,Sosuri & Extra,3,4.0,12.0
ORD-202608-01346,Restaurantul Nostru,Iahnie de Fasole cu Bacon,Garnituri,1,16.0,16.0
ORD-202608-01346,Restaurantul Nostru,Apă Minerală / Plată Borsec 0.5L,Băuturi Răcoritoare & Cafea,1,10.0,10.0
ORD-202608-01347,Restaurantul Nostru,Țuică de Prune Ardelenească 50ml,Băuturi Alcoolice & Bere,1,18.0,18.0
ORD-202608-01347,Restaurantul Nostru,Cârnați Picanți de Pleșcoi,Cârnați & Platouri,1,42.0,42.0
ORD-202608-01347,Restaurantul Nostru,Pastramă de Oaie la Tigaie cu Mămăligă,Mâncăruri Gătite & Specialități,1,56.0,56.0
ORD-202608-01347,Restaurantul Nostru,Lava Cake cu Înghețată de Vanilie,Desert,2,28.0,56.0
ORD-202608-01348,Restaurantul Nostru,Fasole Bătută cu Ceapă Călită,Aperitive & Gustări,1,20.0,20.0
ORD-202608-01348,Restaurantul Nostru,Piept de Pui la Grătar,Preparate la Grătar & Mici,1,34.0,34.0
ORD-202608-01348,Restaurantul Nostru,Clătite cu Finetti și Banane (2 buc),Desert,1,22.0,22.0
ORD-202608-01348,Restaurantul Nostru,Ciorbă de Văcuță,Ciorbe & Supe,1,25.0,25.0
ORD-202608-01348,Restaurantul Nostru,Varză Călită în Vin cu Chimen,Garnituri,1,15.0,15.0
ORD-202608-01349,Restaurantul Nostru,Pachet Vinul Casei Fetească Regală 1L,Băuturi Alcoolice & Bere,1,55.0,55.0
ORD-202608-01349,Restaurantul Nostru,Varză Călită în Vin cu Chimen,Garnituri,2,15.0,30.0
ORD-202608-01350,Restaurantul Nostru,Frăție de Mici & Cârnați,Preparate la Grătar & Mici,2,54.0,108.0
ORD-202608-01350,Restaurantul Nostru,Salată de Ardei Copți,Salate,1,16.0,16.0
ORD-202608-01350,Restaurantul Nostru,Vin Purcari Rară Neagră Sticlă 0.75L,Băuturi Alcoolice & Bere,3,95.0,285.0
ORD-202608-01351,Restaurantul Nostru,Piept de Pui la Grătar,Preparate la Grătar & Mici,1,34.0,34.0
ORD-202608-01351,Restaurantul Nostru,Sos Barbeque,Sosuri & Extra,1,6.0,6.0
ORD-202608-01351,Restaurantul Nostru,Ciorbă de Perișoare,Ciorbe & Supe,1,24.0,24.0
ORD-202608-01351,Restaurantul Nostru,Supă Cremă de Legume cu Crutoane,Ciorbe & Supe,1,22.0,22.0
ORD-202608-01352,Restaurantul Nostru,Fasole Bătută cu Ceapă Călită,Aperitive & Gustări,1,20.0,20.0
ORD-202608-01352,Restaurantul Nostru,Burger Casei cu Cartofi Prăjiți,Mâncăruri Gătite & Specialități,1,49.0,49.0
ORD-202608-01352,Restaurantul Nostru,Mici de Oaie și Vită (1 buc),Preparate la Grătar & Mici,1,8.5,8.5
ORD-202608-01353,Restaurantul Nostru,Pachet Vinul Casei Fetească Regală 1L,Băuturi Alcoolice & Bere,1,55.0,55.0
ORD-202608-01353,Restaurantul Nostru,Bere Ciuc Premium la Draught 0.4L,Băuturi Alcoolice & Bere,1,14.0,14.0
ORD-202608-01353,Restaurantul Nostru,Sos Barbeque,Sosuri & Extra,1,6.0,6.0
ORD-202608-01354,Restaurantul Nostru,Vin Purcari Rară Neagră Sticlă 0.75L,Băuturi Alcoolice & Bere,1,95.0,95.0
ORD-202608-01354,Restaurantul Nostru,Ciorbă de Văcuță,Ciorbe & Supe,1,25.0,25.0
ORD-202608-01354,Restaurantul Nostru,Mici Românești de Vită-Porc (1 buc),Preparate la Grătar & Mici,1,7.5,7.5
ORD-202608-01354,Restaurantul Nostru,Supă Cremă de Legume cu Crutoane,Ciorbe & Supe,1,22.0,22.0
ORD-202608-01355,Restaurantul Nostru,Fasole Bătută cu Ceapă Călită,Aperitive & Gustări,1,20.0,20.0
ORD-202608-01355,Restaurantul Nostru,Muștar Clasic,Sosuri & Extra,1,4.0,4.0
ORD-202608-01356,Restaurantul Nostru,Ștrudel de Mere cu Sos de Vanilie,Desert,1,25.0,25.0
ORD-202608-01356,Restaurantul Nostru,Burger Casei cu Cartofi Prăjiți,Mâncăruri Gătite & Specialități,3,49.0,147.0
ORD-202608-01357,Restaurantul Nostru,Ciorbă de Perișoare,Ciorbe & Supe,1,24.0,24.0
ORD-202608-01357,Restaurantul Nostru,Burger Casei cu Cartofi Prăjiți,Mâncăruri Gătite & Specialități,1,49.0,49.0
ORD-202608-01358,Restaurantul Nostru,Ciorbă de Burtiță Tradițională,Ciorbe & Supe,1,28.0,28.0
ORD-202608-01358,Restaurantul Nostru,Coca-Cola / Coca-Cola Zero 0.33L,Băuturi Răcoritoare & Cafea,1,12.0,12.0
ORD-202608-01359,Restaurantul Nostru,Piept de Pui la Grătar,Preparate la Grătar & Mici,2,34.0,68.0
ORD-202608-01359,Restaurantul Nostru,Platou Gustări Rece Tradiționale,Cârnați & Platouri,1,85.0,85.0
ORD-202608-01359,Restaurantul Nostru,Salată Caesar cu Pui la Grătar,Salate,1,38.0,38.0
ORD-202608-01359,Restaurantul Nostru,Muștar Clasic,Sosuri & Extra,1,4.0,4.0
ORD-202608-01360,Restaurantul Nostru,Salată de Ardei Copți,Salate,1,16.0,16.0
ORD-202608-01360,Restaurantul Nostru,Bere Nepasteurizată Zăganu 0.5L,Băuturi Alcoolice & Bere,1,22.0,22.0
ORD-202608-01360,Restaurantul Nostru,Țuică de Prune Ardelenească 50ml,Băuturi Alcoolice & Bere,1,18.0,18.0
ORD-202608-01360,Restaurantul Nostru,Varză Călită în Vin cu Chimen,Garnituri,1,15.0,15.0
ORD-202608-01361,Restaurantul Nostru,Salată de Ardei Copți,Salate,1,16.0,16.0
ORD-202608-01361,Restaurantul Nostru,Lava Cake cu Înghețată de Vanilie,Desert,1,28.0,28.0
ORD-202608-01361,Restaurantul Nostru,Fasole Bătută cu Ceapă Călită,Aperitive & Gustări,1,20.0,20.0
ORD-202608-01362,Restaurantul Nostru,Papanași cu Smântână și Dulceață de Afine (2 buc),Desert,1,32.0,32.0
ORD-202608-01362,Restaurantul Nostru,Sos Barbeque,Sosuri & Extra,1,6.0,6.0
ORD-202608-01362,Restaurantul Nostru,Mămăliguță Caldă,Garnituri,1,8.0,8.0
ORD-202608-01362,Restaurantul Nostru,Salată de Murături Asortate,Salate,1,14.0,14.0
ORD-202608-01362,Restaurantul Nostru,Platou Boieresc (2-3 persoane),Cârnați & Platouri,2,145.0,290.0
ORD-202608-01363,Restaurantul Nostru,Vin Purcari Rară Neagră Sticlă 0.75L,Băuturi Alcoolice & Bere,1,95.0,95.0
ORD-202608-01363,Restaurantul Nostru,Piept de Pui la Grătar,Preparate la Grătar & Mici,1,34.0,34.0
ORD-202608-01363,Restaurantul Nostru,Bere Heineken 0.33L,Băuturi Alcoolice & Bere,1,16.0,16.0
ORD-202608-01363,Restaurantul Nostru,Mici de Oaie și Vită (1 buc),Preparate la Grătar & Mici,1,8.5,8.5
ORD-202608-01364,Restaurantul Nostru,Platou Boieresc (2-3 persoane),Cârnați & Platouri,1,145.0,145.0
ORD-202608-01364,Restaurantul Nostru,Platou Gustări Rece Tradiționale,Cârnați & Platouri,1,85.0,85.0
ORD-202608-01364,Restaurantul Nostru,Supă Cremă de Legume cu Crutoane,Ciorbe & Supe,1,22.0,22.0
ORD-202608-01364,Restaurantul Nostru,Varză Călită în Vin cu Chimen,Garnituri,2,15.0,30.0
ORD-202608-01364,Restaurantul Nostru,Salată Grecească,Salate,1,34.0,34.0
ORD-202608-01365,Restaurantul Nostru,Papanași cu Smântână și Dulceață de Afine (2 buc),Desert,1,32.0,32.0
ORD-202608-01365,Restaurantul Nostru,Mămăliguță Caldă,Garnituri,1,8.0,8.0
ORD-202608-01365,Restaurantul Nostru,Espresso Scurt / Lung Julius Meinl,Băuturi Răcoritoare & Cafea,1,12.0,12.0
ORD-202608-01366,Restaurantul Nostru,Iahnie de Fasole cu Bacon,Garnituri,1,16.0,16.0
ORD-202608-01366,Restaurantul Nostru,Ciolan de Porc Rumexit la Cuptor,Mâncăruri Gătite & Specialități,1,78.0,78.0
ORD-202608-01367,Restaurantul Nostru,Coca-Cola / Coca-Cola Zero 0.33L,Băuturi Răcoritoare & Cafea,1,12.0,12.0
ORD-202608-01367,Restaurantul Nostru,Sos Barbeque,Sosuri & Extra,1,6.0,6.0
ORD-202608-01367,Restaurantul Nostru,Ciolan de Porc Rumexit la Cuptor,Mâncăruri Gătite & Specialități,1,78.0,78.0
ORD-202608-01367,Restaurantul Nostru,Ciorbă de Văcuță,Ciorbe & Supe,1,25.0,25.0
ORD-202608-01367,Restaurantul Nostru,Salată de Vinete Coapte pe Plită,Aperitive & Gustări,3,24.0,72.0
ORD-202608-01368,Restaurantul Nostru,Papanași cu Smântână și Dulceață de Afine (2 buc),Desert,1,32.0,32.0
ORD-202608-01368,Restaurantul Nostru,Fasole Bătută cu Ceapă Călită,Aperitive & Gustări,1,20.0,20.0
ORD-202608-01368,Restaurantul Nostru,Cappuccino cu Spumă de Lapte,Băuturi Răcoritoare & Cafea,1,15.0,15.0
ORD-202608-01368,Restaurantul Nostru,Sos Barbeque,Sosuri & Extra,2,6.0,12.0
ORD-202608-01368,Restaurantul Nostru,Salată Caesar cu Pui la Grătar,Salate,1,38.0,38.0
ORD-202608-01369,Restaurantul Nostru,Coș de Pâine de Casă,Sosuri & Extra,1,7.0,7.0
ORD-202608-01369,Restaurantul Nostru,Iahnie de Fasole cu Bacon,Garnituri,1,16.0,16.0
ORD-202608-01369,Restaurantul Nostru,Vin Purcari Rară Neagră Sticlă 0.75L,Băuturi Alcoolice & Bere,1,95.0,95.0
ORD-202608-01369,Restaurantul Nostru,Bere Heineken 0.33L,Băuturi Alcoolice & Bere,2,16.0,32.0
ORD-202608-01370,Restaurantul Nostru,Pachet Vinul Casei Fetească Regală 1L,Băuturi Alcoolice & Bere,1,55.0,55.0
ORD-202608-01370,Restaurantul Nostru,Iahnie de Fasole cu Bacon,Garnituri,1,16.0,16.0
ORD-202608-01371,Restaurantul Nostru,Ceafă de Porc la Grătar,Preparate la Grătar & Mici,1,38.0,38.0
ORD-202608-01371,Restaurantul Nostru,Varză Călită în Vin cu Chimen,Garnituri,1,15.0,15.0
ORD-202608-01371,Restaurantul Nostru,Șnițel Gigant de Pui Pane,Mâncăruri Gătite & Specialități,1,36.0,36.0
ORD-202608-01372,Restaurantul Nostru,Varză Călită în Vin cu Chimen,Garnituri,1,15.0,15.0
ORD-202608-01372,Restaurantul Nostru,Ciorbă Rădăuțeană de Pui,Ciorbe & Supe,1,26.0,26.0
ORD-202608-01373,Restaurantul Nostru,Coș de Pâine de Casă,Sosuri & Extra,1,7.0,7.0
ORD-202608-01373,Restaurantul Nostru,Papanași cu Smântână și Dulceață de Afine (2 buc),Desert,1,32.0,32.0
ORD-202608-01373,Restaurantul Nostru,Sarmale Românești în Foi de Varză (4 buc),Mâncăruri Gătite & Specialități,1,44.0,44.0
ORD-202608-01374,Restaurantul Nostru,Ciorbă de Văcuță,Ciorbe & Supe,1,25.0,25.0
ORD-202608-01374,Restaurantul Nostru,Tochitură Moldovenească cu Mămăligă,Mâncăruri Gătite & Specialități,1,48.0,48.0
ORD-202608-01375,Restaurantul Nostru,Apă Minerală / Plată Borsec 0.5L,Băuturi Răcoritoare & Cafea,1,10.0,10.0
ORD-202608-01375,Restaurantul Nostru,Bere Ciuc Premium la Draught 0.4L,Băuturi Alcoolice & Bere,1,14.0,14.0
ORD-202608-01375,Restaurantul Nostru,Bere Nepasteurizată Zăganu 0.5L,Băuturi Alcoolice & Bere,1,22.0,22.0
ORD-202608-01376,Restaurantul Nostru,Salată de Ardei Copți,Salate,1,16.0,16.0
ORD-202608-01376,Restaurantul Nostru,Sarmale Românești în Foi de Varză (4 buc),Mâncăruri Gătite & Specialități,3,44.0,132.0
ORD-202608-01376,Restaurantul Nostru,Salată de Vinete Coapte pe Plită,Aperitive & Gustări,1,24.0,24.0
ORD-202608-01377,Restaurantul Nostru,Frăție de Mici & Cârnați,Preparate la Grătar & Mici,1,54.0,54.0
ORD-202608-01377,Restaurantul Nostru,Pastramă de Oaie la Tigaie cu Mămăligă,Mâncăruri Gătite & Specialități,1,56.0,56.0
ORD-202608-01378,Restaurantul Nostru,Vin Purcari Rară Neagră Sticlă 0.75L,Băuturi Alcoolice & Bere,1,95.0,95.0
ORD-202608-01378,Restaurantul Nostru,Salată Caesar cu Pui la Grătar,Salate,1,38.0,38.0
ORD-202608-01378,Restaurantul Nostru,Smântână Proaspătă 20%,Sosuri & Extra,1,5.0,5.0
ORD-202608-01378,Restaurantul Nostru,Piure de Cartofi cu Unt,Garnituri,1,16.0,16.0
ORD-202608-01378,Restaurantul Nostru,Bere Heineken 0.33L,Băuturi Alcoolice & Bere,1,16.0,16.0
ORD-202608-01379,Restaurantul Nostru,Ciorbă de Burtiță Tradițională,Ciorbe & Supe,1,28.0,28.0
ORD-202608-01379,Restaurantul Nostru,Bere Heineken 0.33L,Băuturi Alcoolice & Bere,1,16.0,16.0
ORD-202608-01379,Restaurantul Nostru,Șnițel Gigant de Pui Pane,Mâncăruri Gătite & Specialități,1,36.0,36.0
ORD-202608-01379,Restaurantul Nostru,Salată de Ardei Copți,Salate,2,16.0,32.0
ORD-202608-01380,Restaurantul Nostru,Bere Ciuc Premium la Draught 0.4L,Băuturi Alcoolice & Bere,2,14.0,28.0
ORD-202608-01380,Restaurantul Nostru,Ciorbă Rădăuțeană de Pui,Ciorbe & Supe,1,26.0,26.0
ORD-202608-01380,Restaurantul Nostru,Vin Purcari Rară Neagră Sticlă 0.75L,Băuturi Alcoolice & Bere,1,95.0,95.0
ORD-202608-01380,Restaurantul Nostru,Ciorbă de Perișoare,Ciorbe & Supe,1,24.0,24.0
ORD-202608-01380,Restaurantul Nostru,Cașcaval Pane Crocant,Aperitive & Gustări,1,28.0,28.0
ORD-202608-01381,Restaurantul Nostru,Coș de Pâine de Casă,Sosuri & Extra,1,7.0,7.0
ORD-202608-01381,Restaurantul Nostru,Platou Cârnați Asortați,Cârnați & Platouri,2,95.0,190.0
ORD-202608-01381,Restaurantul Nostru,Ciorbă Rădăuțeană de Pui,Ciorbe & Supe,1,26.0,26.0
ORD-202608-01382,Restaurantul Nostru,Platou Cârnați Asortați,Cârnați & Platouri,1,95.0,95.0
ORD-202608-01382,Restaurantul Nostru,Platou Boieresc (2-3 persoane),Cârnați & Platouri,1,145.0,145.0
ORD-202608-01383,Restaurantul Nostru,Pachet Vinul Casei Fetească Regală 1L,Băuturi Alcoolice & Bere,1,55.0,55.0
ORD-202608-01383,Restaurantul Nostru,Platou Gustări Rece Tradiționale,Cârnați & Platouri,1,85.0,85.0
ORD-202608-01384,Restaurantul Nostru,Piure de Cartofi cu Unt,Garnituri,1,16.0,16.0
ORD-202608-01384,Restaurantul Nostru,Limonadă Proaspătă cu Miere și Mentă 0.5L,Băuturi Răcoritoare & Cafea,1,20.0,20.0
ORD-202608-01384,Restaurantul Nostru,Apă Minerală / Plată Borsec 0.5L,Băuturi Răcoritoare & Cafea,1,10.0,10.0
ORD-202608-01384,Restaurantul Nostru,Burger Casei cu Cartofi Prăjiți,Mâncăruri Gătite & Specialități,1,49.0,49.0
ORD-202608-01384,Restaurantul Nostru,Șnițel Gigant de Pui Pane,Mâncăruri Gătite & Specialități,3,36.0,108.0
ORD-202608-01385,Restaurantul Nostru,Ștrudel de Mere cu Sos de Vanilie,Desert,1,25.0,25.0
ORD-202608-01385,Restaurantul Nostru,Pastramă de Oaie la Tigaie cu Mămăligă,Mâncăruri Gătite & Specialități,1,56.0,56.0
ORD-202608-01386,Restaurantul Nostru,Apă Minerală / Plată Borsec 0.5L,Băuturi Răcoritoare & Cafea,1,10.0,10.0
ORD-202608-01386,Restaurantul Nostru,Clătite cu Finetti și Banane (2 buc),Desert,1,22.0,22.0
ORD-202608-01386,Restaurantul Nostru,Cappuccino cu Spumă de Lapte,Băuturi Răcoritoare & Cafea,1,15.0,15.0
ORD-202608-01386,Restaurantul Nostru,Ciorbă Rădăuțeană de Pui,Ciorbe & Supe,1,26.0,26.0
ORD-202608-01387,Restaurantul Nostru,Papanași cu Smântână și Dulceață de Afine (2 buc),Desert,1,32.0,32.0
ORD-202608-01387,Restaurantul Nostru,Coca-Cola / Coca-Cola Zero 0.33L,Băuturi Răcoritoare & Cafea,1,12.0,12.0
ORD-202608-01387,Restaurantul Nostru,Sarmale Românești în Foi de Varză (4 buc),Mâncăruri Gătite & Specialități,2,44.0,88.0
ORD-202608-01387,Restaurantul Nostru,Șnițel Gigant de Pui Pane,Mâncăruri Gătite & Specialități,2,36.0,72.0
ORD-202608-01388,Restaurantul Nostru,Piept de Pui la Grătar,Preparate la Grătar & Mici,2,34.0,68.0
ORD-202608-01388,Restaurantul Nostru,Cappuccino cu Spumă de Lapte,Băuturi Răcoritoare & Cafea,1,15.0,15.0
ORD-202608-01388,Restaurantul Nostru,Cartofi Prăjiți cu Usturoi și Parmezan,Garnituri,1,18.0,18.0
ORD-202608-01388,Restaurantul Nostru,Ciolan de Porc Rumexit la Cuptor,Mâncăruri Gătite & Specialități,1,78.0,78.0
ORD-202608-01388,Restaurantul Nostru,Iahnie de Fasole cu Bacon,Garnituri,2,16.0,32.0
ORD-202608-01389,Restaurantul Nostru,Ceafă de Porc la Grătar,Preparate la Grătar & Mici,1,38.0,38.0
ORD-202608-01389,Restaurantul Nostru,Cappuccino cu Spumă de Lapte,Băuturi Răcoritoare & Cafea,1,15.0,15.0
ORD-202608-01389,Restaurantul Nostru,Coca-Cola / Coca-Cola Zero 0.33L,Băuturi Răcoritoare & Cafea,1,12.0,12.0
ORD-202608-01389,Restaurantul Nostru,Burger Casei cu Cartofi Prăjiți,Mâncăruri Gătite & Specialități,2,49.0,98.0
ORD-202608-01389,Restaurantul Nostru,Lava Cake cu Înghețată de Vanilie,Desert,1,28.0,28.0
ORD-202608-01390,Restaurantul Nostru,Bulz Ardelenesc la Grătar,Aperitive & Gustări,1,32.0,32.0
ORD-202608-01390,Restaurantul Nostru,Lava Cake cu Înghețată de Vanilie,Desert,1,28.0,28.0
ORD-202608-01391,Restaurantul Nostru,Platou Gustări Rece Tradiționale,Cârnați & Platouri,1,85.0,85.0
ORD-202608-01391,Restaurantul Nostru,Papanași cu Smântână și Dulceață de Afine (2 buc),Desert,1,32.0,32.0
ORD-202608-01391,Restaurantul Nostru,Mujdei de Usturoi Tradițional,Sosuri & Extra,1,5.0,5.0
ORD-202608-01391,Restaurantul Nostru,Supă Cremă de Legume cu Crutoane,Ciorbe & Supe,2,22.0,44.0
ORD-202608-01391,Restaurantul Nostru,Lava Cake cu Înghețată de Vanilie,Desert,1,28.0,28.0
ORD-202608-01392,Restaurantul Nostru,Mici de Oaie și Vită (1 buc),Preparate la Grătar & Mici,1,8.5,8.5
ORD-202608-01392,Restaurantul Nostru,Salată de Ardei Copți,Salate,1,16.0,16.0
ORD-202608-01393,Restaurantul Nostru,Supă Cremă de Legume cu Crutoane,Ciorbe & Supe,1,22.0,22.0
ORD-202608-01393,Restaurantul Nostru,Salată de Vinete Coapte pe Plită,Aperitive & Gustări,1,24.0,24.0
ORD-202608-01393,Restaurantul Nostru,Mici Românești de Vită-Porc (1 buc),Preparate la Grătar & Mici,1,7.5,7.5
ORD-202608-01394,Restaurantul Nostru,Salată de Ardei Copți,Salate,1,16.0,16.0
ORD-202608-01394,Restaurantul Nostru,Platou Gustări Rece Tradiționale,Cârnați & Platouri,1,85.0,85.0
ORD-202608-01394,Restaurantul Nostru,Bere Heineken 0.33L,Băuturi Alcoolice & Bere,1,16.0,16.0
ORD-202608-01395,Restaurantul Nostru,Coș de Pâine de Casă,Sosuri & Extra,1,7.0,7.0
ORD-202608-01395,Restaurantul Nostru,Șnițel Gigant de Pui Pane,Mâncăruri Gătite & Specialități,2,36.0,72.0
ORD-202608-01395,Restaurantul Nostru,Ciorbă de Văcuță,Ciorbe & Supe,2,25.0,50.0
ORD-202608-01396,Restaurantul Nostru,Bere Heineken 0.33L,Băuturi Alcoolice & Bere,1,16.0,16.0
ORD-202608-01396,Restaurantul Nostru,Ciorbă Rădăuțeană de Pui,Ciorbe & Supe,1,26.0,26.0
ORD-202608-01396,Restaurantul Nostru,Bulz Ardelenesc la Grătar,Aperitive & Gustări,2,32.0,64.0
ORD-202608-01396,Restaurantul Nostru,Pachet Vinul Casei Fetească Regală 1L,Băuturi Alcoolice & Bere,1,55.0,55.0
ORD-202608-01396,Restaurantul Nostru,Mujdei de Usturoi Tradițional,Sosuri & Extra,1,5.0,5.0
ORD-202608-01397,Restaurantul Nostru,Coca-Cola / Coca-Cola Zero 0.33L,Băuturi Răcoritoare & Cafea,1,12.0,12.0
ORD-202608-01397,Restaurantul Nostru,Țuică de Prune Ardelenească 50ml,Băuturi Alcoolice & Bere,1,18.0,18.0
ORD-202608-01397,Restaurantul Nostru,Bere Heineken 0.33L,Băuturi Alcoolice & Bere,1,16.0,16.0
ORD-202608-01397,Restaurantul Nostru,Pastramă de Oaie la Tigaie cu Mămăligă,Mâncăruri Gătite & Specialități,3,56.0,168.0
ORD-202608-01398,Restaurantul Nostru,Ciorbă de Văcuță,Ciorbe & Supe,1,25.0,25.0
ORD-202608-01398,Restaurantul Nostru,Bere Ciuc Premium la Draught 0.4L,Băuturi Alcoolice & Bere,1,14.0,14.0
ORD-202608-01398,Restaurantul Nostru,Mici de Oaie și Vită (1 buc),Preparate la Grătar & Mici,1,8.5,8.5
ORD-202608-01398,Restaurantul Nostru,Ciorbă Rădăuțeană de Pui,Ciorbe & Supe,1,26.0,26.0
ORD-202608-01399,Restaurantul Nostru,Ciorbă de Perișoare,Ciorbe & Supe,1,24.0,24.0
ORD-202608-01399,Restaurantul Nostru,Sarmale Românești în Foi de Varză (4 buc),Mâncăruri Gătite & Specialități,1,44.0,44.0
ORD-202608-01399,Restaurantul Nostru,Cappuccino cu Spumă de Lapte,Băuturi Răcoritoare & Cafea,1,15.0,15.0
ORD-202608-01400,Restaurantul Nostru,Espresso Scurt / Lung Julius Meinl,Băuturi Răcoritoare & Cafea,1,12.0,12.0
ORD-202608-01400,Restaurantul Nostru,Apă Minerală / Plată Borsec 0.5L,Băuturi Răcoritoare & Cafea,2,10.0,20.0
ORD-202608-01400,Restaurantul Nostru,Lava Cake cu Înghețată de Vanilie,Desert,1,28.0,28.0
ORD-202608-01401,Restaurantul Nostru,Bere Nepasteurizată Zăganu 0.5L,Băuturi Alcoolice & Bere,1,22.0,22.0
ORD-202608-01401,Restaurantul Nostru,Bere Ciuc Premium la Draught 0.4L,Băuturi Alcoolice & Bere,1,14.0,14.0
ORD-202608-01401,Restaurantul Nostru,Sos Barbeque,Sosuri & Extra,1,6.0,6.0
ORD-202608-01401,Restaurantul Nostru,Pastramă de Oaie la Tigaie cu Mămăligă,Mâncăruri Gătite & Specialități,1,56.0,56.0
ORD-202608-01401,Restaurantul Nostru,Cârnați Picanți de Pleșcoi,Cârnați & Platouri,3,42.0,126.0
ORD-202608-01402,Restaurantul Nostru,Cappuccino cu Spumă de Lapte,Băuturi Răcoritoare & Cafea,1,15.0,15.0
ORD-202608-01402,Restaurantul Nostru,Sarmale Românești în Foi de Varză (4 buc),Mâncăruri Gătite & Specialități,1,44.0,44.0
ORD-202608-01402,Restaurantul Nostru,Muștar Clasic,Sosuri & Extra,1,4.0,4.0
ORD-202608-01402,Restaurantul Nostru,Tochitură Moldovenească cu Mămăligă,Mâncăruri Gătite & Specialități,1,48.0,48.0
ORD-202608-01403,Restaurantul Nostru,Iahnie de Fasole cu Bacon,Garnituri,1,16.0,16.0
ORD-202608-01403,Restaurantul Nostru,Clătite cu Finetti și Banane (2 buc),Desert,2,22.0,44.0
ORD-202608-01403,Restaurantul Nostru,Bere Ciuc Premium la Draught 0.4L,Băuturi Alcoolice & Bere,1,14.0,14.0
ORD-202608-01403,Restaurantul Nostru,Bere Heineken 0.33L,Băuturi Alcoolice & Bere,1,16.0,16.0
ORD-202608-01404,Restaurantul Nostru,Cârnați Picanți de Pleșcoi,Cârnați & Platouri,1,42.0,42.0
ORD-202608-01404,Restaurantul Nostru,Platou Cârnați Asortați,Cârnați & Platouri,1,95.0,95.0
ORD-202608-01405,Restaurantul Nostru,Țuică de Prune Ardelenească 50ml,Băuturi Alcoolice & Bere,2,18.0,36.0
ORD-202608-01405,Restaurantul Nostru,Salată de Ardei Copți,Salate,2,16.0,32.0
ORD-202608-01405,Restaurantul Nostru,Coș de Pâine de Casă,Sosuri & Extra,1,7.0,7.0
ORD-202608-01405,Restaurantul Nostru,Frăție de Mici & Cârnați,Preparate la Grătar & Mici,3,54.0,162.0
ORD-202608-01405,Restaurantul Nostru,Bulz Ardelenesc la Grătar,Aperitive & Gustări,1,32.0,32.0
ORD-202608-01406,Restaurantul Nostru,Ciorbă Rădăuțeană de Pui,Ciorbe & Supe,1,26.0,26.0
ORD-202608-01406,Restaurantul Nostru,Coș de Pâine de Casă,Sosuri & Extra,1,7.0,7.0
ORD-202608-01406,Restaurantul Nostru,Smântână Proaspătă 20%,Sosuri & Extra,1,5.0,5.0
ORD-202608-01407,Restaurantul Nostru,Bere Heineken 0.33L,Băuturi Alcoolice & Bere,3,16.0,48.0
ORD-202608-01407,Restaurantul Nostru,Iahnie de Fasole cu Bacon,Garnituri,1,16.0,16.0
ORD-202608-01407,Restaurantul Nostru,Apă Minerală / Plată Borsec 0.5L,Băuturi Răcoritoare & Cafea,1,10.0,10.0
ORD-202608-01408,Restaurantul Nostru,Ciorbă de Perișoare,Ciorbe & Supe,2,24.0,48.0
ORD-202608-01408,Restaurantul Nostru,Limonadă Proaspătă cu Miere și Mentă 0.5L,Băuturi Răcoritoare & Cafea,1,20.0,20.0
ORD-202608-01408,Restaurantul Nostru,Cappuccino cu Spumă de Lapte,Băuturi Răcoritoare & Cafea,3,15.0,45.0
ORD-202608-01408,Restaurantul Nostru,Cașcaval Pane Crocant,Aperitive & Gustări,1,28.0,28.0
ORD-202608-01409,Restaurantul Nostru,Cașcaval Pane Crocant,Aperitive & Gustări,1,28.0,28.0
ORD-202608-01409,Restaurantul Nostru,Ștrudel de Mere cu Sos de Vanilie,Desert,1,25.0,25.0
ORD-202608-01409,Restaurantul Nostru,Varză Călită în Vin cu Chimen,Garnituri,1,15.0,15.0
ORD-202608-01409,Restaurantul Nostru,Bulz Ardelenesc la Grătar,Aperitive & Gustări,1,32.0,32.0
ORD-202608-01410,Restaurantul Nostru,Limonadă Proaspătă cu Miere și Mentă 0.5L,Băuturi Răcoritoare & Cafea,3,20.0,60.0
ORD-202608-01410,Restaurantul Nostru,Ștrudel de Mere cu Sos de Vanilie,Desert,1,25.0,25.0
ORD-202608-01411,Restaurantul Nostru,Clătite cu Finetti și Banane (2 buc),Desert,1,22.0,22.0
ORD-202608-01411,Restaurantul Nostru,Platou Cârnați Asortați,Cârnați & Platouri,1,95.0,95.0
ORD-202608-01411,Restaurantul Nostru,Salată de Ardei Copți,Salate,1,16.0,16.0
ORD-202608-01411,Restaurantul Nostru,Mici de Oaie și Vită (1 buc),Preparate la Grătar & Mici,1,8.5,8.5
ORD-202608-01411,Restaurantul Nostru,Mujdei de Usturoi Tradițional,Sosuri & Extra,1,5.0,5.0
ORD-202608-01412,Restaurantul Nostru,Țuică de Prune Ardelenească 50ml,Băuturi Alcoolice & Bere,1,18.0,18.0
ORD-202608-01412,Restaurantul Nostru,Mămăliguță Caldă,Garnituri,1,8.0,8.0
ORD-202608-01413,Restaurantul Nostru,Pachet Vinul Casei Fetească Regală 1L,Băuturi Alcoolice & Bere,1,55.0,55.0
ORD-202608-01413,Restaurantul Nostru,Piept de Pui la Grătar,Preparate la Grătar & Mici,1,34.0,34.0
ORD-202608-01414,Restaurantul Nostru,Fasole Bătută cu Ceapă Călită,Aperitive & Gustări,3,20.0,60.0
ORD-202608-01414,Restaurantul Nostru,Frăție de Mici & Cârnați,Preparate la Grătar & Mici,1,54.0,54.0
ORD-202608-01415,Restaurantul Nostru,Mămăliguță Caldă,Garnituri,1,8.0,8.0
ORD-202608-01415,Restaurantul Nostru,Ceafă de Porc la Grătar,Preparate la Grătar & Mici,1,38.0,38.0
ORD-202608-01415,Restaurantul Nostru,Salată Caesar cu Pui la Grătar,Salate,1,38.0,38.0
ORD-202608-01416,Restaurantul Nostru,Cappuccino cu Spumă de Lapte,Băuturi Răcoritoare & Cafea,1,15.0,15.0
ORD-202608-01416,Restaurantul Nostru,Platou Cârnați Asortați,Cârnați & Platouri,1,95.0,95.0
ORD-202608-01417,Restaurantul Nostru,Supă Cremă de Legume cu Crutoane,Ciorbe & Supe,1,22.0,22.0
ORD-202608-01417,Restaurantul Nostru,Ciorbă de Burtiță Tradițională,Ciorbe & Supe,1,28.0,28.0
ORD-202608-01417,Restaurantul Nostru,Țuică de Prune Ardelenească 50ml,Băuturi Alcoolice & Bere,1,18.0,18.0
ORD-202608-01417,Restaurantul Nostru,Fasole Bătută cu Ceapă Călită,Aperitive & Gustări,1,20.0,20.0
ORD-202608-01418,Restaurantul Nostru,Supă Cremă de Legume cu Crutoane,Ciorbe & Supe,1,22.0,22.0
ORD-202608-01418,Restaurantul Nostru,Varză Călită în Vin cu Chimen,Garnituri,1,15.0,15.0
ORD-202608-01418,Restaurantul Nostru,Mămăliguță Caldă,Garnituri,2,8.0,16.0
ORD-202608-01419,Restaurantul Nostru,Sos Barbeque,Sosuri & Extra,1,6.0,6.0
ORD-202608-01419,Restaurantul Nostru,Frăție de Mici & Cârnați,Preparate la Grătar & Mici,2,54.0,108.0
ORD-202608-01419,Restaurantul Nostru,Salată Caesar cu Pui la Grătar,Salate,1,38.0,38.0
ORD-202608-01419,Restaurantul Nostru,Cartofi Prăjiți cu Usturoi și Parmezan,Garnituri,2,18.0,36.0
ORD-202608-01420,Restaurantul Nostru,Țuică de Prune Ardelenească 50ml,Băuturi Alcoolice & Bere,1,18.0,18.0
ORD-202608-01420,Restaurantul Nostru,Bere Ciuc Premium la Draught 0.4L,Băuturi Alcoolice & Bere,2,14.0,28.0
ORD-202608-01421,Restaurantul Nostru,Sarmale Românești în Foi de Varză (4 buc),Mâncăruri Gătite & Specialități,1,44.0,44.0
ORD-202608-01421,Restaurantul Nostru,Salată de Vinete Coapte pe Plită,Aperitive & Gustări,1,24.0,24.0
ORD-202608-01421,Restaurantul Nostru,Bulz Ardelenesc la Grătar,Aperitive & Gustări,1,32.0,32.0
ORD-202608-01421,Restaurantul Nostru,Varză Călită în Vin cu Chimen,Garnituri,1,15.0,15.0
ORD-202608-01422,Restaurantul Nostru,Sos Barbeque,Sosuri & Extra,3,6.0,18.0
ORD-202608-01422,Restaurantul Nostru,Cappuccino cu Spumă de Lapte,Băuturi Răcoritoare & Cafea,2,15.0,30.0
ORD-202608-01422,Restaurantul Nostru,Salată de Vinete Coapte pe Plită,Aperitive & Gustări,2,24.0,48.0
ORD-202608-01422,Restaurantul Nostru,Lava Cake cu Înghețată de Vanilie,Desert,1,28.0,28.0
ORD-202608-01423,Restaurantul Nostru,Vin Purcari Rară Neagră Sticlă 0.75L,Băuturi Alcoolice & Bere,1,95.0,95.0
ORD-202608-01423,Restaurantul Nostru,Ștrudel de Mere cu Sos de Vanilie,Desert,1,25.0,25.0
ORD-202608-01423,Restaurantul Nostru,Bulz Ardelenesc la Grătar,Aperitive & Gustări,1,32.0,32.0
ORD-202608-01423,Restaurantul Nostru,Papanași cu Smântână și Dulceață de Afine (2 buc),Desert,1,32.0,32.0
ORD-202608-01423,Restaurantul Nostru,Sarmale Românești în Foi de Varză (4 buc),Mâncăruri Gătite & Specialități,1,44.0,44.0
ORD-202608-01424,Restaurantul Nostru,Salată de Ardei Copți,Salate,2,16.0,32.0
ORD-202608-01424,Restaurantul Nostru,Bulz Ardelenesc la Grătar,Aperitive & Gustări,3,32.0,96.0
ORD-202608-01424,Restaurantul Nostru,Țuică de Prune Ardelenească 50ml,Băuturi Alcoolice & Bere,2,18.0,36.0
ORD-202608-01424,Restaurantul Nostru,Coca-Cola / Coca-Cola Zero 0.33L,Băuturi Răcoritoare & Cafea,1,12.0,12.0
ORD-202608-01425,Restaurantul Nostru,Ciorbă Rădăuțeană de Pui,Ciorbe & Supe,1,26.0,26.0
ORD-202608-01425,Restaurantul Nostru,Coș de Pâine de Casă,Sosuri & Extra,2,7.0,14.0
ORD-202608-01426,Restaurantul Nostru,Sos Barbeque,Sosuri & Extra,1,6.0,6.0
ORD-202608-01426,Restaurantul Nostru,Salată de Murături Asortate,Salate,1,14.0,14.0
ORD-202608-01427,Restaurantul Nostru,Platou Cârnați Asortați,Cârnați & Platouri,3,95.0,285.0
ORD-202608-01427,Restaurantul Nostru,Papanași cu Smântână și Dulceață de Afine (2 buc),Desert,2,32.0,64.0
ORD-202608-01428,Restaurantul Nostru,Mămăliguță Caldă,Garnituri,1,8.0,8.0
ORD-202608-01428,Restaurantul Nostru,Cașcaval Pane Crocant,Aperitive & Gustări,2,28.0,56.0
ORD-202608-01428,Restaurantul Nostru,Papanași cu Smântână și Dulceață de Afine (2 buc),Desert,1,32.0,32.0
ORD-202608-01428,Restaurantul Nostru,Mici Românești de Vită-Porc (1 buc),Preparate la Grătar & Mici,1,7.5,7.5
ORD-202608-01429,Restaurantul Nostru,Piept de Pui la Grătar,Preparate la Grătar & Mici,2,34.0,68.0
ORD-202608-01429,Restaurantul Nostru,Pastramă de Oaie la Tigaie cu Mămăligă,Mâncăruri Gătite & Specialități,1,56.0,56.0
ORD-202608-01430,Restaurantul Nostru,Papanași cu Smântână și Dulceață de Afine (2 buc),Desert,1,32.0,32.0
ORD-202608-01430,Restaurantul Nostru,Clătite cu Finetti și Banane (2 buc),Desert,1,22.0,22.0
ORD-202608-01430,Restaurantul Nostru,Muștar Clasic,Sosuri & Extra,1,4.0,4.0
ORD-202608-01430,Restaurantul Nostru,Țuică de Prune Ardelenească 50ml,Băuturi Alcoolice & Bere,1,18.0,18.0
ORD-202608-01430,Restaurantul Nostru,Ciolan de Porc Rumexit la Cuptor,Mâncăruri Gătite & Specialități,2,78.0,156.0
ORD-202608-01431,Restaurantul Nostru,Mujdei de Usturoi Tradițional,Sosuri & Extra,1,5.0,5.0
ORD-202608-01431,Restaurantul Nostru,Sos Barbeque,Sosuri & Extra,1,6.0,6.0
ORD-202608-01431,Restaurantul Nostru,Smântână Proaspătă 20%,Sosuri & Extra,1,5.0,5.0
ORD-202608-01431,Restaurantul Nostru,Platou Cârnați Asortați,Cârnați & Platouri,1,95.0,95.0
ORD-202608-01432,Restaurantul Nostru,Sos Barbeque,Sosuri & Extra,1,6.0,6.0
ORD-202608-01432,Restaurantul Nostru,Sarmale Românești în Foi de Varză (4 buc),Mâncăruri Gătite & Specialități,1,44.0,44.0
ORD-202608-01432,Restaurantul Nostru,Țuică de Prune Ardelenească 50ml,Băuturi Alcoolice & Bere,2,18.0,36.0
ORD-202608-01433,Restaurantul Nostru,Sarmale Românești în Foi de Varză (4 buc),Mâncăruri Gătite & Specialități,1,44.0,44.0
ORD-202608-01433,Restaurantul Nostru,Burger Casei cu Cartofi Prăjiți,Mâncăruri Gătite & Specialități,1,49.0,49.0
ORD-202608-01433,Restaurantul Nostru,Frigărui de Berbecuț,Preparate la Grătar & Mici,1,58.0,58.0
ORD-202608-01433,Restaurantul Nostru,Espresso Scurt / Lung Julius Meinl,Băuturi Răcoritoare & Cafea,1,12.0,12.0
ORD-202608-01434,Restaurantul Nostru,Sarmale Românești în Foi de Varză (4 buc),Mâncăruri Gătite & Specialități,2,44.0,88.0
ORD-202608-01434,Restaurantul Nostru,Sos Barbeque,Sosuri & Extra,2,6.0,12.0
ORD-202608-01434,Restaurantul Nostru,Ciolan de Porc Rumexit la Cuptor,Mâncăruri Gătite & Specialități,1,78.0,78.0
ORD-202608-01434,Restaurantul Nostru,Frigărui de Berbecuț,Preparate la Grătar & Mici,1,58.0,58.0
ORD-202608-01435,Restaurantul Nostru,Salată de Murături Asortate,Salate,1,14.0,14.0
ORD-202608-01435,Restaurantul Nostru,Mămăliguță Caldă,Garnituri,1,8.0,8.0
ORD-202608-01435,Restaurantul Nostru,Limonadă Proaspătă cu Miere și Mentă 0.5L,Băuturi Răcoritoare & Cafea,1,20.0,20.0
ORD-202608-01435,Restaurantul Nostru,Sarmale Românești în Foi de Varză (4 buc),Mâncăruri Gătite & Specialități,2,44.0,88.0
ORD-202608-01435,Restaurantul Nostru,Salată Grecească,Salate,1,34.0,34.0
ORD-202608-01436,Restaurantul Nostru,Supă Cremă de Legume cu Crutoane,Ciorbe & Supe,1,22.0,22.0
ORD-202608-01436,Restaurantul Nostru,Cârnați Picanți de Pleșcoi,Cârnați & Platouri,1,42.0,42.0
ORD-202608-01436,Restaurantul Nostru,Salată de Ardei Copți,Salate,1,16.0,16.0
ORD-202608-01437,Restaurantul Nostru,Coca-Cola / Coca-Cola Zero 0.33L,Băuturi Răcoritoare & Cafea,1,12.0,12.0
ORD-202608-01437,Restaurantul Nostru,Cașcaval Pane Crocant,Aperitive & Gustări,3,28.0,84.0
ORD-202608-01437,Restaurantul Nostru,Espresso Scurt / Lung Julius Meinl,Băuturi Răcoritoare & Cafea,1,12.0,12.0
ORD-202608-01438,Restaurantul Nostru,Espresso Scurt / Lung Julius Meinl,Băuturi Răcoritoare & Cafea,1,12.0,12.0
ORD-202608-01438,Restaurantul Nostru,Ciolan de Porc Rumexit la Cuptor,Mâncăruri Gătite & Specialități,1,78.0,78.0
ORD-202608-01438,Restaurantul Nostru,Mămăliguță Caldă,Garnituri,1,8.0,8.0
ORD-202608-01438,Restaurantul Nostru,Coca-Cola / Coca-Cola Zero 0.33L,Băuturi Răcoritoare & Cafea,1,12.0,12.0
ORD-202608-01439,Restaurantul Nostru,Mici de Oaie și Vită (1 buc),Preparate la Grătar & Mici,2,8.5,17.0
ORD-202608-01439,Restaurantul Nostru,Pachet Vinul Casei Fetească Regală 1L,Băuturi Alcoolice & Bere,1,55.0,55.0
ORD-202608-01439,Restaurantul Nostru,Salată de Vinete Coapte pe Plită,Aperitive & Gustări,1,24.0,24.0
ORD-202608-01439,Restaurantul Nostru,Șnițel Gigant de Pui Pane,Mâncăruri Gătite & Specialități,1,36.0,36.0
ORD-202608-01440,Restaurantul Nostru,Salată de Ardei Copți,Salate,1,16.0,16.0
ORD-202608-01440,Restaurantul Nostru,Frăție de Mici & Cârnați,Preparate la Grătar & Mici,1,54.0,54.0
ORD-202608-01440,Restaurantul Nostru,Cașcaval Pane Crocant,Aperitive & Gustări,1,28.0,28.0
ORD-202608-01440,Restaurantul Nostru,Mujdei de Usturoi Tradițional,Sosuri & Extra,1,5.0,5.0
ORD-202608-01441,Restaurantul Nostru,Cârnați Picanți de Pleșcoi,Cârnați & Platouri,1,42.0,42.0
ORD-202608-01441,Restaurantul Nostru,Bere Ciuc Premium la Draught 0.4L,Băuturi Alcoolice & Bere,1,14.0,14.0
ORD-202608-01441,Restaurantul Nostru,Ciorbă de Văcuță,Ciorbe & Supe,1,25.0,25.0
ORD-202608-01441,Restaurantul Nostru,Frigărui de Berbecuț,Preparate la Grătar & Mici,1,58.0,58.0
ORD-202608-01442,Restaurantul Nostru,Muștar Clasic,Sosuri & Extra,1,4.0,4.0
ORD-202608-01442,Restaurantul Nostru,Șnițel Gigant de Pui Pane,Mâncăruri Gătite & Specialități,1,36.0,36.0
ORD-202608-01443,Restaurantul Nostru,Salată de Ardei Copți,Salate,1,16.0,16.0
ORD-202608-01443,Restaurantul Nostru,Muștar Clasic,Sosuri & Extra,1,4.0,4.0
ORD-202608-01443,Restaurantul Nostru,Mici de Oaie și Vită (1 buc),Preparate la Grătar & Mici,1,8.5,8.5
ORD-202608-01443,Restaurantul Nostru,Pastramă de Oaie la Tigaie cu Mămăligă,Mâncăruri Gătite & Specialități,1,56.0,56.0
ORD-202608-01444,Restaurantul Nostru,Cartofi Prăjiți cu Usturoi și Parmezan,Garnituri,1,18.0,18.0
ORD-202608-01444,Restaurantul Nostru,Salată Caesar cu Pui la Grătar,Salate,1,38.0,38.0
ORD-202608-01444,Restaurantul Nostru,Varză Călită în Vin cu Chimen,Garnituri,1,15.0,15.0
ORD-202608-01445,Restaurantul Nostru,Șnițel Gigant de Pui Pane,Mâncăruri Gătite & Specialități,2,36.0,72.0
ORD-202608-01445,Restaurantul Nostru,Piure de Cartofi cu Unt,Garnituri,1,16.0,16.0
ORD-202608-01445,Restaurantul Nostru,Limonadă Proaspătă cu Miere și Mentă 0.5L,Băuturi Răcoritoare & Cafea,1,20.0,20.0
ORD-202608-01445,Restaurantul Nostru,Ciolan de Porc Rumexit la Cuptor,Mâncăruri Gătite & Specialități,1,78.0,78.0
ORD-202608-01446,Restaurantul Nostru,Salată de Ardei Copți,Salate,1,16.0,16.0
ORD-202608-01446,Restaurantul Nostru,Papanași cu Smântână și Dulceață de Afine (2 buc),Desert,1,32.0,32.0
ORD-202608-01446,Restaurantul Nostru,Mămăliguță Caldă,Garnituri,1,8.0,8.0
ORD-202608-01446,Restaurantul Nostru,Ciorbă de Văcuță,Ciorbe & Supe,1,25.0,25.0
ORD-202608-01446,Restaurantul Nostru,Sos Barbeque,Sosuri & Extra,2,6.0,12.0
ORD-202608-01447,Restaurantul Nostru,Platou Boieresc (2-3 persoane),Cârnați & Platouri,1,145.0,145.0
ORD-202608-01447,Restaurantul Nostru,Cartofi Prăjiți cu Usturoi și Parmezan,Garnituri,1,18.0,18.0
ORD-202608-01447,Restaurantul Nostru,Bere Heineken 0.33L,Băuturi Alcoolice & Bere,1,16.0,16.0
ORD-202608-01447,Restaurantul Nostru,Vin Purcari Rară Neagră Sticlă 0.75L,Băuturi Alcoolice & Bere,1,95.0,95.0
ORD-202608-01447,Restaurantul Nostru,Ciorbă de Perișoare,Ciorbe & Supe,1,24.0,24.0
ORD-202608-01448,Restaurantul Nostru,Mămăliguță Caldă,Garnituri,1,8.0,8.0
ORD-202608-01448,Restaurantul Nostru,Șnițel Gigant de Pui Pane,Mâncăruri Gătite & Specialități,1,36.0,36.0
ORD-202608-01448,Restaurantul Nostru,Platou Gustări Rece Tradiționale,Cârnați & Platouri,1,85.0,85.0
ORD-202608-01448,Restaurantul Nostru,Ciolan de Porc Rumexit la Cuptor,Mâncăruri Gătite & Specialități,1,78.0,78.0
ORD-202608-01449,Restaurantul Nostru,Platou Cârnați Asortați,Cârnați & Platouri,1,95.0,95.0
ORD-202608-01449,Restaurantul Nostru,Muștar Clasic,Sosuri & Extra,1,4.0,4.0
ORD-202608-01449,Restaurantul Nostru,Țuică de Prune Ardelenească 50ml,Băuturi Alcoolice & Bere,1,18.0,18.0
ORD-202608-01450,Restaurantul Nostru,Cârnați Picanți de Pleșcoi,Cârnați & Platouri,1,42.0,42.0
ORD-202608-01450,Restaurantul Nostru,Coca-Cola / Coca-Cola Zero 0.33L,Băuturi Răcoritoare & Cafea,1,12.0,12.0
ORD-202608-01450,Restaurantul Nostru,Mujdei de Usturoi Tradițional,Sosuri & Extra,1,5.0,5.0
ORD-202608-01450,Restaurantul Nostru,Coș de Pâine de Casă,Sosuri & Extra,2,7.0,14.0
ORD-202608-01450,Restaurantul Nostru,Ciorbă de Văcuță,Ciorbe & Supe,1,25.0,25.0
ORD-202608-01451,Restaurantul Nostru,Pastramă de Oaie la Tigaie cu Mămăligă,Mâncăruri Gătite & Specialități,2,56.0,112.0
ORD-202608-01451,Restaurantul Nostru,Ciorbă Rădăuțeană de Pui,Ciorbe & Supe,2,26.0,52.0
ORD-202608-01451,Restaurantul Nostru,Șnițel Gigant de Pui Pane,Mâncăruri Gătite & Specialități,1,36.0,36.0
ORD-202608-01451,Restaurantul Nostru,Burger Casei cu Cartofi Prăjiți,Mâncăruri Gătite & Specialități,2,49.0,98.0
ORD-202608-01451,Restaurantul Nostru,Salată Caesar cu Pui la Grătar,Salate,1,38.0,38.0
ORD-202608-01452,Restaurantul Nostru,Varză Călită în Vin cu Chimen,Garnituri,1,15.0,15.0
ORD-202608-01452,Restaurantul Nostru,Smântână Proaspătă 20%,Sosuri & Extra,1,5.0,5.0
ORD-202608-01453,Restaurantul Nostru,Platou Cârnați Asortați,Cârnați & Platouri,1,95.0,95.0
ORD-202608-01453,Restaurantul Nostru,Piept de Pui la Grătar,Preparate la Grătar & Mici,2,34.0,68.0
ORD-202608-01453,Restaurantul Nostru,Frigărui de Berbecuț,Preparate la Grătar & Mici,1,58.0,58.0
ORD-202608-01453,Restaurantul Nostru,Platou Gustări Rece Tradiționale,Cârnați & Platouri,1,85.0,85.0
ORD-202608-01454,Restaurantul Nostru,Frăție de Mici & Cârnați,Preparate la Grătar & Mici,1,54.0,54.0
ORD-202608-01454,Restaurantul Nostru,Vin Purcari Rară Neagră Sticlă 0.75L,Băuturi Alcoolice & Bere,1,95.0,95.0
ORD-202608-01454,Restaurantul Nostru,Coș de Pâine de Casă,Sosuri & Extra,2,7.0,14.0
ORD-202608-01454,Restaurantul Nostru,Mămăliguță Caldă,Garnituri,1,8.0,8.0
ORD-202608-01454,Restaurantul Nostru,Bulz Ardelenesc la Grătar,Aperitive & Gustări,1,32.0,32.0
ORD-202608-01455,Restaurantul Nostru,Mujdei de Usturoi Tradițional,Sosuri & Extra,1,5.0,5.0
ORD-202608-01455,Restaurantul Nostru,Smântână Proaspătă 20%,Sosuri & Extra,2,5.0,10.0
ORD-202608-01455,Restaurantul Nostru,Cartofi Prăjiți cu Usturoi și Parmezan,Garnituri,1,18.0,18.0
ORD-202608-01455,Restaurantul Nostru,Frigărui de Berbecuț,Preparate la Grătar & Mici,2,58.0,116.0
ORD-202608-01456,Restaurantul Nostru,Limonadă Proaspătă cu Miere și Mentă 0.5L,Băuturi Răcoritoare & Cafea,1,20.0,20.0
ORD-202608-01456,Restaurantul Nostru,Ciolan de Porc Rumexit la Cuptor,Mâncăruri Gătite & Specialități,1,78.0,78.0
ORD-202608-01457,Restaurantul Nostru,Sos Barbeque,Sosuri & Extra,1,6.0,6.0
ORD-202608-01457,Restaurantul Nostru,Platou Gustări Rece Tradiționale,Cârnați & Platouri,1,85.0,85.0
ORD-202608-01458,Restaurantul Nostru,Bere Heineken 0.33L,Băuturi Alcoolice & Bere,3,16.0,48.0
ORD-202608-01458,Restaurantul Nostru,Iahnie de Fasole cu Bacon,Garnituri,1,16.0,16.0
ORD-202608-01458,Restaurantul Nostru,Clătite cu Finetti și Banane (2 buc),Desert,1,22.0,22.0
ORD-202608-01459,Restaurantul Nostru,Platou Cârnați Asortați,Cârnați & Platouri,1,95.0,95.0
ORD-202608-01459,Restaurantul Nostru,Espresso Scurt / Lung Julius Meinl,Băuturi Răcoritoare & Cafea,2,12.0,24.0
ORD-202608-01459,Restaurantul Nostru,Ștrudel de Mere cu Sos de Vanilie,Desert,1,25.0,25.0
ORD-202608-01459,Restaurantul Nostru,Salată de Ardei Copți,Salate,1,16.0,16.0
ORD-202608-01460,Restaurantul Nostru,Mămăliguță Caldă,Garnituri,1,8.0,8.0
ORD-202608-01460,Restaurantul Nostru,Fasole Bătută cu Ceapă Călită,Aperitive & Gustări,1,20.0,20.0
ORD-202608-01460,Restaurantul Nostru,Pachet Vinul Casei Fetească Regală 1L,Băuturi Alcoolice & Bere,1,55.0,55.0
ORD-202608-01460,Restaurantul Nostru,Espresso Scurt / Lung Julius Meinl,Băuturi Răcoritoare & Cafea,2,12.0,24.0
ORD-202608-01460,Restaurantul Nostru,Salată Grecească,Salate,1,34.0,34.0
ORD-202608-01461,Restaurantul Nostru,Burger Casei cu Cartofi Prăjiți,Mâncăruri Gătite & Specialități,1,49.0,49.0
ORD-202608-01461,Restaurantul Nostru,Bere Ciuc Premium la Draught 0.4L,Băuturi Alcoolice & Bere,1,14.0,14.0
ORD-202608-01461,Restaurantul Nostru,Pachet Vinul Casei Fetească Regală 1L,Băuturi Alcoolice & Bere,1,55.0,55.0
ORD-202608-01462,Restaurantul Nostru,Cârnați Picanți de Pleșcoi,Cârnați & Platouri,1,42.0,42.0
ORD-202608-01462,Restaurantul Nostru,Ceafă de Porc la Grătar,Preparate la Grătar & Mici,1,38.0,38.0
ORD-202608-01462,Restaurantul Nostru,Fasole Bătută cu Ceapă Călită,Aperitive & Gustări,1,20.0,20.0
ORD-202608-01462,Restaurantul Nostru,Sos Barbeque,Sosuri & Extra,1,6.0,6.0
ORD-202608-01462,Restaurantul Nostru,Salată de Vinete Coapte pe Plită,Aperitive & Gustări,1,24.0,24.0
ORD-202608-01463,Restaurantul Nostru,Sos Barbeque,Sosuri & Extra,1,6.0,6.0
ORD-202608-01463,Restaurantul Nostru,Ciorbă de Perișoare,Ciorbe & Supe,1,24.0,24.0
ORD-202608-01463,Restaurantul Nostru,Frăție de Mici & Cârnați,Preparate la Grătar & Mici,1,54.0,54.0
ORD-202608-01464,Restaurantul Nostru,Ciorbă de Văcuță,Ciorbe & Supe,1,25.0,25.0
ORD-202608-01464,Restaurantul Nostru,Piept de Pui la Grătar,Preparate la Grătar & Mici,1,34.0,34.0
ORD-202608-01464,Restaurantul Nostru,Apă Minerală / Plată Borsec 0.5L,Băuturi Răcoritoare & Cafea,1,10.0,10.0
ORD-202608-01464,Restaurantul Nostru,Coca-Cola / Coca-Cola Zero 0.33L,Băuturi Răcoritoare & Cafea,1,12.0,12.0
ORD-202608-01464,Restaurantul Nostru,Muștar Clasic,Sosuri & Extra,1,4.0,4.0
ORD-202608-01465,Restaurantul Nostru,Burger Casei cu Cartofi Prăjiți,Mâncăruri Gătite & Specialități,1,49.0,49.0
ORD-202608-01465,Restaurantul Nostru,Apă Minerală / Plată Borsec 0.5L,Băuturi Răcoritoare & Cafea,1,10.0,10.0
ORD-202608-01465,Restaurantul Nostru,Ciorbă de Burtiță Tradițională,Ciorbe & Supe,2,28.0,56.0
ORD-202608-01465,Restaurantul Nostru,Sarmale Românești în Foi de Varză (4 buc),Mâncăruri Gătite & Specialități,1,44.0,44.0
ORD-202608-01466,Restaurantul Nostru,Mici de Oaie și Vită (1 buc),Preparate la Grătar & Mici,2,8.5,17.0
ORD-202608-01466,Restaurantul Nostru,Limonadă Proaspătă cu Miere și Mentă 0.5L,Băuturi Răcoritoare & Cafea,1,20.0,20.0
ORD-202608-01466,Restaurantul Nostru,Bulz Ardelenesc la Grătar,Aperitive & Gustări,1,32.0,32.0
ORD-202608-01467,Restaurantul Nostru,Platou Gustări Rece Tradiționale,Cârnați & Platouri,1,85.0,85.0
ORD-202608-01467,Restaurantul Nostru,Cappuccino cu Spumă de Lapte,Băuturi Răcoritoare & Cafea,1,15.0,15.0
ORD-202608-01467,Restaurantul Nostru,Mici de Oaie și Vită (1 buc),Preparate la Grătar & Mici,1,8.5,8.5
ORD-202608-01467,Restaurantul Nostru,Varză Călită în Vin cu Chimen,Garnituri,1,15.0,15.0
ORD-202608-01467,Restaurantul Nostru,Pastramă de Oaie la Tigaie cu Mămăligă,Mâncăruri Gătite & Specialități,1,56.0,56.0
ORD-202608-01468,Restaurantul Nostru,Supă Cremă de Legume cu Crutoane,Ciorbe & Supe,1,22.0,22.0
ORD-202608-01468,Restaurantul Nostru,Varză Călită în Vin cu Chimen,Garnituri,1,15.0,15.0
ORD-202608-01468,Restaurantul Nostru,Mujdei de Usturoi Tradițional,Sosuri & Extra,1,5.0,5.0
ORD-202608-01468,Restaurantul Nostru,Pastramă de Oaie la Tigaie cu Mămăligă,Mâncăruri Gătite & Specialități,1,56.0,56.0
ORD-202608-01469,Restaurantul Nostru,Cașcaval Pane Crocant,Aperitive & Gustări,1,28.0,28.0
ORD-202608-01469,Restaurantul Nostru,Cappuccino cu Spumă de Lapte,Băuturi Răcoritoare & Cafea,1,15.0,15.0
ORD-202608-01469,Restaurantul Nostru,Espresso Scurt / Lung Julius Meinl,Băuturi Răcoritoare & Cafea,1,12.0,12.0
ORD-202608-01469,Restaurantul Nostru,Platou Gustări Rece Tradiționale,Cârnați & Platouri,2,85.0,170.0
ORD-202608-01470,Restaurantul Nostru,Platou Boieresc (2-3 persoane),Cârnați & Platouri,1,145.0,145.0
ORD-202608-01470,Restaurantul Nostru,Mici de Oaie și Vită (1 buc),Preparate la Grătar & Mici,1,8.5,8.5
ORD-202608-01470,Restaurantul Nostru,Salată de Vinete Coapte pe Plită,Aperitive & Gustări,1,24.0,24.0
ORD-202608-01470,Restaurantul Nostru,Coca-Cola / Coca-Cola Zero 0.33L,Băuturi Răcoritoare & Cafea,1,12.0,12.0
ORD-202608-01470,Restaurantul Nostru,Țuică de Prune Ardelenească 50ml,Băuturi Alcoolice & Bere,1,18.0,18.0
ORD-202608-01471,Restaurantul Nostru,Clătite cu Finetti și Banane (2 buc),Desert,1,22.0,22.0
ORD-202608-01471,Restaurantul Nostru,Sarmale Românești în Foi de Varză (4 buc),Mâncăruri Gătite & Specialități,1,44.0,44.0
ORD-202608-01472,Restaurantul Nostru,Tochitură Moldovenească cu Mămăligă,Mâncăruri Gătite & Specialități,1,48.0,48.0
ORD-202608-01472,Restaurantul Nostru,Frăție de Mici & Cârnați,Preparate la Grătar & Mici,2,54.0,108.0
ORD-202608-01472,Restaurantul Nostru,Iahnie de Fasole cu Bacon,Garnituri,1,16.0,16.0
ORD-202608-01472,Restaurantul Nostru,Fasole Bătută cu Ceapă Călită,Aperitive & Gustări,1,20.0,20.0
ORD-202608-01472,Restaurantul Nostru,Supă Cremă de Legume cu Crutoane,Ciorbe & Supe,1,22.0,22.0
ORD-202608-01473,Restaurantul Nostru,Ciorbă de Burtiță Tradițională,Ciorbe & Supe,2,28.0,56.0
ORD-202608-01473,Restaurantul Nostru,Pachet Vinul Casei Fetească Regală 1L,Băuturi Alcoolice & Bere,1,55.0,55.0
ORD-202608-01473,Restaurantul Nostru,Platou Boieresc (2-3 persoane),Cârnați & Platouri,1,145.0,145.0
ORD-202608-01473,Restaurantul Nostru,Burger Casei cu Cartofi Prăjiți,Mâncăruri Gătite & Specialități,1,49.0,49.0
ORD-202608-01473,Restaurantul Nostru,Tochitură Moldovenească cu Mămăligă,Mâncăruri Gătite & Specialități,3,48.0,144.0
ORD-202608-01474,Restaurantul Nostru,Piept de Pui la Grătar,Preparate la Grătar & Mici,1,34.0,34.0
ORD-202608-01474,Restaurantul Nostru,Fasole Bătută cu Ceapă Călită,Aperitive & Gustări,3,20.0,60.0
ORD-202608-01474,Restaurantul Nostru,Ciorbă de Burtiță Tradițională,Ciorbe & Supe,1,28.0,28.0
ORD-202608-01474,Restaurantul Nostru,Cappuccino cu Spumă de Lapte,Băuturi Răcoritoare & Cafea,1,15.0,15.0
ORD-202608-01475,Restaurantul Nostru,Espresso Scurt / Lung Julius Meinl,Băuturi Răcoritoare & Cafea,1,12.0,12.0
ORD-202608-01475,Restaurantul Nostru,Mici de Oaie și Vită (1 buc),Preparate la Grătar & Mici,1,8.5,8.5
ORD-202608-01475,Restaurantul Nostru,Cârnați Picanți de Pleșcoi,Cârnați & Platouri,1,42.0,42.0
ORD-202608-01475,Restaurantul Nostru,Tochitură Moldovenească cu Mămăligă,Mâncăruri Gătite & Specialități,1,48.0,48.0
ORD-202608-01475,Restaurantul Nostru,Vin Purcari Rară Neagră Sticlă 0.75L,Băuturi Alcoolice & Bere,1,95.0,95.0
ORD-202608-01476,Restaurantul Nostru,Ciorbă de Burtiță Tradițională,Ciorbe & Supe,1,28.0,28.0
ORD-202608-01476,Restaurantul Nostru,Cârnați Picanți de Pleșcoi,Cârnați & Platouri,1,42.0,42.0
ORD-202608-01476,Restaurantul Nostru,Ciorbă de Văcuță,Ciorbe & Supe,2,25.0,50.0
ORD-202608-01476,Restaurantul Nostru,Varză Călită în Vin cu Chimen,Garnituri,1,15.0,15.0
ORD-202608-01477,Restaurantul Nostru,Pachet Vinul Casei Fetească Regală 1L,Băuturi Alcoolice & Bere,1,55.0,55.0
ORD-202608-01477,Restaurantul Nostru,Ciolan de Porc Rumexit la Cuptor,Mâncăruri Gătite & Specialități,1,78.0,78.0
ORD-202608-01477,Restaurantul Nostru,Fasole Bătută cu Ceapă Călită,Aperitive & Gustări,2,20.0,40.0
ORD-202608-01477,Restaurantul Nostru,Ceafă de Porc la Grătar,Preparate la Grătar & Mici,2,38.0,76.0
ORD-202608-01478,Restaurantul Nostru,Platou Cârnați Asortați,Cârnați & Platouri,1,95.0,95.0
ORD-202608-01478,Restaurantul Nostru,Papanași cu Smântână și Dulceață de Afine (2 buc),Desert,1,32.0,32.0
ORD-202608-01478,Restaurantul Nostru,Țuică de Prune Ardelenească 50ml,Băuturi Alcoolice & Bere,1,18.0,18.0
ORD-202608-01478,Restaurantul Nostru,Limonadă Proaspătă cu Miere și Mentă 0.5L,Băuturi Răcoritoare & Cafea,1,20.0,20.0
ORD-202608-01479,Restaurantul Nostru,Clătite cu Finetti și Banane (2 buc),Desert,2,22.0,44.0
ORD-202608-01479,Restaurantul Nostru,Bere Nepasteurizată Zăganu 0.5L,Băuturi Alcoolice & Bere,1,22.0,22.0
ORD-202608-01479,Restaurantul Nostru,Espresso Scurt / Lung Julius Meinl,Băuturi Răcoritoare & Cafea,1,12.0,12.0
ORD-202608-01479,Restaurantul Nostru,Mujdei de Usturoi Tradițional,Sosuri & Extra,1,5.0,5.0
ORD-202608-01480,Restaurantul Nostru,Iahnie de Fasole cu Bacon,Garnituri,1,16.0,16.0
ORD-202608-01480,Restaurantul Nostru,Clătite cu Finetti și Banane (2 buc),Desert,2,22.0,44.0
ORD-202608-01480,Restaurantul Nostru,Bere Nepasteurizată Zăganu 0.5L,Băuturi Alcoolice & Bere,3,22.0,66.0
ORD-202608-01481,Restaurantul Nostru,Iahnie de Fasole cu Bacon,Garnituri,1,16.0,16.0
ORD-202608-01481,Restaurantul Nostru,Mămăliguță Caldă,Garnituri,1,8.0,8.0
ORD-202608-01481,Restaurantul Nostru,Salată de Murături Asortate,Salate,1,14.0,14.0
ORD-202608-01481,Restaurantul Nostru,Platou Cârnați Asortați,Cârnați & Platouri,1,95.0,95.0
ORD-202608-01481,Restaurantul Nostru,Clătite cu Finetti și Banane (2 buc),Desert,1,22.0,22.0
ORD-202608-01482,Restaurantul Nostru,Șnițel Gigant de Pui Pane,Mâncăruri Gătite & Specialități,1,36.0,36.0
ORD-202608-01482,Restaurantul Nostru,Sarmale Românești în Foi de Varză (4 buc),Mâncăruri Gătite & Specialități,1,44.0,44.0
ORD-202608-01482,Restaurantul Nostru,Platou Gustări Rece Tradiționale,Cârnați & Platouri,1,85.0,85.0
ORD-202608-01482,Restaurantul Nostru,Ciorbă de Perișoare,Ciorbe & Supe,1,24.0,24.0
ORD-202608-01482,Restaurantul Nostru,Frigărui de Berbecuț,Preparate la Grătar & Mici,1,58.0,58.0
ORD-202608-01483,Restaurantul Nostru,Lava Cake cu Înghețată de Vanilie,Desert,1,28.0,28.0
ORD-202608-01483,Restaurantul Nostru,Ciorbă Rădăuțeană de Pui,Ciorbe & Supe,1,26.0,26.0
ORD-202608-01483,Restaurantul Nostru,Țuică de Prune Ardelenească 50ml,Băuturi Alcoolice & Bere,1,18.0,18.0
ORD-202608-01484,Restaurantul Nostru,Papanași cu Smântână și Dulceață de Afine (2 buc),Desert,1,32.0,32.0
ORD-202608-01484,Restaurantul Nostru,Smântână Proaspătă 20%,Sosuri & Extra,1,5.0,5.0
ORD-202608-01484,Restaurantul Nostru,Cartofi Prăjiți cu Usturoi și Parmezan,Garnituri,1,18.0,18.0
ORD-202608-01484,Restaurantul Nostru,Ciorbă de Perișoare,Ciorbe & Supe,1,24.0,24.0
ORD-202608-01485,Restaurantul Nostru,Frăție de Mici & Cârnați,Preparate la Grătar & Mici,1,54.0,54.0
ORD-202608-01485,Restaurantul Nostru,Platou Cârnați Asortați,Cârnați & Platouri,1,95.0,95.0
ORD-202608-01486,Restaurantul Nostru,Burger Casei cu Cartofi Prăjiți,Mâncăruri Gătite & Specialități,1,49.0,49.0
ORD-202608-01486,Restaurantul Nostru,Muștar Clasic,Sosuri & Extra,1,4.0,4.0
ORD-202608-01486,Restaurantul Nostru,Platou Gustări Rece Tradiționale,Cârnați & Platouri,1,85.0,85.0
ORD-202608-01487,Restaurantul Nostru,Varză Călită în Vin cu Chimen,Garnituri,1,15.0,15.0
ORD-202608-01487,Restaurantul Nostru,Șnițel Gigant de Pui Pane,Mâncăruri Gătite & Specialități,1,36.0,36.0
ORD-202608-01488,Restaurantul Nostru,Platou Boieresc (2-3 persoane),Cârnați & Platouri,1,145.0,145.0
ORD-202608-01488,Restaurantul Nostru,Muștar Clasic,Sosuri & Extra,1,4.0,4.0
ORD-202608-01488,Restaurantul Nostru,Sos Barbeque,Sosuri & Extra,1,6.0,6.0
ORD-202608-01489,Restaurantul Nostru,Ciorbă de Perișoare,Ciorbe & Supe,2,24.0,48.0
ORD-202608-01489,Restaurantul Nostru,Burger Casei cu Cartofi Prăjiți,Mâncăruri Gătite & Specialități,1,49.0,49.0
ORD-202608-01489,Restaurantul Nostru,Coca-Cola / Coca-Cola Zero 0.33L,Băuturi Răcoritoare & Cafea,2,12.0,24.0
ORD-202608-01489,Restaurantul Nostru,Pachet Vinul Casei Fetească Regală 1L,Băuturi Alcoolice & Bere,1,55.0,55.0
ORD-202608-01489,Restaurantul Nostru,Ciolan de Porc Rumexit la Cuptor,Mâncăruri Gătite & Specialități,1,78.0,78.0
ORD-202608-01490,Restaurantul Nostru,Platou Gustări Rece Tradiționale,Cârnați & Platouri,1,85.0,85.0
ORD-202608-01490,Restaurantul Nostru,Piure de Cartofi cu Unt,Garnituri,2,16.0,32.0
ORD-202608-01490,Restaurantul Nostru,Espresso Scurt / Lung Julius Meinl,Băuturi Răcoritoare & Cafea,1,12.0,12.0
ORD-202608-01490,Restaurantul Nostru,Ciolan de Porc Rumexit la Cuptor,Mâncăruri Gătite & Specialități,1,78.0,78.0
ORD-202608-01491,Restaurantul Nostru,Coș de Pâine de Casă,Sosuri & Extra,1,7.0,7.0
ORD-202608-01491,Restaurantul Nostru,Frigărui de Berbecuț,Preparate la Grătar & Mici,1,58.0,58.0
ORD-202608-01491,Restaurantul Nostru,Ciorbă Rădăuțeană de Pui,Ciorbe & Supe,1,26.0,26.0
ORD-202608-01491,Restaurantul Nostru,Limonadă Proaspătă cu Miere și Mentă 0.5L,Băuturi Răcoritoare & Cafea,1,20.0,20.0
ORD-202608-01491,Restaurantul Nostru,Smântână Proaspătă 20%,Sosuri & Extra,1,5.0,5.0
ORD-202608-01492,Restaurantul Nostru,Țuică de Prune Ardelenească 50ml,Băuturi Alcoolice & Bere,1,18.0,18.0
ORD-202608-01492,Restaurantul Nostru,Apă Minerală / Plată Borsec 0.5L,Băuturi Răcoritoare & Cafea,2,10.0,20.0
ORD-202608-01492,Restaurantul Nostru,Iahnie de Fasole cu Bacon,Garnituri,1,16.0,16.0
ORD-202608-01492,Restaurantul Nostru,Piure de Cartofi cu Unt,Garnituri,1,16.0,16.0
ORD-202608-01492,Restaurantul Nostru,Mămăliguță Caldă,Garnituri,1,8.0,8.0
ORD-202608-01493,Restaurantul Nostru,Ciolan de Porc Rumexit la Cuptor,Mâncăruri Gătite & Specialități,1,78.0,78.0
ORD-202608-01493,Restaurantul Nostru,Platou Gustări Rece Tradiționale,Cârnați & Platouri,1,85.0,85.0
ORD-202608-01494,Restaurantul Nostru,Coca-Cola / Coca-Cola Zero 0.33L,Băuturi Răcoritoare & Cafea,1,12.0,12.0
ORD-202608-01494,Restaurantul Nostru,Țuică de Prune Ardelenească 50ml,Băuturi Alcoolice & Bere,1,18.0,18.0
ORD-202608-01494,Restaurantul Nostru,Bere Heineken 0.33L,Băuturi Alcoolice & Bere,1,16.0,16.0
ORD-202608-01495,Restaurantul Nostru,Smântână Proaspătă 20%,Sosuri & Extra,1,5.0,5.0
ORD-202608-01495,Restaurantul Nostru,Coș de Pâine de Casă,Sosuri & Extra,2,7.0,14.0
ORD-202608-01495,Restaurantul Nostru,Cartofi Prăjiți cu Usturoi și Parmezan,Garnituri,1,18.0,18.0
ORD-202608-01495,Restaurantul Nostru,Salată de Murături Asortate,Salate,1,14.0,14.0
ORD-202608-01496,Restaurantul Nostru,Salată de Ardei Copți,Salate,1,16.0,16.0
ORD-202608-01496,Restaurantul Nostru,Cârnați Picanți de Pleșcoi,Cârnați & Platouri,3,42.0,126.0
ORD-202608-01496,Restaurantul Nostru,Ciorbă Rădăuțeană de Pui,Ciorbe & Supe,1,26.0,26.0
ORD-202608-01496,Restaurantul Nostru,Salată Grecească,Salate,2,34.0,68.0
ORD-202608-01497,Restaurantul Nostru,Supă Cremă de Legume cu Crutoane,Ciorbe & Supe,1,22.0,22.0
ORD-202608-01497,Restaurantul Nostru,Piept de Pui la Grătar,Preparate la Grătar & Mici,1,34.0,34.0
ORD-202608-01497,Restaurantul Nostru,Mămăliguță Caldă,Garnituri,1,8.0,8.0
ORD-202608-01497,Restaurantul Nostru,Sarmale Românești în Foi de Varză (4 buc),Mâncăruri Gătite & Specialități,1,44.0,44.0
ORD-202608-01497,Restaurantul Nostru,Cappuccino cu Spumă de Lapte,Băuturi Răcoritoare & Cafea,1,15.0,15.0
ORD-202608-01498,Restaurantul Nostru,Papanași cu Smântână și Dulceață de Afine (2 buc),Desert,1,32.0,32.0
ORD-202608-01498,Restaurantul Nostru,Platou Gustări Rece Tradiționale,Cârnați & Platouri,1,85.0,85.0
ORD-202608-01498,Restaurantul Nostru,Salată de Murături Asortate,Salate,1,14.0,14.0
ORD-202608-01499,Restaurantul Nostru,Mămăliguță Caldă,Garnituri,1,8.0,8.0
ORD-202608-01499,Restaurantul Nostru,Piure de Cartofi cu Unt,Garnituri,2,16.0,32.0
ORD-202608-01499,Restaurantul Nostru,Salată de Murături Asortate,Salate,1,14.0,14.0
ORD-202608-01499,Restaurantul Nostru,Salată Grecească,Salate,1,34.0,34.0
ORD-202608-01500,Restaurantul Nostru,Lava Cake cu Înghețată de Vanilie,Desert,2,28.0,56.0
ORD-202608-01500,Restaurantul Nostru,Espresso Scurt / Lung Julius Meinl,Băuturi Răcoritoare & Cafea,1,12.0,12.0
ORD-202608-01500,Restaurantul Nostru,Smântână Proaspătă 20%,Sosuri & Extra,1,5.0,5.0
ORD-202608-01500,Restaurantul Nostru,Platou Boieresc (2-3 persoane),Cârnați & Platouri,2,145.0,290.0
ORD-202608-01501,Restaurantul Nostru,Frigărui de Berbecuț,Preparate la Grătar & Mici,3,58.0,174.0
ORD-202608-01501,Restaurantul Nostru,Platou Boieresc (2-3 persoane),Cârnați & Platouri,1,145.0,145.0
ORD-202608-01501,Restaurantul Nostru,Salată de Ardei Copți,Salate,1,16.0,16.0
ORD-202608-01502,Restaurantul Nostru,Apă Minerală / Plată Borsec 0.5L,Băuturi Răcoritoare & Cafea,1,10.0,10.0
ORD-202608-01502,Restaurantul Nostru,Tochitură Moldovenească cu Mămăligă,Mâncăruri Gătite & Specialități,1,48.0,48.0
ORD-202608-01502,Restaurantul Nostru,Mici Românești de Vită-Porc (1 buc),Preparate la Grătar & Mici,1,7.5,7.5
ORD-202608-01503,Restaurantul Nostru,Fasole Bătută cu Ceapă Călită,Aperitive & Gustări,1,20.0,20.0
ORD-202608-01503,Restaurantul Nostru,Mujdei de Usturoi Tradițional,Sosuri & Extra,1,5.0,5.0
ORD-202608-01503,Restaurantul Nostru,Ștrudel de Mere cu Sos de Vanilie,Desert,1,25.0,25.0
ORD-202608-01503,Restaurantul Nostru,Salată de Murături Asortate,Salate,3,14.0,42.0
ORD-202608-01503,Restaurantul Nostru,Frăție de Mici & Cârnați,Preparate la Grătar & Mici,1,54.0,54.0
ORD-202608-01504,Restaurantul Nostru,Salată de Vinete Coapte pe Plită,Aperitive & Gustări,1,24.0,24.0
ORD-202608-01504,Restaurantul Nostru,Salată Caesar cu Pui la Grătar,Salate,3,38.0,114.0
ORD-202608-01505,Restaurantul Nostru,Mici de Oaie și Vită (1 buc),Preparate la Grătar & Mici,1,8.5,8.5
ORD-202608-01505,Restaurantul Nostru,Salată de Ardei Copți,Salate,1,16.0,16.0
ORD-202608-01506,Restaurantul Nostru,Bere Nepasteurizată Zăganu 0.5L,Băuturi Alcoolice & Bere,1,22.0,22.0
ORD-202608-01506,Restaurantul Nostru,Cappuccino cu Spumă de Lapte,Băuturi Răcoritoare & Cafea,1,15.0,15.0
ORD-202608-01507,Restaurantul Nostru,Salată de Vinete Coapte pe Plită,Aperitive & Gustări,1,24.0,24.0
ORD-202608-01507,Restaurantul Nostru,Ciorbă de Burtiță Tradițională,Ciorbe & Supe,1,28.0,28.0
ORD-202608-01507,Restaurantul Nostru,Platou Boieresc (2-3 persoane),Cârnați & Platouri,2,145.0,290.0
ORD-202608-01508,Restaurantul Nostru,Pachet Vinul Casei Fetească Regală 1L,Băuturi Alcoolice & Bere,1,55.0,55.0
ORD-202608-01508,Restaurantul Nostru,Apă Minerală / Plată Borsec 0.5L,Băuturi Răcoritoare & Cafea,3,10.0,30.0
ORD-202608-01508,Restaurantul Nostru,Salată Grecească,Salate,1,34.0,34.0
ORD-202608-01508,Restaurantul Nostru,Mici de Oaie și Vită (1 buc),Preparate la Grătar & Mici,1,8.5,8.5
ORD-202608-01508,Restaurantul Nostru,Limonadă Proaspătă cu Miere și Mentă 0.5L,Băuturi Răcoritoare & Cafea,1,20.0,20.0
ORD-202608-01509,Restaurantul Nostru,Smântână Proaspătă 20%,Sosuri & Extra,1,5.0,5.0
ORD-202608-01509,Restaurantul Nostru,Mămăliguță Caldă,Garnituri,1,8.0,8.0
ORD-202608-01509,Restaurantul Nostru,Salată Caesar cu Pui la Grătar,Salate,1,38.0,38.0
ORD-202608-01509,Restaurantul Nostru,Mujdei de Usturoi Tradițional,Sosuri & Extra,1,5.0,5.0
ORD-202608-01510,Restaurantul Nostru,Espresso Scurt / Lung Julius Meinl,Băuturi Răcoritoare & Cafea,1,12.0,12.0
ORD-202608-01510,Restaurantul Nostru,Ciorbă de Perișoare,Ciorbe & Supe,1,24.0,24.0
ORD-202608-01511,Restaurantul Nostru,Ciorbă Rădăuțeană de Pui,Ciorbe & Supe,1,26.0,26.0
ORD-202608-01511,Restaurantul Nostru,Salată Grecească,Salate,1,34.0,34.0
ORD-202608-01511,Restaurantul Nostru,Coș de Pâine de Casă,Sosuri & Extra,2,7.0,14.0
ORD-202608-01511,Restaurantul Nostru,Salată Caesar cu Pui la Grătar,Salate,1,38.0,38.0
ORD-202608-01512,Restaurantul Nostru,Pastramă de Oaie la Tigaie cu Mămăligă,Mâncăruri Gătite & Specialități,1,56.0,56.0
ORD-202608-01512,Restaurantul Nostru,Bere Ciuc Premium la Draught 0.4L,Băuturi Alcoolice & Bere,1,14.0,14.0
ORD-202608-01513,Restaurantul Nostru,Cârnați Picanți de Pleșcoi,Cârnați & Platouri,2,42.0,84.0
ORD-202608-01513,Restaurantul Nostru,Cappuccino cu Spumă de Lapte,Băuturi Răcoritoare & Cafea,1,15.0,15.0
ORD-202608-01513,Restaurantul Nostru,Salată Caesar cu Pui la Grătar,Salate,1,38.0,38.0
ORD-202608-01514,Restaurantul Nostru,Tochitură Moldovenească cu Mămăligă,Mâncăruri Gătite & Specialități,1,48.0,48.0
ORD-202608-01514,Restaurantul Nostru,Frigărui de Berbecuț,Preparate la Grătar & Mici,1,58.0,58.0
ORD-202608-01515,Restaurantul Nostru,Burger Casei cu Cartofi Prăjiți,Mâncăruri Gătite & Specialități,3,49.0,147.0
ORD-202608-01515,Restaurantul Nostru,Sos Barbeque,Sosuri & Extra,1,6.0,6.0
ORD-202608-01515,Restaurantul Nostru,Sarmale Românești în Foi de Varză (4 buc),Mâncăruri Gătite & Specialități,2,44.0,88.0
ORD-202608-01515,Restaurantul Nostru,Vin Purcari Rară Neagră Sticlă 0.75L,Băuturi Alcoolice & Bere,1,95.0,95.0
ORD-202608-01515,Restaurantul Nostru,Șnițel Gigant de Pui Pane,Mâncăruri Gătite & Specialități,1,36.0,36.0
ORD-202608-01516,Restaurantul Nostru,Cartofi Prăjiți cu Usturoi și Parmezan,Garnituri,1,18.0,18.0
ORD-202608-01516,Restaurantul Nostru,Salată de Ardei Copți,Salate,1,16.0,16.0
ORD-202608-01516,Restaurantul Nostru,Cârnați Picanți de Pleșcoi,Cârnați & Platouri,1,42.0,42.0
ORD-202608-01517,Restaurantul Nostru,Platou Boieresc (2-3 persoane),Cârnați & Platouri,2,145.0,290.0
ORD-202608-01517,Restaurantul Nostru,Apă Minerală / Plată Borsec 0.5L,Băuturi Răcoritoare & Cafea,1,10.0,10.0
ORD-202608-01517,Restaurantul Nostru,Cappuccino cu Spumă de Lapte,Băuturi Răcoritoare & Cafea,1,15.0,15.0
ORD-202608-01517,Restaurantul Nostru,Burger Casei cu Cartofi Prăjiți,Mâncăruri Gătite & Specialități,1,49.0,49.0
ORD-202608-01517,Restaurantul Nostru,Ciorbă Rădăuțeană de Pui,Ciorbe & Supe,1,26.0,26.0
ORD-202608-01518,Restaurantul Nostru,Smântână Proaspătă 20%,Sosuri & Extra,1,5.0,5.0
ORD-202608-01518,Restaurantul Nostru,Șnițel Gigant de Pui Pane,Mâncăruri Gătite & Specialități,1,36.0,36.0
ORD-202608-01518,Restaurantul Nostru,Tochitură Moldovenească cu Mămăligă,Mâncăruri Gătite & Specialități,1,48.0,48.0
ORD-202608-01519,Restaurantul Nostru,Smântână Proaspătă 20%,Sosuri & Extra,1,5.0,5.0
ORD-202608-01519,Restaurantul Nostru,Papanași cu Smântână și Dulceață de Afine (2 buc),Desert,2,32.0,64.0
ORD-202608-01519,Restaurantul Nostru,Mici de Oaie și Vită (1 buc),Preparate la Grătar & Mici,1,8.5,8.5
ORD-202608-01519,Restaurantul Nostru,Bere Nepasteurizată Zăganu 0.5L,Băuturi Alcoolice & Bere,1,22.0,22.0
ORD-202608-01520,Restaurantul Nostru,Piept de Pui la Grătar,Preparate la Grătar & Mici,1,34.0,34.0
ORD-202608-01520,Restaurantul Nostru,Supă Cremă de Legume cu Crutoane,Ciorbe & Supe,3,22.0,66.0
ORD-202608-01521,Restaurantul Nostru,Salată de Ardei Copți,Salate,1,16.0,16.0
ORD-202608-01521,Restaurantul Nostru,Platou Gustări Rece Tradiționale,Cârnați & Platouri,3,85.0,255.0
ORD-202608-01521,Restaurantul Nostru,Ciorbă de Burtiță Tradițională,Ciorbe & Supe,1,28.0,28.0
ORD-202608-01521,Restaurantul Nostru,Ciorbă de Văcuță,Ciorbe & Supe,1,25.0,25.0
ORD-202608-01521,Restaurantul Nostru,Supă Cremă de Legume cu Crutoane,Ciorbe & Supe,1,22.0,22.0
ORD-202608-01522,Restaurantul Nostru,Iahnie de Fasole cu Bacon,Garnituri,1,16.0,16.0
ORD-202608-01522,Restaurantul Nostru,Platou Gustări Rece Tradiționale,Cârnați & Platouri,1,85.0,85.0
ORD-202608-01522,Restaurantul Nostru,Ștrudel de Mere cu Sos de Vanilie,Desert,1,25.0,25.0
ORD-202608-01523,Restaurantul Nostru,Coș de Pâine de Casă,Sosuri & Extra,1,7.0,7.0
ORD-202608-01523,Restaurantul Nostru,Espresso Scurt / Lung Julius Meinl,Băuturi Răcoritoare & Cafea,1,12.0,12.0
ORD-202608-01523,Restaurantul Nostru,Salată Grecească,Salate,1,34.0,34.0
ORD-202608-01524,Restaurantul Nostru,Țuică de Prune Ardelenească 50ml,Băuturi Alcoolice & Bere,2,18.0,36.0
ORD-202608-01524,Restaurantul Nostru,Bere Ciuc Premium la Draught 0.4L,Băuturi Alcoolice & Bere,1,14.0,14.0
ORD-202608-01524,Restaurantul Nostru,Pachet Vinul Casei Fetească Regală 1L,Băuturi Alcoolice & Bere,1,55.0,55.0
ORD-202608-01525,Restaurantul Nostru,Tochitură Moldovenească cu Mămăligă,Mâncăruri Gătite & Specialități,1,48.0,48.0
ORD-202608-01525,Restaurantul Nostru,Papanași cu Smântână și Dulceață de Afine (2 buc),Desert,2,32.0,64.0
ORD-202608-01526,Restaurantul Nostru,Varză Călită în Vin cu Chimen,Garnituri,1,15.0,15.0
ORD-202608-01526,Restaurantul Nostru,Pastramă de Oaie la Tigaie cu Mămăligă,Mâncăruri Gătite & Specialități,1,56.0,56.0
ORD-202608-01526,Restaurantul Nostru,Ciorbă de Burtiță Tradițională,Ciorbe & Supe,1,28.0,28.0
ORD-202608-01526,Restaurantul Nostru,Salată de Ardei Copți,Salate,2,16.0,32.0
ORD-202608-01527,Restaurantul Nostru,Smântână Proaspătă 20%,Sosuri & Extra,1,5.0,5.0
ORD-202608-01527,Restaurantul Nostru,Bere Ciuc Premium la Draught 0.4L,Băuturi Alcoolice & Bere,2,14.0,28.0
ORD-202608-01527,Restaurantul Nostru,Frigărui de Berbecuț,Preparate la Grătar & Mici,2,58.0,116.0
ORD-202608-01527,Restaurantul Nostru,Coș de Pâine de Casă,Sosuri & Extra,1,7.0,7.0
ORD-202608-01528,Restaurantul Nostru,Salată Caesar cu Pui la Grătar,Salate,1,38.0,38.0
ORD-202608-01528,Restaurantul Nostru,Supă Cremă de Legume cu Crutoane,Ciorbe & Supe,1,22.0,22.0
ORD-202608-01528,Restaurantul Nostru,Pachet Vinul Casei Fetească Regală 1L,Băuturi Alcoolice & Bere,2,55.0,110.0
ORD-202608-01529,Restaurantul Nostru,Platou Gustări Rece Tradiționale,Cârnați & Platouri,1,85.0,85.0
ORD-202608-01529,Restaurantul Nostru,Salată de Ardei Copți,Salate,2,16.0,32.0
ORD-202608-01529,Restaurantul Nostru,Limonadă Proaspătă cu Miere și Mentă 0.5L,Băuturi Răcoritoare & Cafea,1,20.0,20.0
ORD-202608-01529,Restaurantul Nostru,Vin Purcari Rară Neagră Sticlă 0.75L,Băuturi Alcoolice & Bere,1,95.0,95.0
ORD-202608-01530,Restaurantul Nostru,Pachet Vinul Casei Fetească Regală 1L,Băuturi Alcoolice & Bere,1,55.0,55.0
ORD-202608-01530,Restaurantul Nostru,Muștar Clasic,Sosuri & Extra,3,4.0,12.0
ORD-202608-01531,Restaurantul Nostru,Salată de Ardei Copți,Salate,1,16.0,16.0
ORD-202608-01531,Restaurantul Nostru,Fasole Bătută cu Ceapă Călită,Aperitive & Gustări,2,20.0,40.0
ORD-202608-01531,Restaurantul Nostru,Salată Caesar cu Pui la Grătar,Salate,2,38.0,76.0
ORD-202608-01531,Restaurantul Nostru,Frăție de Mici & Cârnați,Preparate la Grătar & Mici,1,54.0,54.0
ORD-202608-01531,Restaurantul Nostru,Ștrudel de Mere cu Sos de Vanilie,Desert,1,25.0,25.0
ORD-202608-01532,Restaurantul Nostru,Bere Heineken 0.33L,Băuturi Alcoolice & Bere,1,16.0,16.0
ORD-202608-01532,Restaurantul Nostru,Apă Minerală / Plată Borsec 0.5L,Băuturi Răcoritoare & Cafea,1,10.0,10.0
ORD-202608-01532,Restaurantul Nostru,Salată Grecească,Salate,1,34.0,34.0
ORD-202608-01533,Restaurantul Nostru,Platou Gustări Rece Tradiționale,Cârnați & Platouri,1,85.0,85.0
ORD-202608-01533,Restaurantul Nostru,Tochitură Moldovenească cu Mămăligă,Mâncăruri Gătite & Specialități,1,48.0,48.0
ORD-202608-01534,Restaurantul Nostru,Cappuccino cu Spumă de Lapte,Băuturi Răcoritoare & Cafea,1,15.0,15.0
ORD-202608-01534,Restaurantul Nostru,Pachet Vinul Casei Fetească Regală 1L,Băuturi Alcoolice & Bere,1,55.0,55.0
ORD-202608-01534,Restaurantul Nostru,Mămăliguță Caldă,Garnituri,1,8.0,8.0
ORD-202608-01535,Restaurantul Nostru,Muștar Clasic,Sosuri & Extra,1,4.0,4.0
ORD-202608-01535,Restaurantul Nostru,Salată Grecească,Salate,1,34.0,34.0
ORD-202608-01535,Restaurantul Nostru,Ciorbă de Văcuță,Ciorbe & Supe,1,25.0,25.0
ORD-202608-01536,Restaurantul Nostru,Ciorbă de Burtiță Tradițională,Ciorbe & Supe,1,28.0,28.0
ORD-202608-01536,Restaurantul Nostru,Ciolan de Porc Rumexit la Cuptor,Mâncăruri Gătite & Specialități,1,78.0,78.0
ORD-202608-01536,Restaurantul Nostru,Varză Călită în Vin cu Chimen,Garnituri,1,15.0,15.0
ORD-202608-01536,Restaurantul Nostru,Platou Gustări Rece Tradiționale,Cârnați & Platouri,2,85.0,170.0
ORD-202608-01536,Restaurantul Nostru,Limonadă Proaspătă cu Miere și Mentă 0.5L,Băuturi Răcoritoare & Cafea,1,20.0,20.0
ORD-202608-01537,Restaurantul Nostru,Piept de Pui la Grătar,Preparate la Grătar & Mici,1,34.0,34.0
ORD-202608-01537,Restaurantul Nostru,Salată de Vinete Coapte pe Plită,Aperitive & Gustări,1,24.0,24.0
ORD-202608-01537,Restaurantul Nostru,Mici de Oaie și Vită (1 buc),Preparate la Grătar & Mici,1,8.5,8.5
ORD-202608-01537,Restaurantul Nostru,Ciorbă de Perișoare,Ciorbe & Supe,1,24.0,24.0
ORD-202608-01537,Restaurantul Nostru,Salată de Ardei Copți,Salate,1,16.0,16.0
ORD-202608-01538,Restaurantul Nostru,Piure de Cartofi cu Unt,Garnituri,3,16.0,48.0
ORD-202608-01538,Restaurantul Nostru,Ștrudel de Mere cu Sos de Vanilie,Desert,1,25.0,25.0
ORD-202608-01538,Restaurantul Nostru,Mici Românești de Vită-Porc (1 buc),Preparate la Grătar & Mici,1,7.5,7.5
ORD-202608-01538,Restaurantul Nostru,Coș de Pâine de Casă,Sosuri & Extra,1,7.0,7.0
ORD-202608-01538,Restaurantul Nostru,Limonadă Proaspătă cu Miere și Mentă 0.5L,Băuturi Răcoritoare & Cafea,1,20.0,20.0
ORD-202608-01539,Restaurantul Nostru,Papanași cu Smântână și Dulceață de Afine (2 buc),Desert,1,32.0,32.0
ORD-202608-01539,Restaurantul Nostru,Cârnați Picanți de Pleșcoi,Cârnați & Platouri,1,42.0,42.0
ORD-202608-01539,Restaurantul Nostru,Mujdei de Usturoi Tradițional,Sosuri & Extra,2,5.0,10.0
ORD-202608-01539,Restaurantul Nostru,Ciorbă Rădăuțeană de Pui,Ciorbe & Supe,1,26.0,26.0
ORD-202608-01539,Restaurantul Nostru,Apă Minerală / Plată Borsec 0.5L,Băuturi Răcoritoare & Cafea,2,10.0,20.0
ORD-202608-01540,Restaurantul Nostru,Salată de Ardei Copți,Salate,1,16.0,16.0
ORD-202608-01540,Restaurantul Nostru,Supă Cremă de Legume cu Crutoane,Ciorbe & Supe,1,22.0,22.0
ORD-202608-01541,Restaurantul Nostru,Coca-Cola / Coca-Cola Zero 0.33L,Băuturi Răcoritoare & Cafea,1,12.0,12.0
ORD-202608-01541,Restaurantul Nostru,Muștar Clasic,Sosuri & Extra,1,4.0,4.0
ORD-202608-01541,Restaurantul Nostru,Frigărui de Berbecuț,Preparate la Grătar & Mici,2,58.0,116.0
ORD-202608-01541,Restaurantul Nostru,Salată Caesar cu Pui la Grătar,Salate,2,38.0,76.0
ORD-202608-01541,Restaurantul Nostru,Iahnie de Fasole cu Bacon,Garnituri,1,16.0,16.0
ORD-202608-01542,Restaurantul Nostru,Varză Călită în Vin cu Chimen,Garnituri,2,15.0,30.0
ORD-202608-01542,Restaurantul Nostru,Bulz Ardelenesc la Grătar,Aperitive & Gustări,1,32.0,32.0
ORD-202608-01542,Restaurantul Nostru,Coca-Cola / Coca-Cola Zero 0.33L,Băuturi Răcoritoare & Cafea,1,12.0,12.0
ORD-202608-01542,Restaurantul Nostru,Ciorbă de Burtiță Tradițională,Ciorbe & Supe,1,28.0,28.0
ORD-202608-01543,Restaurantul Nostru,Clătite cu Finetti și Banane (2 buc),Desert,3,22.0,66.0
ORD-202608-01543,Restaurantul Nostru,Salată Caesar cu Pui la Grătar,Salate,2,38.0,76.0
ORD-202608-01544,Restaurantul Nostru,Sos Barbeque,Sosuri & Extra,1,6.0,6.0
ORD-202608-01544,Restaurantul Nostru,Piept de Pui la Grătar,Preparate la Grătar & Mici,1,34.0,34.0
ORD-202608-01544,Restaurantul Nostru,Ciorbă Rădăuțeană de Pui,Ciorbe & Supe,1,26.0,26.0
ORD-202608-01545,Restaurantul Nostru,Mici de Oaie și Vită (1 buc),Preparate la Grătar & Mici,1,8.5,8.5
ORD-202608-01545,Restaurantul Nostru,Platou Cârnați Asortați,Cârnați & Platouri,1,95.0,95.0
ORD-202608-01546,Restaurantul Nostru,Cârnați Picanți de Pleșcoi,Cârnați & Platouri,1,42.0,42.0
ORD-202608-01546,Restaurantul Nostru,Apă Minerală / Plată Borsec 0.5L,Băuturi Răcoritoare & Cafea,1,10.0,10.0
ORD-202608-01546,Restaurantul Nostru,Cașcaval Pane Crocant,Aperitive & Gustări,1,28.0,28.0
ORD-202608-01546,Restaurantul Nostru,Salată Caesar cu Pui la Grătar,Salate,2,38.0,76.0
ORD-202608-01546,Restaurantul Nostru,Sarmale Românești în Foi de Varză (4 buc),Mâncăruri Gătite & Specialități,2,44.0,88.0
ORD-202608-01547,Restaurantul Nostru,Fasole Bătută cu Ceapă Călită,Aperitive & Gustări,1,20.0,20.0
ORD-202608-01547,Restaurantul Nostru,Ciorbă de Burtiță Tradițională,Ciorbe & Supe,1,28.0,28.0
ORD-202608-01547,Restaurantul Nostru,Frigărui de Berbecuț,Preparate la Grătar & Mici,2,58.0,116.0
ORD-202608-01548,Restaurantul Nostru,Frigărui de Berbecuț,Preparate la Grătar & Mici,1,58.0,58.0
ORD-202608-01548,Restaurantul Nostru,Supă Cremă de Legume cu Crutoane,Ciorbe & Supe,1,22.0,22.0
ORD-202608-01548,Restaurantul Nostru,Ciorbă de Burtiță Tradițională,Ciorbe & Supe,1,28.0,28.0
ORD-202608-01548,Restaurantul Nostru,Burger Casei cu Cartofi Prăjiți,Mâncăruri Gătite & Specialități,1,49.0,49.0
ORD-202608-01549,Restaurantul Nostru,Ciorbă de Burtiță Tradițională,Ciorbe & Supe,1,28.0,28.0
ORD-202608-01549,Restaurantul Nostru,Burger Casei cu Cartofi Prăjiți,Mâncăruri Gătite & Specialități,1,49.0,49.0
ORD-202608-01549,Restaurantul Nostru,Ceafă de Porc la Grătar,Preparate la Grătar & Mici,1,38.0,38.0
ORD-202608-01549,Restaurantul Nostru,Platou Cârnați Asortați,Cârnați & Platouri,1,95.0,95.0
ORD-202608-01550,Restaurantul Nostru,Cașcaval Pane Crocant,Aperitive & Gustări,1,28.0,28.0
ORD-202608-01550,Restaurantul Nostru,Cappuccino cu Spumă de Lapte,Băuturi Răcoritoare & Cafea,2,15.0,30.0
ORD-202608-01550,Restaurantul Nostru,Ciorbă de Văcuță,Ciorbe & Supe,1,25.0,25.0
ORD-202608-01550,Restaurantul Nostru,Bere Heineken 0.33L,Băuturi Alcoolice & Bere,2,16.0,32.0
ORD-202608-01551,Restaurantul Nostru,Ștrudel de Mere cu Sos de Vanilie,Desert,1,25.0,25.0
ORD-202608-01551,Restaurantul Nostru,Cârnați Picanți de Pleșcoi,Cârnați & Platouri,1,42.0,42.0
ORD-202608-01551,Restaurantul Nostru,Salată de Ardei Copți,Salate,1,16.0,16.0
ORD-202608-01551,Restaurantul Nostru,Apă Minerală / Plată Borsec 0.5L,Băuturi Răcoritoare & Cafea,3,10.0,30.0
ORD-202608-01551,Restaurantul Nostru,Coș de Pâine de Casă,Sosuri & Extra,1,7.0,7.0
ORD-202608-01552,Restaurantul Nostru,Salată de Murături Asortate,Salate,1,14.0,14.0
ORD-202608-01552,Restaurantul Nostru,Cartofi Prăjiți cu Usturoi și Parmezan,Garnituri,1,18.0,18.0
ORD-202608-01552,Restaurantul Nostru,Frăție de Mici & Cârnați,Preparate la Grătar & Mici,1,54.0,54.0
ORD-202608-01552,Restaurantul Nostru,Mămăliguță Caldă,Garnituri,3,8.0,24.0
ORD-202608-01552,Restaurantul Nostru,Clătite cu Finetti și Banane (2 buc),Desert,1,22.0,22.0
ORD-202608-01553,Restaurantul Nostru,Salată de Vinete Coapte pe Plită,Aperitive & Gustări,1,24.0,24.0
ORD-202608-01553,Restaurantul Nostru,Coș de Pâine de Casă,Sosuri & Extra,1,7.0,7.0
ORD-202608-01553,Restaurantul Nostru,Platou Cârnați Asortați,Cârnați & Platouri,2,95.0,190.0
ORD-202608-01553,Restaurantul Nostru,Ciorbă de Burtiță Tradițională,Ciorbe & Supe,2,28.0,56.0
ORD-202608-01554,Restaurantul Nostru,Tochitură Moldovenească cu Mămăligă,Mâncăruri Gătite & Specialități,1,48.0,48.0
ORD-202608-01554,Restaurantul Nostru,Sarmale Românești în Foi de Varză (4 buc),Mâncăruri Gătite & Specialități,2,44.0,88.0
ORD-202608-01554,Restaurantul Nostru,Salată Caesar cu Pui la Grătar,Salate,1,38.0,38.0
ORD-202608-01554,Restaurantul Nostru,Coca-Cola / Coca-Cola Zero 0.33L,Băuturi Răcoritoare & Cafea,1,12.0,12.0
ORD-202608-01555,Restaurantul Nostru,Cârnați Picanți de Pleșcoi,Cârnați & Platouri,2,42.0,84.0
ORD-202608-01555,Restaurantul Nostru,Ciolan de Porc Rumexit la Cuptor,Mâncăruri Gătite & Specialități,1,78.0,78.0
ORD-202608-01555,Restaurantul Nostru,Sos Barbeque,Sosuri & Extra,1,6.0,6.0
ORD-202608-01555,Restaurantul Nostru,Mujdei de Usturoi Tradițional,Sosuri & Extra,1,5.0,5.0
ORD-202608-01556,Restaurantul Nostru,Coca-Cola / Coca-Cola Zero 0.33L,Băuturi Răcoritoare & Cafea,1,12.0,12.0
ORD-202608-01556,Restaurantul Nostru,Vin Purcari Rară Neagră Sticlă 0.75L,Băuturi Alcoolice & Bere,1,95.0,95.0
ORD-202608-01556,Restaurantul Nostru,Supă Cremă de Legume cu Crutoane,Ciorbe & Supe,1,22.0,22.0
ORD-202608-01557,Restaurantul Nostru,Iahnie de Fasole cu Bacon,Garnituri,1,16.0,16.0
ORD-202608-01557,Restaurantul Nostru,Țuică de Prune Ardelenească 50ml,Băuturi Alcoolice & Bere,1,18.0,18.0
ORD-202608-01557,Restaurantul Nostru,Papanași cu Smântână și Dulceață de Afine (2 buc),Desert,1,32.0,32.0
ORD-202608-01558,Restaurantul Nostru,Vin Purcari Rară Neagră Sticlă 0.75L,Băuturi Alcoolice & Bere,1,95.0,95.0
ORD-202608-01558,Restaurantul Nostru,Salată de Vinete Coapte pe Plită,Aperitive & Gustări,1,24.0,24.0
ORD-202608-01558,Restaurantul Nostru,Bere Heineken 0.33L,Băuturi Alcoolice & Bere,1,16.0,16.0
ORD-202608-01558,Restaurantul Nostru,Piure de Cartofi cu Unt,Garnituri,2,16.0,32.0
ORD-202608-01558,Restaurantul Nostru,Mici Românești de Vită-Porc (1 buc),Preparate la Grătar & Mici,1,7.5,7.5
ORD-202608-01559,Restaurantul Nostru,Țuică de Prune Ardelenească 50ml,Băuturi Alcoolice & Bere,1,18.0,18.0
ORD-202608-01559,Restaurantul Nostru,Supă Cremă de Legume cu Crutoane,Ciorbe & Supe,1,22.0,22.0
ORD-202608-01559,Restaurantul Nostru,Clătite cu Finetti și Banane (2 buc),Desert,1,22.0,22.0
ORD-202608-01559,Restaurantul Nostru,Smântână Proaspătă 20%,Sosuri & Extra,1,5.0,5.0
ORD-202608-01559,Restaurantul Nostru,Apă Minerală / Plată Borsec 0.5L,Băuturi Răcoritoare & Cafea,1,10.0,10.0
ORD-202608-01560,Restaurantul Nostru,Ciorbă de Văcuță,Ciorbe & Supe,1,25.0,25.0
ORD-202608-01560,Restaurantul Nostru,Bere Heineken 0.33L,Băuturi Alcoolice & Bere,1,16.0,16.0
ORD-202608-01560,Restaurantul Nostru,Bere Nepasteurizată Zăganu 0.5L,Băuturi Alcoolice & Bere,2,22.0,44.0
ORD-202608-01560,Restaurantul Nostru,Apă Minerală / Plată Borsec 0.5L,Băuturi Răcoritoare & Cafea,2,10.0,20.0
ORD-202608-01560,Restaurantul Nostru,Vin Purcari Rară Neagră Sticlă 0.75L,Băuturi Alcoolice & Bere,1,95.0,95.0
ORD-202608-01561,Restaurantul Nostru,Salată Grecească,Salate,1,34.0,34.0
ORD-202608-01561,Restaurantul Nostru,Cartofi Prăjiți cu Usturoi și Parmezan,Garnituri,1,18.0,18.0
ORD-202608-01561,Restaurantul Nostru,Șnițel Gigant de Pui Pane,Mâncăruri Gătite & Specialități,1,36.0,36.0
ORD-202608-01562,Restaurantul Nostru,Șnițel Gigant de Pui Pane,Mâncăruri Gătite & Specialități,2,36.0,72.0
ORD-202608-01562,Restaurantul Nostru,Papanași cu Smântână și Dulceață de Afine (2 buc),Desert,1,32.0,32.0
ORD-202608-01563,Restaurantul Nostru,Varză Călită în Vin cu Chimen,Garnituri,1,15.0,15.0
ORD-202608-01563,Restaurantul Nostru,Vin Purcari Rară Neagră Sticlă 0.75L,Băuturi Alcoolice & Bere,2,95.0,190.0
ORD-202608-01563,Restaurantul Nostru,Coș de Pâine de Casă,Sosuri & Extra,1,7.0,7.0
ORD-202608-01564,Restaurantul Nostru,Ciorbă de Văcuță,Ciorbe & Supe,1,25.0,25.0
ORD-202608-01564,Restaurantul Nostru,Burger Casei cu Cartofi Prăjiți,Mâncăruri Gătite & Specialități,1,49.0,49.0
ORD-202608-01564,Restaurantul Nostru,Ceafă de Porc la Grătar,Preparate la Grătar & Mici,1,38.0,38.0
ORD-202608-01565,Restaurantul Nostru,Coca-Cola / Coca-Cola Zero 0.33L,Băuturi Răcoritoare & Cafea,1,12.0,12.0
ORD-202608-01565,Restaurantul Nostru,Cappuccino cu Spumă de Lapte,Băuturi Răcoritoare & Cafea,1,15.0,15.0
ORD-202608-01565,Restaurantul Nostru,Mici Românești de Vită-Porc (1 buc),Preparate la Grătar & Mici,1,7.5,7.5
ORD-202608-01566,Restaurantul Nostru,Lava Cake cu Înghețată de Vanilie,Desert,1,28.0,28.0
ORD-202608-01566,Restaurantul Nostru,Muștar Clasic,Sosuri & Extra,1,4.0,4.0
ORD-202608-01566,Restaurantul Nostru,Papanași cu Smântână și Dulceață de Afine (2 buc),Desert,1,32.0,32.0
ORD-202608-01567,Restaurantul Nostru,Varză Călită în Vin cu Chimen,Garnituri,1,15.0,15.0
ORD-202608-01567,Restaurantul Nostru,Salată Grecească,Salate,1,34.0,34.0
ORD-202608-01567,Restaurantul Nostru,Platou Boieresc (2-3 persoane),Cârnați & Platouri,1,145.0,145.0
ORD-202608-01567,Restaurantul Nostru,Pastramă de Oaie la Tigaie cu Mămăligă,Mâncăruri Gătite & Specialități,1,56.0,56.0
ORD-202608-01568,Restaurantul Nostru,Ștrudel de Mere cu Sos de Vanilie,Desert,1,25.0,25.0
ORD-202608-01568,Restaurantul Nostru,Pastramă de Oaie la Tigaie cu Mămăligă,Mâncăruri Gătite & Specialități,2,56.0,112.0
ORD-202608-01568,Restaurantul Nostru,Ciorbă de Perișoare,Ciorbe & Supe,1,24.0,24.0
ORD-202608-01568,Restaurantul Nostru,Mujdei de Usturoi Tradițional,Sosuri & Extra,1,5.0,5.0
ORD-202608-01568,Restaurantul Nostru,Salată de Ardei Copți,Salate,1,16.0,16.0
ORD-202608-01569,Restaurantul Nostru,Frăție de Mici & Cârnați,Preparate la Grătar & Mici,1,54.0,54.0
ORD-202608-01569,Restaurantul Nostru,Bulz Ardelenesc la Grătar,Aperitive & Gustări,1,32.0,32.0
ORD-202608-01569,Restaurantul Nostru,Mămăliguță Caldă,Garnituri,1,8.0,8.0
ORD-202608-01570,Restaurantul Nostru,Salată de Ardei Copți,Salate,1,16.0,16.0
ORD-202608-01570,Restaurantul Nostru,Iahnie de Fasole cu Bacon,Garnituri,1,16.0,16.0
ORD-202608-01571,Restaurantul Nostru,Clătite cu Finetti și Banane (2 buc),Desert,1,22.0,22.0
ORD-202608-01571,Restaurantul Nostru,Bere Nepasteurizată Zăganu 0.5L,Băuturi Alcoolice & Bere,3,22.0,66.0
ORD-202608-01571,Restaurantul Nostru,Varză Călită în Vin cu Chimen,Garnituri,1,15.0,15.0
ORD-202608-01571,Restaurantul Nostru,Lava Cake cu Înghețată de Vanilie,Desert,1,28.0,28.0
ORD-202608-01572,Restaurantul Nostru,Salată de Vinete Coapte pe Plită,Aperitive & Gustări,1,24.0,24.0
ORD-202608-01572,Restaurantul Nostru,Apă Minerală / Plată Borsec 0.5L,Băuturi Răcoritoare & Cafea,3,10.0,30.0
ORD-202608-01572,Restaurantul Nostru,Mămăliguță Caldă,Garnituri,1,8.0,8.0
ORD-202608-01572,Restaurantul Nostru,Ceafă de Porc la Grătar,Preparate la Grătar & Mici,1,38.0,38.0
ORD-202608-01573,Restaurantul Nostru,Ciorbă de Văcuță,Ciorbe & Supe,1,25.0,25.0
ORD-202608-01573,Restaurantul Nostru,Mici Românești de Vită-Porc (1 buc),Preparate la Grătar & Mici,1,7.5,7.5
ORD-202608-01573,Restaurantul Nostru,Salată de Murături Asortate,Salate,1,14.0,14.0
ORD-202608-01573,Restaurantul Nostru,Pastramă de Oaie la Tigaie cu Mămăligă,Mâncăruri Gătite & Specialități,1,56.0,56.0
ORD-202608-01574,Restaurantul Nostru,Apă Minerală / Plată Borsec 0.5L,Băuturi Răcoritoare & Cafea,1,10.0,10.0
ORD-202608-01574,Restaurantul Nostru,Ciorbă Rădăuțeană de Pui,Ciorbe & Supe,1,26.0,26.0
ORD-202608-01574,Restaurantul Nostru,Clătite cu Finetti și Banane (2 buc),Desert,1,22.0,22.0
ORD-202608-01574,Restaurantul Nostru,Platou Gustări Rece Tradiționale,Cârnați & Platouri,1,85.0,85.0
ORD-202608-01575,Restaurantul Nostru,Fasole Bătută cu Ceapă Călită,Aperitive & Gustări,2,20.0,40.0
ORD-202608-01575,Restaurantul Nostru,Bulz Ardelenesc la Grătar,Aperitive & Gustări,2,32.0,64.0
ORD-202608-01575,Restaurantul Nostru,Cappuccino cu Spumă de Lapte,Băuturi Răcoritoare & Cafea,1,15.0,15.0
ORD-202608-01575,Restaurantul Nostru,Ciorbă Rădăuțeană de Pui,Ciorbe & Supe,2,26.0,52.0
ORD-202608-01576,Restaurantul Nostru,Salată de Murături Asortate,Salate,1,14.0,14.0
ORD-202608-01576,Restaurantul Nostru,Pachet Vinul Casei Fetească Regală 1L,Băuturi Alcoolice & Bere,2,55.0,110.0
ORD-202608-01576,Restaurantul Nostru,Bere Heineken 0.33L,Băuturi Alcoolice & Bere,2,16.0,32.0
ORD-202608-01576,Restaurantul Nostru,Ciorbă Rădăuțeană de Pui,Ciorbe & Supe,2,26.0,52.0
ORD-202608-01576,Restaurantul Nostru,Salată Caesar cu Pui la Grătar,Salate,2,38.0,76.0
ORD-202608-01577,Restaurantul Nostru,Pastramă de Oaie la Tigaie cu Mămăligă,Mâncăruri Gătite & Specialități,1,56.0,56.0
ORD-202608-01577,Restaurantul Nostru,Ceafă de Porc la Grătar,Preparate la Grătar & Mici,1,38.0,38.0
ORD-202608-01577,Restaurantul Nostru,Bere Nepasteurizată Zăganu 0.5L,Băuturi Alcoolice & Bere,1,22.0,22.0
ORD-202608-01578,Restaurantul Nostru,Limonadă Proaspătă cu Miere și Mentă 0.5L,Băuturi Răcoritoare & Cafea,2,20.0,40.0
ORD-202608-01578,Restaurantul Nostru,Ștrudel de Mere cu Sos de Vanilie,Desert,1,25.0,25.0
ORD-202608-01578,Restaurantul Nostru,Platou Gustări Rece Tradiționale,Cârnați & Platouri,1,85.0,85.0
ORD-202608-01579,Restaurantul Nostru,Limonadă Proaspătă cu Miere și Mentă 0.5L,Băuturi Răcoritoare & Cafea,1,20.0,20.0
ORD-202608-01579,Restaurantul Nostru,Platou Boieresc (2-3 persoane),Cârnați & Platouri,1,145.0,145.0
ORD-202608-01580,Restaurantul Nostru,Ciorbă de Burtiță Tradițională,Ciorbe & Supe,2,28.0,56.0
ORD-202608-01580,Restaurantul Nostru,Clătite cu Finetti și Banane (2 buc),Desert,1,22.0,22.0
ORD-202608-01580,Restaurantul Nostru,Ciorbă de Văcuță,Ciorbe & Supe,1,25.0,25.0
ORD-202608-01580,Restaurantul Nostru,Platou Boieresc (2-3 persoane),Cârnați & Platouri,1,145.0,145.0
ORD-202608-01580,Restaurantul Nostru,Coca-Cola / Coca-Cola Zero 0.33L,Băuturi Răcoritoare & Cafea,1,12.0,12.0
ORD-202608-01581,Restaurantul Nostru,Bere Heineken 0.33L,Băuturi Alcoolice & Bere,1,16.0,16.0
ORD-202608-01581,Restaurantul Nostru,Ciorbă de Burtiță Tradițională,Ciorbe & Supe,1,28.0,28.0
ORD-202608-01581,Restaurantul Nostru,Espresso Scurt / Lung Julius Meinl,Băuturi Răcoritoare & Cafea,1,12.0,12.0
ORD-202608-01581,Restaurantul Nostru,Piept de Pui la Grătar,Preparate la Grătar & Mici,1,34.0,34.0
ORD-202608-01582,Restaurantul Nostru,Cârnați Picanți de Pleșcoi,Cârnați & Platouri,1,42.0,42.0
ORD-202608-01582,Restaurantul Nostru,Supă Cremă de Legume cu Crutoane,Ciorbe & Supe,1,22.0,22.0
ORD-202608-01582,Restaurantul Nostru,Mici Românești de Vită-Porc (1 buc),Preparate la Grătar & Mici,1,7.5,7.5
ORD-202608-01582,Restaurantul Nostru,Pastramă de Oaie la Tigaie cu Mămăligă,Mâncăruri Gătite & Specialități,1,56.0,56.0
ORD-202608-01583,Restaurantul Nostru,Cașcaval Pane Crocant,Aperitive & Gustări,2,28.0,56.0
ORD-202608-01583,Restaurantul Nostru,Espresso Scurt / Lung Julius Meinl,Băuturi Răcoritoare & Cafea,1,12.0,12.0
ORD-202608-01583,Restaurantul Nostru,Platou Cârnați Asortați,Cârnați & Platouri,1,95.0,95.0
ORD-202608-01583,Restaurantul Nostru,Salată de Vinete Coapte pe Plită,Aperitive & Gustări,1,24.0,24.0
ORD-202608-01584,Restaurantul Nostru,Smântână Proaspătă 20%,Sosuri & Extra,1,5.0,5.0
ORD-202608-01584,Restaurantul Nostru,Ciorbă de Burtiță Tradițională,Ciorbe & Supe,1,28.0,28.0
ORD-202608-01585,Restaurantul Nostru,Varză Călită în Vin cu Chimen,Garnituri,2,15.0,30.0
ORD-202608-01585,Restaurantul Nostru,Salată Grecească,Salate,2,34.0,68.0
ORD-202608-01586,Restaurantul Nostru,Muștar Clasic,Sosuri & Extra,2,4.0,8.0
ORD-202608-01586,Restaurantul Nostru,Salată de Murături Asortate,Salate,1,14.0,14.0
ORD-202608-01587,Restaurantul Nostru,Coș de Pâine de Casă,Sosuri & Extra,1,7.0,7.0
ORD-202608-01587,Restaurantul Nostru,Mici Românești de Vită-Porc (1 buc),Preparate la Grătar & Mici,2,7.5,15.0
ORD-202608-01587,Restaurantul Nostru,Bere Nepasteurizată Zăganu 0.5L,Băuturi Alcoolice & Bere,2,22.0,44.0
ORD-202608-01588,Restaurantul Nostru,Ciorbă de Burtiță Tradițională,Ciorbe & Supe,1,28.0,28.0
ORD-202608-01588,Restaurantul Nostru,Ciolan de Porc Rumexit la Cuptor,Mâncăruri Gătite & Specialități,1,78.0,78.0
ORD-202608-01588,Restaurantul Nostru,Bere Nepasteurizată Zăganu 0.5L,Băuturi Alcoolice & Bere,1,22.0,22.0
ORD-202608-01588,Restaurantul Nostru,Salată de Ardei Copți,Salate,1,16.0,16.0
ORD-202608-01588,Restaurantul Nostru,Salată Caesar cu Pui la Grătar,Salate,1,38.0,38.0
ORD-202608-01589,Restaurantul Nostru,Coș de Pâine de Casă,Sosuri & Extra,1,7.0,7.0
ORD-202608-01589,Restaurantul Nostru,Bere Nepasteurizată Zăganu 0.5L,Băuturi Alcoolice & Bere,1,22.0,22.0
ORD-202608-01590,Restaurantul Nostru,Coș de Pâine de Casă,Sosuri & Extra,1,7.0,7.0
ORD-202608-01590,Restaurantul Nostru,Fasole Bătută cu Ceapă Călită,Aperitive & Gustări,1,20.0,20.0
ORD-202608-01591,Restaurantul Nostru,Piure de Cartofi cu Unt,Garnituri,1,16.0,16.0
ORD-202608-01591,Restaurantul Nostru,Supă Cremă de Legume cu Crutoane,Ciorbe & Supe,1,22.0,22.0
ORD-202608-01591,Restaurantul Nostru,Țuică de Prune Ardelenească 50ml,Băuturi Alcoolice & Bere,2,18.0,36.0
ORD-202608-01591,Restaurantul Nostru,Platou Cârnați Asortați,Cârnați & Platouri,2,95.0,190.0
ORD-202608-01591,Restaurantul Nostru,Vin Purcari Rară Neagră Sticlă 0.75L,Băuturi Alcoolice & Bere,1,95.0,95.0
ORD-202608-01592,Restaurantul Nostru,Mici de Oaie și Vită (1 buc),Preparate la Grătar & Mici,1,8.5,8.5
ORD-202608-01592,Restaurantul Nostru,Supă Cremă de Legume cu Crutoane,Ciorbe & Supe,1,22.0,22.0
ORD-202608-01592,Restaurantul Nostru,Cartofi Prăjiți cu Usturoi și Parmezan,Garnituri,1,18.0,18.0
ORD-202608-01592,Restaurantul Nostru,Ștrudel de Mere cu Sos de Vanilie,Desert,1,25.0,25.0
ORD-202608-01593,Restaurantul Nostru,Țuică de Prune Ardelenească 50ml,Băuturi Alcoolice & Bere,1,18.0,18.0
ORD-202608-01593,Restaurantul Nostru,Bulz Ardelenesc la Grătar,Aperitive & Gustări,1,32.0,32.0
ORD-202608-01593,Restaurantul Nostru,Cappuccino cu Spumă de Lapte,Băuturi Răcoritoare & Cafea,1,15.0,15.0
ORD-202608-01593,Restaurantul Nostru,Bere Nepasteurizată Zăganu 0.5L,Băuturi Alcoolice & Bere,2,22.0,44.0
ORD-202608-01593,Restaurantul Nostru,Pastramă de Oaie la Tigaie cu Mămăligă,Mâncăruri Gătite & Specialități,1,56.0,56.0
ORD-202608-01594,Restaurantul Nostru,Salată Grecească,Salate,2,34.0,68.0
ORD-202608-01594,Restaurantul Nostru,Piure de Cartofi cu Unt,Garnituri,1,16.0,16.0
ORD-202608-01594,Restaurantul Nostru,Apă Minerală / Plată Borsec 0.5L,Băuturi Răcoritoare & Cafea,1,10.0,10.0
ORD-202608-01594,Restaurantul Nostru,Ștrudel de Mere cu Sos de Vanilie,Desert,1,25.0,25.0
ORD-202608-01595,Restaurantul Nostru,Platou Boieresc (2-3 persoane),Cârnați & Platouri,1,145.0,145.0
ORD-202608-01595,Restaurantul Nostru,Apă Minerală / Plată Borsec 0.5L,Băuturi Răcoritoare & Cafea,1,10.0,10.0
ORD-202608-01596,Restaurantul Nostru,Piure de Cartofi cu Unt,Garnituri,1,16.0,16.0
ORD-202608-01596,Restaurantul Nostru,Șnițel Gigant de Pui Pane,Mâncăruri Gătite & Specialități,2,36.0,72.0
ORD-202608-01596,Restaurantul Nostru,Iahnie de Fasole cu Bacon,Garnituri,1,16.0,16.0
ORD-202608-01596,Restaurantul Nostru,Frigărui de Berbecuț,Preparate la Grătar & Mici,1,58.0,58.0
ORD-202608-01596,Restaurantul Nostru,Platou Gustări Rece Tradiționale,Cârnați & Platouri,1,85.0,85.0
ORD-202608-01597,Restaurantul Nostru,Cașcaval Pane Crocant,Aperitive & Gustări,1,28.0,28.0
ORD-202608-01597,Restaurantul Nostru,Pastramă de Oaie la Tigaie cu Mămăligă,Mâncăruri Gătite & Specialități,1,56.0,56.0
ORD-202608-01598,Restaurantul Nostru,Coca-Cola / Coca-Cola Zero 0.33L,Băuturi Răcoritoare & Cafea,1,12.0,12.0
ORD-202608-01598,Restaurantul Nostru,Bere Heineken 0.33L,Băuturi Alcoolice & Bere,1,16.0,16.0
ORD-202608-01598,Restaurantul Nostru,Apă Minerală / Plată Borsec 0.5L,Băuturi Răcoritoare & Cafea,1,10.0,10.0
ORD-202608-01598,Restaurantul Nostru,Mici Românești de Vită-Porc (1 buc),Preparate la Grătar & Mici,1,7.5,7.5
ORD-202608-01598,Restaurantul Nostru,Bere Ciuc Premium la Draught 0.4L,Băuturi Alcoolice & Bere,1,14.0,14.0
ORD-202608-01599,Restaurantul Nostru,Fasole Bătută cu Ceapă Călită,Aperitive & Gustări,2,20.0,40.0
ORD-202608-01599,Restaurantul Nostru,Salată Grecească,Salate,1,34.0,34.0
ORD-202608-01600,Restaurantul Nostru,Frigărui de Berbecuț,Preparate la Grătar & Mici,1,58.0,58.0
ORD-202608-01600,Restaurantul Nostru,Smântână Proaspătă 20%,Sosuri & Extra,1,5.0,5.0
ORD-202608-01600,Restaurantul Nostru,Mujdei de Usturoi Tradițional,Sosuri & Extra,1,5.0,5.0
ORD-202608-01601,Restaurantul Nostru,Bere Nepasteurizată Zăganu 0.5L,Băuturi Alcoolice & Bere,1,22.0,22.0
ORD-202608-01601,Restaurantul Nostru,Bere Heineken 0.33L,Băuturi Alcoolice & Bere,1,16.0,16.0
ORD-202608-01601,Restaurantul Nostru,Mămăliguță Caldă,Garnituri,1,8.0,8.0
ORD-202608-01602,Restaurantul Nostru,Salată de Murături Asortate,Salate,1,14.0,14.0
ORD-202608-01602,Restaurantul Nostru,Mici de Oaie și Vită (1 buc),Preparate la Grătar & Mici,1,8.5,8.5
ORD-202608-01602,Restaurantul Nostru,Pastramă de Oaie la Tigaie cu Mămăligă,Mâncăruri Gătite & Specialități,1,56.0,56.0
ORD-202608-01602,Restaurantul Nostru,Ciolan de Porc Rumexit la Cuptor,Mâncăruri Gătite & Specialități,1,78.0,78.0
ORD-202608-01602,Restaurantul Nostru,Coca-Cola / Coca-Cola Zero 0.33L,Băuturi Răcoritoare & Cafea,1,12.0,12.0
ORD-202608-01603,Restaurantul Nostru,Muștar Clasic,Sosuri & Extra,2,4.0,8.0
ORD-202608-01603,Restaurantul Nostru,Frigărui de Berbecuț,Preparate la Grătar & Mici,2,58.0,116.0
ORD-202608-01604,Restaurantul Nostru,Salată Caesar cu Pui la Grătar,Salate,1,38.0,38.0
ORD-202608-01604,Restaurantul Nostru,Varză Călită în Vin cu Chimen,Garnituri,3,15.0,45.0
ORD-202608-01605,Restaurantul Nostru,Pastramă de Oaie la Tigaie cu Mămăligă,Mâncăruri Gătite & Specialități,1,56.0,56.0
ORD-202608-01605,Restaurantul Nostru,Platou Gustări Rece Tradiționale,Cârnați & Platouri,1,85.0,85.0
ORD-202608-01605,Restaurantul Nostru,Ciorbă de Văcuță,Ciorbe & Supe,1,25.0,25.0
ORD-202608-01605,Restaurantul Nostru,Bere Ciuc Premium la Draught 0.4L,Băuturi Alcoolice & Bere,1,14.0,14.0
ORD-202608-01605,Restaurantul Nostru,Salată Caesar cu Pui la Grătar,Salate,1,38.0,38.0
ORD-202608-01606,Restaurantul Nostru,Piept de Pui la Grătar,Preparate la Grătar & Mici,1,34.0,34.0
ORD-202608-01606,Restaurantul Nostru,Bere Nepasteurizată Zăganu 0.5L,Băuturi Alcoolice & Bere,1,22.0,22.0
ORD-202608-01606,Restaurantul Nostru,Pachet Vinul Casei Fetească Regală 1L,Băuturi Alcoolice & Bere,2,55.0,110.0
ORD-202608-01607,Restaurantul Nostru,Cârnați Picanți de Pleșcoi,Cârnați & Platouri,1,42.0,42.0
ORD-202608-01607,Restaurantul Nostru,Mujdei de Usturoi Tradițional,Sosuri & Extra,1,5.0,5.0
ORD-202608-01607,Restaurantul Nostru,Cartofi Prăjiți cu Usturoi și Parmezan,Garnituri,1,18.0,18.0
ORD-202608-01607,Restaurantul Nostru,Varză Călită în Vin cu Chimen,Garnituri,1,15.0,15.0
ORD-202608-01608,Restaurantul Nostru,Ciorbă Rădăuțeană de Pui,Ciorbe & Supe,1,26.0,26.0
ORD-202608-01608,Restaurantul Nostru,Ștrudel de Mere cu Sos de Vanilie,Desert,1,25.0,25.0
ORD-202608-01608,Restaurantul Nostru,Iahnie de Fasole cu Bacon,Garnituri,3,16.0,48.0
ORD-202608-01608,Restaurantul Nostru,Frigărui de Berbecuț,Preparate la Grătar & Mici,1,58.0,58.0
ORD-202608-01609,Restaurantul Nostru,Cappuccino cu Spumă de Lapte,Băuturi Răcoritoare & Cafea,1,15.0,15.0
ORD-202608-01609,Restaurantul Nostru,Pastramă de Oaie la Tigaie cu Mămăligă,Mâncăruri Gătite & Specialități,1,56.0,56.0
ORD-202608-01610,Restaurantul Nostru,Vin Purcari Rară Neagră Sticlă 0.75L,Băuturi Alcoolice & Bere,1,95.0,95.0
ORD-202608-01610,Restaurantul Nostru,Salată Caesar cu Pui la Grătar,Salate,2,38.0,76.0
ORD-202608-01610,Restaurantul Nostru,Pastramă de Oaie la Tigaie cu Mămăligă,Mâncăruri Gătite & Specialități,2,56.0,112.0
ORD-202608-01611,Restaurantul Nostru,Mămăliguță Caldă,Garnituri,1,8.0,8.0
ORD-202608-01611,Restaurantul Nostru,Piept de Pui la Grătar,Preparate la Grătar & Mici,1,34.0,34.0
ORD-202608-01612,Restaurantul Nostru,Cappuccino cu Spumă de Lapte,Băuturi Răcoritoare & Cafea,1,15.0,15.0
ORD-202608-01612,Restaurantul Nostru,Piure de Cartofi cu Unt,Garnituri,1,16.0,16.0
ORD-202608-01613,Restaurantul Nostru,Platou Gustări Rece Tradiționale,Cârnați & Platouri,1,85.0,85.0
ORD-202608-01613,Restaurantul Nostru,Frigărui de Berbecuț,Preparate la Grătar & Mici,3,58.0,174.0
ORD-202608-01613,Restaurantul Nostru,Cârnați Picanți de Pleșcoi,Cârnați & Platouri,1,42.0,42.0
ORD-202608-01614,Restaurantul Nostru,Cappuccino cu Spumă de Lapte,Băuturi Răcoritoare & Cafea,1,15.0,15.0
ORD-202608-01614,Restaurantul Nostru,Burger Casei cu Cartofi Prăjiți,Mâncăruri Gătite & Specialități,2,49.0,98.0
ORD-202608-01614,Restaurantul Nostru,Ciorbă de Văcuță,Ciorbe & Supe,1,25.0,25.0
ORD-202608-01615,Restaurantul Nostru,Pastramă de Oaie la Tigaie cu Mămăligă,Mâncăruri Gătite & Specialități,3,56.0,168.0
ORD-202608-01615,Restaurantul Nostru,Coca-Cola / Coca-Cola Zero 0.33L,Băuturi Răcoritoare & Cafea,1,12.0,12.0
ORD-202608-01615,Restaurantul Nostru,Țuică de Prune Ardelenească 50ml,Băuturi Alcoolice & Bere,1,18.0,18.0
ORD-202608-01615,Restaurantul Nostru,Salată Grecească,Salate,1,34.0,34.0
ORD-202608-01616,Restaurantul Nostru,Piure de Cartofi cu Unt,Garnituri,1,16.0,16.0
ORD-202608-01616,Restaurantul Nostru,Coca-Cola / Coca-Cola Zero 0.33L,Băuturi Răcoritoare & Cafea,1,12.0,12.0
ORD-202608-01617,Restaurantul Nostru,Tochitură Moldovenească cu Mămăligă,Mâncăruri Gătite & Specialități,1,48.0,48.0
ORD-202608-01617,Restaurantul Nostru,Burger Casei cu Cartofi Prăjiți,Mâncăruri Gătite & Specialități,1,49.0,49.0
ORD-202608-01617,Restaurantul Nostru,Ștrudel de Mere cu Sos de Vanilie,Desert,1,25.0,25.0
ORD-202608-01617,Restaurantul Nostru,Platou Boieresc (2-3 persoane),Cârnați & Platouri,1,145.0,145.0
ORD-202608-01617,Restaurantul Nostru,Muștar Clasic,Sosuri & Extra,1,4.0,4.0
ORD-202608-01618,Restaurantul Nostru,Mici Românești de Vită-Porc (1 buc),Preparate la Grătar & Mici,2,7.5,15.0
ORD-202608-01618,Restaurantul Nostru,Mici de Oaie și Vită (1 buc),Preparate la Grătar & Mici,1,8.5,8.5
ORD-202608-01618,Restaurantul Nostru,Salată Grecească,Salate,2,34.0,68.0
ORD-202608-01618,Restaurantul Nostru,Clătite cu Finetti și Banane (2 buc),Desert,2,22.0,44.0
ORD-202608-01619,Restaurantul Nostru,Clătite cu Finetti și Banane (2 buc),Desert,2,22.0,44.0
ORD-202608-01619,Restaurantul Nostru,Ciolan de Porc Rumexit la Cuptor,Mâncăruri Gătite & Specialități,2,78.0,156.0
ORD-202608-01619,Restaurantul Nostru,Platou Cârnați Asortați,Cârnați & Platouri,2,95.0,190.0
ORD-202608-01619,Restaurantul Nostru,Piure de Cartofi cu Unt,Garnituri,2,16.0,32.0
ORD-202608-01619,Restaurantul Nostru,Fasole Bătută cu Ceapă Călită,Aperitive & Gustări,1,20.0,20.0
ORD-202608-01620,Restaurantul Nostru,Iahnie de Fasole cu Bacon,Garnituri,3,16.0,48.0
ORD-202608-01620,Restaurantul Nostru,Țuică de Prune Ardelenească 50ml,Băuturi Alcoolice & Bere,1,18.0,18.0
ORD-202608-01621,Restaurantul Nostru,Cappuccino cu Spumă de Lapte,Băuturi Răcoritoare & Cafea,1,15.0,15.0
ORD-202608-01621,Restaurantul Nostru,Burger Casei cu Cartofi Prăjiți,Mâncăruri Gătite & Specialități,1,49.0,49.0
ORD-202608-01621,Restaurantul Nostru,Platou Cârnați Asortați,Cârnați & Platouri,1,95.0,95.0
ORD-202608-01622,Restaurantul Nostru,Piept de Pui la Grătar,Preparate la Grătar & Mici,3,34.0,102.0
ORD-202608-01622,Restaurantul Nostru,Ștrudel de Mere cu Sos de Vanilie,Desert,1,25.0,25.0
ORD-202608-01622,Restaurantul Nostru,Salată de Ardei Copți,Salate,1,16.0,16.0
ORD-202608-01623,Restaurantul Nostru,Frigărui de Berbecuț,Preparate la Grătar & Mici,1,58.0,58.0
ORD-202608-01623,Restaurantul Nostru,Apă Minerală / Plată Borsec 0.5L,Băuturi Răcoritoare & Cafea,1,10.0,10.0
ORD-202608-01624,Restaurantul Nostru,Cârnați Picanți de Pleșcoi,Cârnați & Platouri,2,42.0,84.0
ORD-202608-01624,Restaurantul Nostru,Vin Purcari Rară Neagră Sticlă 0.75L,Băuturi Alcoolice & Bere,1,95.0,95.0
ORD-202608-01624,Restaurantul Nostru,Ciorbă de Perișoare,Ciorbe & Supe,1,24.0,24.0
ORD-202608-01624,Restaurantul Nostru,Sos Barbeque,Sosuri & Extra,1,6.0,6.0
ORD-202608-01624,Restaurantul Nostru,Bere Nepasteurizată Zăganu 0.5L,Băuturi Alcoolice & Bere,1,22.0,22.0
ORD-202608-01625,Restaurantul Nostru,Cartofi Prăjiți cu Usturoi și Parmezan,Garnituri,1,18.0,18.0
ORD-202608-01625,Restaurantul Nostru,Bere Ciuc Premium la Draught 0.4L,Băuturi Alcoolice & Bere,1,14.0,14.0
ORD-202608-01625,Restaurantul Nostru,Cașcaval Pane Crocant,Aperitive & Gustări,1,28.0,28.0
ORD-202608-01625,Restaurantul Nostru,Muștar Clasic,Sosuri & Extra,1,4.0,4.0
ORD-202608-01626,Restaurantul Nostru,Bere Heineken 0.33L,Băuturi Alcoolice & Bere,1,16.0,16.0
ORD-202608-01626,Restaurantul Nostru,Piure de Cartofi cu Unt,Garnituri,1,16.0,16.0
ORD-202608-01626,Restaurantul Nostru,Varză Călită în Vin cu Chimen,Garnituri,1,15.0,15.0
ORD-202608-01626,Restaurantul Nostru,Platou Cârnați Asortați,Cârnați & Platouri,3,95.0,285.0
ORD-202608-01626,Restaurantul Nostru,Burger Casei cu Cartofi Prăjiți,Mâncăruri Gătite & Specialități,1,49.0,49.0
ORD-202608-01627,Restaurantul Nostru,Clătite cu Finetti și Banane (2 buc),Desert,1,22.0,22.0
ORD-202608-01627,Restaurantul Nostru,Tochitură Moldovenească cu Mămăligă,Mâncăruri Gătite & Specialități,1,48.0,48.0
ORD-202608-01627,Restaurantul Nostru,Papanași cu Smântână și Dulceață de Afine (2 buc),Desert,3,32.0,96.0
ORD-202608-01627,Restaurantul Nostru,Pastramă de Oaie la Tigaie cu Mămăligă,Mâncăruri Gătite & Specialități,1,56.0,56.0
ORD-202608-01627,Restaurantul Nostru,Ciorbă de Perișoare,Ciorbe & Supe,1,24.0,24.0
ORD-202608-01628,Restaurantul Nostru,Pachet Vinul Casei Fetească Regală 1L,Băuturi Alcoolice & Bere,1,55.0,55.0
ORD-202608-01628,Restaurantul Nostru,Frigărui de Berbecuț,Preparate la Grătar & Mici,1,58.0,58.0
ORD-202608-01628,Restaurantul Nostru,Ciorbă de Perișoare,Ciorbe & Supe,2,24.0,48.0
ORD-202608-01629,Restaurantul Nostru,Ciorbă de Burtiță Tradițională,Ciorbe & Supe,1,28.0,28.0
ORD-202608-01629,Restaurantul Nostru,Cartofi Prăjiți cu Usturoi și Parmezan,Garnituri,1,18.0,18.0
ORD-202608-01629,Restaurantul Nostru,Smântână Proaspătă 20%,Sosuri & Extra,2,5.0,10.0
ORD-202608-01629,Restaurantul Nostru,Salată de Ardei Copți,Salate,1,16.0,16.0
ORD-202608-01629,Restaurantul Nostru,Mici Românești de Vită-Porc (1 buc),Preparate la Grătar & Mici,1,7.5,7.5
ORD-202608-01630,Restaurantul Nostru,Coca-Cola / Coca-Cola Zero 0.33L,Băuturi Răcoritoare & Cafea,2,12.0,24.0
ORD-202608-01630,Restaurantul Nostru,Salată Grecească,Salate,2,34.0,68.0
ORD-202608-01631,Restaurantul Nostru,Iahnie de Fasole cu Bacon,Garnituri,1,16.0,16.0
ORD-202608-01631,Restaurantul Nostru,Espresso Scurt / Lung Julius Meinl,Băuturi Răcoritoare & Cafea,1,12.0,12.0
ORD-202608-01632,Restaurantul Nostru,Supă Cremă de Legume cu Crutoane,Ciorbe & Supe,1,22.0,22.0
ORD-202608-01632,Restaurantul Nostru,Ștrudel de Mere cu Sos de Vanilie,Desert,1,25.0,25.0
ORD-202608-01632,Restaurantul Nostru,Salată Caesar cu Pui la Grătar,Salate,2,38.0,76.0
ORD-202608-01633,Restaurantul Nostru,Cartofi Prăjiți cu Usturoi și Parmezan,Garnituri,1,18.0,18.0
ORD-202608-01633,Restaurantul Nostru,Muștar Clasic,Sosuri & Extra,1,4.0,4.0
ORD-202608-01634,Restaurantul Nostru,Platou Boieresc (2-3 persoane),Cârnați & Platouri,1,145.0,145.0
ORD-202608-01634,Restaurantul Nostru,Ciorbă de Burtiță Tradițională,Ciorbe & Supe,1,28.0,28.0
ORD-202608-01634,Restaurantul Nostru,Cârnați Picanți de Pleșcoi,Cârnați & Platouri,2,42.0,84.0
ORD-202608-01634,Restaurantul Nostru,Cartofi Prăjiți cu Usturoi și Parmezan,Garnituri,1,18.0,18.0
ORD-202608-01634,Restaurantul Nostru,Clătite cu Finetti și Banane (2 buc),Desert,1,22.0,22.0
ORD-202608-01635,Restaurantul Nostru,Clătite cu Finetti și Banane (2 buc),Desert,1,22.0,22.0
ORD-202608-01635,Restaurantul Nostru,Pastramă de Oaie la Tigaie cu Mămăligă,Mâncăruri Gătite & Specialități,1,56.0,56.0
ORD-202608-01636,Restaurantul Nostru,Varză Călită în Vin cu Chimen,Garnituri,1,15.0,15.0
ORD-202608-01636,Restaurantul Nostru,Salată de Vinete Coapte pe Plită,Aperitive & Gustări,3,24.0,72.0
ORD-202608-01636,Restaurantul Nostru,Ciorbă de Văcuță,Ciorbe & Supe,1,25.0,25.0
ORD-202608-01636,Restaurantul Nostru,Platou Boieresc (2-3 persoane),Cârnați & Platouri,1,145.0,145.0
ORD-202608-01636,Restaurantul Nostru,Salată de Murături Asortate,Salate,1,14.0,14.0
ORD-202608-01637,Restaurantul Nostru,Pachet Vinul Casei Fetească Regală 1L,Băuturi Alcoolice & Bere,2,55.0,110.0
ORD-202608-01637,Restaurantul Nostru,Mămăliguță Caldă,Garnituri,1,8.0,8.0
ORD-202608-01638,Restaurantul Nostru,Vin Purcari Rară Neagră Sticlă 0.75L,Băuturi Alcoolice & Bere,1,95.0,95.0
ORD-202608-01638,Restaurantul Nostru,Ștrudel de Mere cu Sos de Vanilie,Desert,1,25.0,25.0
ORD-202608-01639,Restaurantul Nostru,Supă Cremă de Legume cu Crutoane,Ciorbe & Supe,2,22.0,44.0
ORD-202608-01639,Restaurantul Nostru,Vin Purcari Rară Neagră Sticlă 0.75L,Băuturi Alcoolice & Bere,1,95.0,95.0
ORD-202608-01640,Restaurantul Nostru,Platou Cârnați Asortați,Cârnați & Platouri,1,95.0,95.0
ORD-202608-01640,Restaurantul Nostru,Frăție de Mici & Cârnați,Preparate la Grătar & Mici,1,54.0,54.0
ORD-202608-01640,Restaurantul Nostru,Țuică de Prune Ardelenească 50ml,Băuturi Alcoolice & Bere,1,18.0,18.0
ORD-202608-01640,Restaurantul Nostru,Smântână Proaspătă 20%,Sosuri & Extra,2,5.0,10.0
ORD-202608-01641,Restaurantul Nostru,Mujdei de Usturoi Tradițional,Sosuri & Extra,1,5.0,5.0
ORD-202608-01641,Restaurantul Nostru,Coș de Pâine de Casă,Sosuri & Extra,2,7.0,14.0
ORD-202608-01641,Restaurantul Nostru,Salată de Ardei Copți,Salate,1,16.0,16.0
ORD-202608-01641,Restaurantul Nostru,Ciorbă de Perișoare,Ciorbe & Supe,2,24.0,48.0
ORD-202608-01641,Restaurantul Nostru,Fasole Bătută cu Ceapă Călită,Aperitive & Gustări,1,20.0,20.0
ORD-202608-01642,Restaurantul Nostru,Ciorbă de Văcuță,Ciorbe & Supe,1,25.0,25.0
ORD-202608-01642,Restaurantul Nostru,Piure de Cartofi cu Unt,Garnituri,1,16.0,16.0
ORD-202608-01643,Restaurantul Nostru,Bere Nepasteurizată Zăganu 0.5L,Băuturi Alcoolice & Bere,1,22.0,22.0
ORD-202608-01643,Restaurantul Nostru,Șnițel Gigant de Pui Pane,Mâncăruri Gătite & Specialități,2,36.0,72.0
ORD-202608-01643,Restaurantul Nostru,Salată de Vinete Coapte pe Plită,Aperitive & Gustări,1,24.0,24.0
ORD-202608-01643,Restaurantul Nostru,Cappuccino cu Spumă de Lapte,Băuturi Răcoritoare & Cafea,1,15.0,15.0
ORD-202608-01643,Restaurantul Nostru,Papanași cu Smântână și Dulceață de Afine (2 buc),Desert,1,32.0,32.0
ORD-202608-01644,Restaurantul Nostru,Ciolan de Porc Rumexit la Cuptor,Mâncăruri Gătite & Specialități,2,78.0,156.0
ORD-202608-01644,Restaurantul Nostru,Salată Grecească,Salate,1,34.0,34.0
ORD-202608-01644,Restaurantul Nostru,Cappuccino cu Spumă de Lapte,Băuturi Răcoritoare & Cafea,1,15.0,15.0
ORD-202608-01644,Restaurantul Nostru,Țuică de Prune Ardelenească 50ml,Băuturi Alcoolice & Bere,1,18.0,18.0
ORD-202608-01645,Restaurantul Nostru,Ciorbă de Perișoare,Ciorbe & Supe,2,24.0,48.0
ORD-202608-01645,Restaurantul Nostru,Burger Casei cu Cartofi Prăjiți,Mâncăruri Gătite & Specialități,1,49.0,49.0
ORD-202608-01646,Restaurantul Nostru,Salată de Murături Asortate,Salate,1,14.0,14.0
ORD-202608-01646,Restaurantul Nostru,Platou Boieresc (2-3 persoane),Cârnați & Platouri,1,145.0,145.0
ORD-202608-01646,Restaurantul Nostru,Ștrudel de Mere cu Sos de Vanilie,Desert,1,25.0,25.0
ORD-202608-01646,Restaurantul Nostru,Platou Gustări Rece Tradiționale,Cârnați & Platouri,1,85.0,85.0
ORD-202608-01647,Restaurantul Nostru,Mujdei de Usturoi Tradițional,Sosuri & Extra,2,5.0,10.0
ORD-202608-01647,Restaurantul Nostru,Ștrudel de Mere cu Sos de Vanilie,Desert,1,25.0,25.0
ORD-202608-01647,Restaurantul Nostru,Supă Cremă de Legume cu Crutoane,Ciorbe & Supe,2,22.0,44.0
ORD-202608-01648,Restaurantul Nostru,Apă Minerală / Plată Borsec 0.5L,Băuturi Răcoritoare & Cafea,1,10.0,10.0
ORD-202608-01648,Restaurantul Nostru,Cartofi Prăjiți cu Usturoi și Parmezan,Garnituri,1,18.0,18.0
ORD-202608-01649,Restaurantul Nostru,Cașcaval Pane Crocant,Aperitive & Gustări,1,28.0,28.0
ORD-202608-01649,Restaurantul Nostru,Ceafă de Porc la Grătar,Preparate la Grătar & Mici,1,38.0,38.0
ORD-202608-01649,Restaurantul Nostru,Cartofi Prăjiți cu Usturoi și Parmezan,Garnituri,2,18.0,36.0
ORD-202608-01649,Restaurantul Nostru,Bere Heineken 0.33L,Băuturi Alcoolice & Bere,1,16.0,16.0
ORD-202608-01650,Restaurantul Nostru,Șnițel Gigant de Pui Pane,Mâncăruri Gătite & Specialități,1,36.0,36.0
ORD-202608-01650,Restaurantul Nostru,Bere Ciuc Premium la Draught 0.4L,Băuturi Alcoolice & Bere,1,14.0,14.0
ORD-202608-01650,Restaurantul Nostru,Cappuccino cu Spumă de Lapte,Băuturi Răcoritoare & Cafea,2,15.0,30.0
ORD-202608-01650,Restaurantul Nostru,Pachet Vinul Casei Fetească Regală 1L,Băuturi Alcoolice & Bere,2,55.0,110.0
ORD-202608-01650,Restaurantul Nostru,Apă Minerală / Plată Borsec 0.5L,Băuturi Răcoritoare & Cafea,1,10.0,10.0
ORD-202608-01651,Restaurantul Nostru,Cașcaval Pane Crocant,Aperitive & Gustări,1,28.0,28.0
ORD-202608-01651,Restaurantul Nostru,Smântână Proaspătă 20%,Sosuri & Extra,1,5.0,5.0
ORD-202608-01651,Restaurantul Nostru,Espresso Scurt / Lung Julius Meinl,Băuturi Răcoritoare & Cafea,2,12.0,24.0
ORD-202608-01651,Restaurantul Nostru,Coș de Pâine de Casă,Sosuri & Extra,1,7.0,7.0
ORD-202608-01651,Restaurantul Nostru,Platou Gustări Rece Tradiționale,Cârnați & Platouri,2,85.0,170.0
ORD-202608-01652,Restaurantul Nostru,Salată Caesar cu Pui la Grătar,Salate,1,38.0,38.0
ORD-202608-01652,Restaurantul Nostru,Salată de Ardei Copți,Salate,1,16.0,16.0
ORD-202608-01653,Restaurantul Nostru,Frăție de Mici & Cârnați,Preparate la Grătar & Mici,1,54.0,54.0
ORD-202608-01653,Restaurantul Nostru,Ciolan de Porc Rumexit la Cuptor,Mâncăruri Gătite & Specialități,1,78.0,78.0
ORD-202608-01653,Restaurantul Nostru,Cappuccino cu Spumă de Lapte,Băuturi Răcoritoare & Cafea,1,15.0,15.0
ORD-202608-01653,Restaurantul Nostru,Apă Minerală / Plată Borsec 0.5L,Băuturi Răcoritoare & Cafea,1,10.0,10.0
ORD-202608-01653,Restaurantul Nostru,Ciorbă de Perișoare,Ciorbe & Supe,1,24.0,24.0
ORD-202608-01654,Restaurantul Nostru,Clătite cu Finetti și Banane (2 buc),Desert,3,22.0,66.0
ORD-202608-01654,Restaurantul Nostru,Piure de Cartofi cu Unt,Garnituri,1,16.0,16.0
ORD-202608-01654,Restaurantul Nostru,Cartofi Prăjiți cu Usturoi și Parmezan,Garnituri,1,18.0,18.0
ORD-202608-01655,Restaurantul Nostru,Cașcaval Pane Crocant,Aperitive & Gustări,1,28.0,28.0
ORD-202608-01655,Restaurantul Nostru,Ciorbă de Perișoare,Ciorbe & Supe,1,24.0,24.0
ORD-202608-01655,Restaurantul Nostru,Salată Grecească,Salate,1,34.0,34.0
ORD-202608-01655,Restaurantul Nostru,Bere Nepasteurizată Zăganu 0.5L,Băuturi Alcoolice & Bere,1,22.0,22.0
ORD-202608-01656,Restaurantul Nostru,Cârnați Picanți de Pleșcoi,Cârnați & Platouri,1,42.0,42.0
ORD-202608-01656,Restaurantul Nostru,Șnițel Gigant de Pui Pane,Mâncăruri Gătite & Specialități,1,36.0,36.0
ORD-202608-01656,Restaurantul Nostru,Cappuccino cu Spumă de Lapte,Băuturi Răcoritoare & Cafea,1,15.0,15.0
ORD-202608-01657,Restaurantul Nostru,Tochitură Moldovenească cu Mămăligă,Mâncăruri Gătite & Specialități,1,48.0,48.0
ORD-202608-01657,Restaurantul Nostru,Apă Minerală / Plată Borsec 0.5L,Băuturi Răcoritoare & Cafea,1,10.0,10.0
ORD-202608-01658,Restaurantul Nostru,Platou Cârnați Asortați,Cârnați & Platouri,1,95.0,95.0
ORD-202608-01658,Restaurantul Nostru,Piept de Pui la Grătar,Preparate la Grătar & Mici,1,34.0,34.0
ORD-202608-01658,Restaurantul Nostru,Coca-Cola / Coca-Cola Zero 0.33L,Băuturi Răcoritoare & Cafea,1,12.0,12.0
ORD-202608-01659,Restaurantul Nostru,Șnițel Gigant de Pui Pane,Mâncăruri Gătite & Specialități,1,36.0,36.0
ORD-202608-01659,Restaurantul Nostru,Mujdei de Usturoi Tradițional,Sosuri & Extra,1,5.0,5.0
ORD-202608-01659,Restaurantul Nostru,Vin Purcari Rară Neagră Sticlă 0.75L,Băuturi Alcoolice & Bere,3,95.0,285.0
ORD-202608-01660,Restaurantul Nostru,Ciolan de Porc Rumexit la Cuptor,Mâncăruri Gătite & Specialități,1,78.0,78.0
ORD-202608-01660,Restaurantul Nostru,Limonadă Proaspătă cu Miere și Mentă 0.5L,Băuturi Răcoritoare & Cafea,1,20.0,20.0
ORD-202608-01660,Restaurantul Nostru,Varză Călită în Vin cu Chimen,Garnituri,1,15.0,15.0
ORD-202608-01660,Restaurantul Nostru,Cârnați Picanți de Pleșcoi,Cârnați & Platouri,1,42.0,42.0
ORD-202608-01660,Restaurantul Nostru,Papanași cu Smântână și Dulceață de Afine (2 buc),Desert,1,32.0,32.0
ORD-202608-01661,Restaurantul Nostru,Ștrudel de Mere cu Sos de Vanilie,Desert,1,25.0,25.0
ORD-202608-01661,Restaurantul Nostru,Muștar Clasic,Sosuri & Extra,1,4.0,4.0
ORD-202608-01662,Restaurantul Nostru,Ștrudel de Mere cu Sos de Vanilie,Desert,1,25.0,25.0
ORD-202608-01662,Restaurantul Nostru,Frăție de Mici & Cârnați,Preparate la Grătar & Mici,1,54.0,54.0
ORD-202608-01663,Restaurantul Nostru,Smântână Proaspătă 20%,Sosuri & Extra,1,5.0,5.0
ORD-202608-01663,Restaurantul Nostru,Bere Nepasteurizată Zăganu 0.5L,Băuturi Alcoolice & Bere,1,22.0,22.0
ORD-202608-01664,Restaurantul Nostru,Fasole Bătută cu Ceapă Călită,Aperitive & Gustări,1,20.0,20.0
ORD-202608-01664,Restaurantul Nostru,Platou Cârnați Asortați,Cârnați & Platouri,1,95.0,95.0
ORD-202608-01664,Restaurantul Nostru,Ciorbă de Burtiță Tradițională,Ciorbe & Supe,1,28.0,28.0
ORD-202608-01665,Restaurantul Nostru,Sarmale Românești în Foi de Varză (4 buc),Mâncăruri Gătite & Specialități,1,44.0,44.0
ORD-202608-01665,Restaurantul Nostru,Coca-Cola / Coca-Cola Zero 0.33L,Băuturi Răcoritoare & Cafea,1,12.0,12.0
ORD-202608-01665,Restaurantul Nostru,Cartofi Prăjiți cu Usturoi și Parmezan,Garnituri,2,18.0,36.0
ORD-202608-01665,Restaurantul Nostru,Pastramă de Oaie la Tigaie cu Mămăligă,Mâncăruri Gătite & Specialități,1,56.0,56.0
ORD-202608-01665,Restaurantul Nostru,Papanași cu Smântână și Dulceață de Afine (2 buc),Desert,2,32.0,64.0
ORD-202608-01666,Restaurantul Nostru,Platou Boieresc (2-3 persoane),Cârnați & Platouri,1,145.0,145.0
ORD-202608-01666,Restaurantul Nostru,Apă Minerală / Plată Borsec 0.5L,Băuturi Răcoritoare & Cafea,1,10.0,10.0
ORD-202608-01666,Restaurantul Nostru,Mici Românești de Vită-Porc (1 buc),Preparate la Grătar & Mici,1,7.5,7.5
ORD-202608-01667,Restaurantul Nostru,Platou Boieresc (2-3 persoane),Cârnați & Platouri,1,145.0,145.0
ORD-202608-01667,Restaurantul Nostru,Bere Ciuc Premium la Draught 0.4L,Băuturi Alcoolice & Bere,1,14.0,14.0
ORD-202608-01667,Restaurantul Nostru,Salată Caesar cu Pui la Grătar,Salate,1,38.0,38.0
ORD-202608-01667,Restaurantul Nostru,Supă Cremă de Legume cu Crutoane,Ciorbe & Supe,1,22.0,22.0
ORD-202608-01668,Restaurantul Nostru,Cartofi Prăjiți cu Usturoi și Parmezan,Garnituri,2,18.0,36.0
ORD-202608-01668,Restaurantul Nostru,Cappuccino cu Spumă de Lapte,Băuturi Răcoritoare & Cafea,2,15.0,30.0
ORD-202608-01668,Restaurantul Nostru,Salată de Vinete Coapte pe Plită,Aperitive & Gustări,2,24.0,48.0
ORD-202608-01668,Restaurantul Nostru,Pastramă de Oaie la Tigaie cu Mămăligă,Mâncăruri Gătite & Specialități,1,56.0,56.0
ORD-202608-01668,Restaurantul Nostru,Frăție de Mici & Cârnați,Preparate la Grătar & Mici,1,54.0,54.0
ORD-202608-01669,Restaurantul Nostru,Bulz Ardelenesc la Grătar,Aperitive & Gustări,2,32.0,64.0
ORD-202608-01669,Restaurantul Nostru,Ciolan de Porc Rumexit la Cuptor,Mâncăruri Gătite & Specialități,1,78.0,78.0
ORD-202608-01670,Restaurantul Nostru,Ciorbă de Perișoare,Ciorbe & Supe,1,24.0,24.0
ORD-202608-01670,Restaurantul Nostru,Supă Cremă de Legume cu Crutoane,Ciorbe & Supe,1,22.0,22.0
ORD-202608-01670,Restaurantul Nostru,Bulz Ardelenesc la Grătar,Aperitive & Gustări,1,32.0,32.0
ORD-202608-01670,Restaurantul Nostru,Coș de Pâine de Casă,Sosuri & Extra,1,7.0,7.0
ORD-202608-01670,Restaurantul Nostru,Mici de Oaie și Vită (1 buc),Preparate la Grătar & Mici,1,8.5,8.5
ORD-202608-01671,Restaurantul Nostru,Sarmale Românești în Foi de Varză (4 buc),Mâncăruri Gătite & Specialități,1,44.0,44.0
ORD-202608-01671,Restaurantul Nostru,Varză Călită în Vin cu Chimen,Garnituri,2,15.0,30.0
ORD-202608-01671,Restaurantul Nostru,Mici de Oaie și Vită (1 buc),Preparate la Grătar & Mici,1,8.5,8.5
ORD-202608-01672,Restaurantul Nostru,Lava Cake cu Înghețată de Vanilie,Desert,1,28.0,28.0
ORD-202608-01672,Restaurantul Nostru,Ceafă de Porc la Grătar,Preparate la Grătar & Mici,2,38.0,76.0
ORD-202608-01673,Restaurantul Nostru,Cappuccino cu Spumă de Lapte,Băuturi Răcoritoare & Cafea,1,15.0,15.0
ORD-202608-01673,Restaurantul Nostru,Tochitură Moldovenească cu Mămăligă,Mâncăruri Gătite & Specialități,1,48.0,48.0
ORD-202608-01674,Restaurantul Nostru,Pastramă de Oaie la Tigaie cu Mămăligă,Mâncăruri Gătite & Specialități,1,56.0,56.0
ORD-202608-01674,Restaurantul Nostru,Salată de Vinete Coapte pe Plită,Aperitive & Gustări,1,24.0,24.0
ORD-202608-01674,Restaurantul Nostru,Mici de Oaie și Vită (1 buc),Preparate la Grătar & Mici,1,8.5,8.5
ORD-202608-01675,Restaurantul Nostru,Mici Românești de Vită-Porc (1 buc),Preparate la Grătar & Mici,1,7.5,7.5
ORD-202608-01675,Restaurantul Nostru,Bulz Ardelenesc la Grătar,Aperitive & Gustări,1,32.0,32.0
ORD-202608-01676,Restaurantul Nostru,Coca-Cola / Coca-Cola Zero 0.33L,Băuturi Răcoritoare & Cafea,1,12.0,12.0
ORD-202608-01676,Restaurantul Nostru,Mici Românești de Vită-Porc (1 buc),Preparate la Grătar & Mici,1,7.5,7.5
ORD-202608-01676,Restaurantul Nostru,Burger Casei cu Cartofi Prăjiți,Mâncăruri Gătite & Specialități,1,49.0,49.0
ORD-202608-01677,Restaurantul Nostru,Papanași cu Smântână și Dulceață de Afine (2 buc),Desert,1,32.0,32.0
ORD-202608-01677,Restaurantul Nostru,Espresso Scurt / Lung Julius Meinl,Băuturi Răcoritoare & Cafea,2,12.0,24.0
ORD-202608-01677,Restaurantul Nostru,Platou Gustări Rece Tradiționale,Cârnați & Platouri,2,85.0,170.0
ORD-202608-01677,Restaurantul Nostru,Ciorbă Rădăuțeană de Pui,Ciorbe & Supe,2,26.0,52.0
ORD-202608-01678,Restaurantul Nostru,Pachet Vinul Casei Fetească Regală 1L,Băuturi Alcoolice & Bere,2,55.0,110.0
ORD-202608-01678,Restaurantul Nostru,Papanași cu Smântână și Dulceață de Afine (2 buc),Desert,2,32.0,64.0
ORD-202608-01678,Restaurantul Nostru,Smântână Proaspătă 20%,Sosuri & Extra,2,5.0,10.0
ORD-202608-01679,Restaurantul Nostru,Ștrudel de Mere cu Sos de Vanilie,Desert,1,25.0,25.0
ORD-202608-01679,Restaurantul Nostru,Salată de Ardei Copți,Salate,1,16.0,16.0
ORD-202608-01680,Restaurantul Nostru,Clătite cu Finetti și Banane (2 buc),Desert,1,22.0,22.0
ORD-202608-01680,Restaurantul Nostru,Salată Caesar cu Pui la Grătar,Salate,2,38.0,76.0
ORD-202608-01680,Restaurantul Nostru,Ciolan de Porc Rumexit la Cuptor,Mâncăruri Gătite & Specialități,1,78.0,78.0
ORD-202608-01680,Restaurantul Nostru,Salată Grecească,Salate,1,34.0,34.0
ORD-202608-01681,Restaurantul Nostru,Tochitură Moldovenească cu Mămăligă,Mâncăruri Gătite & Specialități,1,48.0,48.0
ORD-202608-01681,Restaurantul Nostru,Platou Boieresc (2-3 persoane),Cârnați & Platouri,1,145.0,145.0
ORD-202608-01681,Restaurantul Nostru,Varză Călită în Vin cu Chimen,Garnituri,2,15.0,30.0
ORD-202608-01682,Restaurantul Nostru,Ciorbă Rădăuțeană de Pui,Ciorbe & Supe,1,26.0,26.0
ORD-202608-01682,Restaurantul Nostru,Frăție de Mici & Cârnați,Preparate la Grătar & Mici,2,54.0,108.0
ORD-202608-01683,Restaurantul Nostru,Ciorbă de Văcuță,Ciorbe & Supe,1,25.0,25.0
ORD-202608-01683,Restaurantul Nostru,Varză Călită în Vin cu Chimen,Garnituri,1,15.0,15.0
ORD-202608-01684,Restaurantul Nostru,Salată de Ardei Copți,Salate,1,16.0,16.0
ORD-202608-01684,Restaurantul Nostru,Vin Purcari Rară Neagră Sticlă 0.75L,Băuturi Alcoolice & Bere,1,95.0,95.0
ORD-202608-01685,Restaurantul Nostru,Bere Heineken 0.33L,Băuturi Alcoolice & Bere,1,16.0,16.0
ORD-202608-01685,Restaurantul Nostru,Ciorbă de Văcuță,Ciorbe & Supe,1,25.0,25.0
ORD-202608-01685,Restaurantul Nostru,Ciorbă Rădăuțeană de Pui,Ciorbe & Supe,2,26.0,52.0
ORD-202608-01686,Restaurantul Nostru,Smântână Proaspătă 20%,Sosuri & Extra,2,5.0,10.0
ORD-202608-01686,Restaurantul Nostru,Piure de Cartofi cu Unt,Garnituri,1,16.0,16.0
ORD-202608-01687,Restaurantul Nostru,Papanași cu Smântână și Dulceață de Afine (2 buc),Desert,1,32.0,32.0
ORD-202608-01687,Restaurantul Nostru,Muștar Clasic,Sosuri & Extra,2,4.0,8.0
ORD-202608-01687,Restaurantul Nostru,Cașcaval Pane Crocant,Aperitive & Gustări,1,28.0,28.0
ORD-202608-01687,Restaurantul Nostru,Salată Grecească,Salate,1,34.0,34.0
ORD-202608-01687,Restaurantul Nostru,Ceafă de Porc la Grătar,Preparate la Grătar & Mici,1,38.0,38.0
ORD-202608-01688,Restaurantul Nostru,Cașcaval Pane Crocant,Aperitive & Gustări,1,28.0,28.0
ORD-202608-01688,Restaurantul Nostru,Frigărui de Berbecuț,Preparate la Grătar & Mici,1,58.0,58.0
ORD-202608-01688,Restaurantul Nostru,Coca-Cola / Coca-Cola Zero 0.33L,Băuturi Răcoritoare & Cafea,2,12.0,24.0
ORD-202608-01688,Restaurantul Nostru,Șnițel Gigant de Pui Pane,Mâncăruri Gătite & Specialități,1,36.0,36.0
ORD-202608-01688,Restaurantul Nostru,Salată de Murături Asortate,Salate,1,14.0,14.0
ORD-202608-01689,Restaurantul Nostru,Țuică de Prune Ardelenească 50ml,Băuturi Alcoolice & Bere,1,18.0,18.0
ORD-202608-01689,Restaurantul Nostru,Ciorbă de Perișoare,Ciorbe & Supe,1,24.0,24.0
ORD-202608-01690,Restaurantul Nostru,Muștar Clasic,Sosuri & Extra,1,4.0,4.0
ORD-202608-01690,Restaurantul Nostru,Mici Românești de Vită-Porc (1 buc),Preparate la Grătar & Mici,1,7.5,7.5
ORD-202608-01691,Restaurantul Nostru,Bere Ciuc Premium la Draught 0.4L,Băuturi Alcoolice & Bere,1,14.0,14.0
ORD-202608-01691,Restaurantul Nostru,Platou Gustări Rece Tradiționale,Cârnați & Platouri,2,85.0,170.0
ORD-202608-01691,Restaurantul Nostru,Frăție de Mici & Cârnați,Preparate la Grătar & Mici,3,54.0,162.0
ORD-202608-01691,Restaurantul Nostru,Mici de Oaie și Vită (1 buc),Preparate la Grătar & Mici,1,8.5,8.5
ORD-202608-01692,Restaurantul Nostru,Cappuccino cu Spumă de Lapte,Băuturi Răcoritoare & Cafea,2,15.0,30.0
ORD-202608-01692,Restaurantul Nostru,Varză Călită în Vin cu Chimen,Garnituri,2,15.0,30.0
ORD-202608-01692,Restaurantul Nostru,Ștrudel de Mere cu Sos de Vanilie,Desert,1,25.0,25.0
ORD-202608-01692,Restaurantul Nostru,Salată Grecească,Salate,1,34.0,34.0
ORD-202608-01692,Restaurantul Nostru,Fasole Bătută cu Ceapă Călită,Aperitive & Gustări,1,20.0,20.0
ORD-202608-01693,Restaurantul Nostru,Ciorbă de Burtiță Tradițională,Ciorbe & Supe,1,28.0,28.0
ORD-202608-01693,Restaurantul Nostru,Iahnie de Fasole cu Bacon,Garnituri,1,16.0,16.0
ORD-202608-01693,Restaurantul Nostru,Ciorbă Rădăuțeană de Pui,Ciorbe & Supe,1,26.0,26.0
ORD-202608-01693,Restaurantul Nostru,Supă Cremă de Legume cu Crutoane,Ciorbe & Supe,1,22.0,22.0
ORD-202608-01694,Restaurantul Nostru,Frigărui de Berbecuț,Preparate la Grătar & Mici,1,58.0,58.0
ORD-202608-01694,Restaurantul Nostru,Bere Nepasteurizată Zăganu 0.5L,Băuturi Alcoolice & Bere,2,22.0,44.0
ORD-202608-01694,Restaurantul Nostru,Burger Casei cu Cartofi Prăjiți,Mâncăruri Gătite & Specialități,1,49.0,49.0
ORD-202608-01694,Restaurantul Nostru,Apă Minerală / Plată Borsec 0.5L,Băuturi Răcoritoare & Cafea,1,10.0,10.0
ORD-202608-01695,Restaurantul Nostru,Lava Cake cu Înghețată de Vanilie,Desert,1,28.0,28.0
ORD-202608-01695,Restaurantul Nostru,Cârnați Picanți de Pleșcoi,Cârnați & Platouri,2,42.0,84.0
ORD-202608-01695,Restaurantul Nostru,Apă Minerală / Plată Borsec 0.5L,Băuturi Răcoritoare & Cafea,1,10.0,10.0
ORD-202608-01695,Restaurantul Nostru,Ciorbă de Burtiță Tradițională,Ciorbe & Supe,2,28.0,56.0
ORD-202608-01696,Restaurantul Nostru,Sarmale Românești în Foi de Varză (4 buc),Mâncăruri Gătite & Specialități,1,44.0,44.0
ORD-202608-01696,Restaurantul Nostru,Mujdei de Usturoi Tradițional,Sosuri & Extra,2,5.0,10.0
ORD-202608-01696,Restaurantul Nostru,Ciorbă de Burtiță Tradițională,Ciorbe & Supe,1,28.0,28.0
ORD-202608-01697,Restaurantul Nostru,Smântână Proaspătă 20%,Sosuri & Extra,3,5.0,15.0
ORD-202608-01697,Restaurantul Nostru,Lava Cake cu Înghețată de Vanilie,Desert,1,28.0,28.0
ORD-202608-01697,Restaurantul Nostru,Salată de Ardei Copți,Salate,1,16.0,16.0
ORD-202608-01697,Restaurantul Nostru,Bulz Ardelenesc la Grătar,Aperitive & Gustări,1,32.0,32.0
ORD-202608-01697,Restaurantul Nostru,Cașcaval Pane Crocant,Aperitive & Gustări,2,28.0,56.0
ORD-202608-01698,Restaurantul Nostru,Muștar Clasic,Sosuri & Extra,2,4.0,8.0
ORD-202608-01698,Restaurantul Nostru,Ciorbă de Burtiță Tradițională,Ciorbe & Supe,2,28.0,56.0
ORD-202608-01698,Restaurantul Nostru,Pastramă de Oaie la Tigaie cu Mămăligă,Mâncăruri Gătite & Specialități,1,56.0,56.0
ORD-202608-01698,Restaurantul Nostru,Platou Cârnați Asortați,Cârnați & Platouri,1,95.0,95.0
ORD-202608-01699,Restaurantul Nostru,Apă Minerală / Plată Borsec 0.5L,Băuturi Răcoritoare & Cafea,1,10.0,10.0
ORD-202608-01699,Restaurantul Nostru,Espresso Scurt / Lung Julius Meinl,Băuturi Răcoritoare & Cafea,2,12.0,24.0
ORD-202608-01699,Restaurantul Nostru,Fasole Bătută cu Ceapă Călită,Aperitive & Gustări,1,20.0,20.0
ORD-202608-01700,Restaurantul Nostru,Țuică de Prune Ardelenească 50ml,Băuturi Alcoolice & Bere,1,18.0,18.0
ORD-202608-01700,Restaurantul Nostru,Salată de Ardei Copți,Salate,1,16.0,16.0
ORD-202608-01701,Restaurantul Nostru,Ciorbă de Burtiță Tradițională,Ciorbe & Supe,1,28.0,28.0
ORD-202608-01701,Restaurantul Nostru,Espresso Scurt / Lung Julius Meinl,Băuturi Răcoritoare & Cafea,1,12.0,12.0
ORD-202608-01701,Restaurantul Nostru,Ciorbă de Văcuță,Ciorbe & Supe,1,25.0,25.0
ORD-202608-01701,Restaurantul Nostru,Coș de Pâine de Casă,Sosuri & Extra,1,7.0,7.0
ORD-202608-01702,Restaurantul Nostru,Ciolan de Porc Rumexit la Cuptor,Mâncăruri Gătite & Specialități,1,78.0,78.0
ORD-202608-01702,Restaurantul Nostru,Frigărui de Berbecuț,Preparate la Grătar & Mici,1,58.0,58.0
ORD-202608-01702,Restaurantul Nostru,Fasole Bătută cu Ceapă Călită,Aperitive & Gustări,1,20.0,20.0
ORD-202608-01702,Restaurantul Nostru,Piept de Pui la Grătar,Preparate la Grătar & Mici,1,34.0,34.0
ORD-202608-01703,Restaurantul Nostru,Platou Gustări Rece Tradiționale,Cârnați & Platouri,1,85.0,85.0
ORD-202608-01703,Restaurantul Nostru,Platou Boieresc (2-3 persoane),Cârnați & Platouri,2,145.0,290.0
ORD-202608-01703,Restaurantul Nostru,Lava Cake cu Înghețată de Vanilie,Desert,2,28.0,56.0
ORD-202608-01703,Restaurantul Nostru,Limonadă Proaspătă cu Miere și Mentă 0.5L,Băuturi Răcoritoare & Cafea,2,20.0,40.0
ORD-202608-01703,Restaurantul Nostru,Salată de Ardei Copți,Salate,1,16.0,16.0
ORD-202608-01704,Restaurantul Nostru,Piept de Pui la Grătar,Preparate la Grătar & Mici,1,34.0,34.0
ORD-202608-01704,Restaurantul Nostru,Mici Românești de Vită-Porc (1 buc),Preparate la Grătar & Mici,1,7.5,7.5
ORD-202608-01705,Restaurantul Nostru,Varză Călită în Vin cu Chimen,Garnituri,2,15.0,30.0
ORD-202608-01705,Restaurantul Nostru,Bere Nepasteurizată Zăganu 0.5L,Băuturi Alcoolice & Bere,1,22.0,22.0
ORD-202608-01705,Restaurantul Nostru,Iahnie de Fasole cu Bacon,Garnituri,1,16.0,16.0
ORD-202608-01705,Restaurantul Nostru,Salată Grecească,Salate,2,34.0,68.0
ORD-202608-01706,Restaurantul Nostru,Coș de Pâine de Casă,Sosuri & Extra,1,7.0,7.0
ORD-202608-01706,Restaurantul Nostru,Sos Barbeque,Sosuri & Extra,1,6.0,6.0
ORD-202608-01706,Restaurantul Nostru,Ciorbă de Burtiță Tradițională,Ciorbe & Supe,3,28.0,84.0
ORD-202608-01707,Restaurantul Nostru,Mămăliguță Caldă,Garnituri,1,8.0,8.0
ORD-202608-01707,Restaurantul Nostru,Fasole Bătută cu Ceapă Călită,Aperitive & Gustări,1,20.0,20.0
ORD-202608-01707,Restaurantul Nostru,Șnițel Gigant de Pui Pane,Mâncăruri Gătite & Specialități,1,36.0,36.0
ORD-202608-01708,Restaurantul Nostru,Smântână Proaspătă 20%,Sosuri & Extra,1,5.0,5.0
ORD-202608-01708,Restaurantul Nostru,Șnițel Gigant de Pui Pane,Mâncăruri Gătite & Specialități,1,36.0,36.0
ORD-202608-01708,Restaurantul Nostru,Fasole Bătută cu Ceapă Călită,Aperitive & Gustări,1,20.0,20.0
ORD-202608-01708,Restaurantul Nostru,Salată Grecească,Salate,1,34.0,34.0
ORD-202608-01709,Restaurantul Nostru,Țuică de Prune Ardelenească 50ml,Băuturi Alcoolice & Bere,2,18.0,36.0
ORD-202608-01709,Restaurantul Nostru,Mămăliguță Caldă,Garnituri,1,8.0,8.0
ORD-202608-01709,Restaurantul Nostru,Papanași cu Smântână și Dulceață de Afine (2 buc),Desert,2,32.0,64.0
ORD-202608-01710,Restaurantul Nostru,Țuică de Prune Ardelenească 50ml,Băuturi Alcoolice & Bere,1,18.0,18.0
ORD-202608-01710,Restaurantul Nostru,Ciorbă de Burtiță Tradițională,Ciorbe & Supe,1,28.0,28.0
ORD-202608-01710,Restaurantul Nostru,Espresso Scurt / Lung Julius Meinl,Băuturi Răcoritoare & Cafea,1,12.0,12.0
ORD-202608-01710,Restaurantul Nostru,Piept de Pui la Grătar,Preparate la Grătar & Mici,1,34.0,34.0
ORD-202608-01710,Restaurantul Nostru,Cartofi Prăjiți cu Usturoi și Parmezan,Garnituri,1,18.0,18.0
ORD-202608-01711,Restaurantul Nostru,Papanași cu Smântână și Dulceață de Afine (2 buc),Desert,1,32.0,32.0
ORD-202608-01711,Restaurantul Nostru,Ciolan de Porc Rumexit la Cuptor,Mâncăruri Gătite & Specialități,2,78.0,156.0
ORD-202608-01711,Restaurantul Nostru,Ceafă de Porc la Grătar,Preparate la Grătar & Mici,3,38.0,114.0
ORD-202608-01711,Restaurantul Nostru,Coca-Cola / Coca-Cola Zero 0.33L,Băuturi Răcoritoare & Cafea,1,12.0,12.0
ORD-202608-01711,Restaurantul Nostru,Salată Caesar cu Pui la Grătar,Salate,1,38.0,38.0
ORD-202608-01712,Restaurantul Nostru,Coș de Pâine de Casă,Sosuri & Extra,1,7.0,7.0
ORD-202608-01712,Restaurantul Nostru,Ștrudel de Mere cu Sos de Vanilie,Desert,1,25.0,25.0
ORD-202608-01712,Restaurantul Nostru,Cappuccino cu Spumă de Lapte,Băuturi Răcoritoare & Cafea,1,15.0,15.0
ORD-202608-01712,Restaurantul Nostru,Muștar Clasic,Sosuri & Extra,1,4.0,4.0
ORD-202608-01713,Restaurantul Nostru,Cașcaval Pane Crocant,Aperitive & Gustări,1,28.0,28.0
ORD-202608-01713,Restaurantul Nostru,Salată de Murături Asortate,Salate,1,14.0,14.0
ORD-202608-01713,Restaurantul Nostru,Limonadă Proaspătă cu Miere și Mentă 0.5L,Băuturi Răcoritoare & Cafea,1,20.0,20.0
ORD-202608-01713,Restaurantul Nostru,Ciolan de Porc Rumexit la Cuptor,Mâncăruri Gătite & Specialități,2,78.0,156.0
ORD-202608-01714,Restaurantul Nostru,Cappuccino cu Spumă de Lapte,Băuturi Răcoritoare & Cafea,1,15.0,15.0
ORD-202608-01714,Restaurantul Nostru,Bere Ciuc Premium la Draught 0.4L,Băuturi Alcoolice & Bere,1,14.0,14.0
ORD-202608-01714,Restaurantul Nostru,Platou Boieresc (2-3 persoane),Cârnați & Platouri,1,145.0,145.0
ORD-202608-01714,Restaurantul Nostru,Coș de Pâine de Casă,Sosuri & Extra,3,7.0,21.0
ORD-202608-01714,Restaurantul Nostru,Vin Purcari Rară Neagră Sticlă 0.75L,Băuturi Alcoolice & Bere,1,95.0,95.0
ORD-202608-01715,Restaurantul Nostru,Coș de Pâine de Casă,Sosuri & Extra,1,7.0,7.0
ORD-202608-01715,Restaurantul Nostru,Limonadă Proaspătă cu Miere și Mentă 0.5L,Băuturi Răcoritoare & Cafea,1,20.0,20.0
ORD-202608-01715,Restaurantul Nostru,Pastramă de Oaie la Tigaie cu Mămăligă,Mâncăruri Gătite & Specialități,1,56.0,56.0
ORD-202608-01715,Restaurantul Nostru,Salată de Vinete Coapte pe Plită,Aperitive & Gustări,1,24.0,24.0
ORD-202608-01716,Restaurantul Nostru,Țuică de Prune Ardelenească 50ml,Băuturi Alcoolice & Bere,1,18.0,18.0
ORD-202608-01716,Restaurantul Nostru,Piept de Pui la Grătar,Preparate la Grătar & Mici,2,34.0,68.0
ORD-202608-01717,Restaurantul Nostru,Salată de Murături Asortate,Salate,1,14.0,14.0
ORD-202608-01717,Restaurantul Nostru,Muștar Clasic,Sosuri & Extra,1,4.0,4.0
ORD-202608-01718,Restaurantul Nostru,Vin Purcari Rară Neagră Sticlă 0.75L,Băuturi Alcoolice & Bere,2,95.0,190.0
ORD-202608-01718,Restaurantul Nostru,Platou Cârnați Asortați,Cârnați & Platouri,1,95.0,95.0
ORD-202608-01718,Restaurantul Nostru,Salată de Vinete Coapte pe Plită,Aperitive & Gustări,1,24.0,24.0
ORD-202608-01718,Restaurantul Nostru,Cappuccino cu Spumă de Lapte,Băuturi Răcoritoare & Cafea,1,15.0,15.0
ORD-202608-01718,Restaurantul Nostru,Frigărui de Berbecuț,Preparate la Grătar & Mici,1,58.0,58.0
ORD-202608-01719,Restaurantul Nostru,Bere Ciuc Premium la Draught 0.4L,Băuturi Alcoolice & Bere,1,14.0,14.0
ORD-202608-01719,Restaurantul Nostru,Sarmale Românești în Foi de Varză (4 buc),Mâncăruri Gătite & Specialități,2,44.0,88.0
ORD-202608-01719,Restaurantul Nostru,Țuică de Prune Ardelenească 50ml,Băuturi Alcoolice & Bere,2,18.0,36.0
ORD-202608-01719,Restaurantul Nostru,Vin Purcari Rară Neagră Sticlă 0.75L,Băuturi Alcoolice & Bere,1,95.0,95.0
ORD-202608-01720,Restaurantul Nostru,Fasole Bătută cu Ceapă Călită,Aperitive & Gustări,1,20.0,20.0
ORD-202608-01720,Restaurantul Nostru,Frăție de Mici & Cârnați,Preparate la Grătar & Mici,1,54.0,54.0
ORD-202608-01721,Restaurantul Nostru,Mici de Oaie și Vită (1 buc),Preparate la Grătar & Mici,1,8.5,8.5
ORD-202608-01721,Restaurantul Nostru,Piure de Cartofi cu Unt,Garnituri,2,16.0,32.0
ORD-202608-01722,Restaurantul Nostru,Muștar Clasic,Sosuri & Extra,1,4.0,4.0
ORD-202608-01722,Restaurantul Nostru,Cartofi Prăjiți cu Usturoi și Parmezan,Garnituri,2,18.0,36.0
ORD-202608-01722,Restaurantul Nostru,Salată Grecească,Salate,1,34.0,34.0
ORD-202608-01722,Restaurantul Nostru,Espresso Scurt / Lung Julius Meinl,Băuturi Răcoritoare & Cafea,2,12.0,24.0
ORD-202608-01722,Restaurantul Nostru,Platou Cârnați Asortați,Cârnați & Platouri,1,95.0,95.0
ORD-202608-01723,Restaurantul Nostru,Frigărui de Berbecuț,Preparate la Grătar & Mici,1,58.0,58.0
ORD-202608-01723,Restaurantul Nostru,Apă Minerală / Plată Borsec 0.5L,Băuturi Răcoritoare & Cafea,2,10.0,20.0
ORD-202608-01723,Restaurantul Nostru,Salată Caesar cu Pui la Grătar,Salate,2,38.0,76.0
ORD-202608-01723,Restaurantul Nostru,Piept de Pui la Grătar,Preparate la Grătar & Mici,1,34.0,34.0
ORD-202608-01723,Restaurantul Nostru,Mici de Oaie și Vită (1 buc),Preparate la Grătar & Mici,1,8.5,8.5
ORD-202608-01724,Restaurantul Nostru,Ciolan de Porc Rumexit la Cuptor,Mâncăruri Gătite & Specialități,1,78.0,78.0
ORD-202608-01724,Restaurantul Nostru,Țuică de Prune Ardelenească 50ml,Băuturi Alcoolice & Bere,2,18.0,36.0
ORD-202608-01724,Restaurantul Nostru,Mici Românești de Vită-Porc (1 buc),Preparate la Grătar & Mici,1,7.5,7.5
ORD-202608-01724,Restaurantul Nostru,Muștar Clasic,Sosuri & Extra,1,4.0,4.0
ORD-202608-01725,Restaurantul Nostru,Fasole Bătută cu Ceapă Călită,Aperitive & Gustări,1,20.0,20.0
ORD-202608-01725,Restaurantul Nostru,Varză Călită în Vin cu Chimen,Garnituri,1,15.0,15.0
ORD-202608-01725,Restaurantul Nostru,Bere Heineken 0.33L,Băuturi Alcoolice & Bere,2,16.0,32.0
ORD-202608-01726,Restaurantul Nostru,Fasole Bătută cu Ceapă Călită,Aperitive & Gustări,1,20.0,20.0
ORD-202608-01726,Restaurantul Nostru,Ciorbă Rădăuțeană de Pui,Ciorbe & Supe,1,26.0,26.0
ORD-202608-01726,Restaurantul Nostru,Ciorbă de Văcuță,Ciorbe & Supe,1,25.0,25.0
ORD-202608-01726,Restaurantul Nostru,Supă Cremă de Legume cu Crutoane,Ciorbe & Supe,1,22.0,22.0
ORD-202608-01726,Restaurantul Nostru,Burger Casei cu Cartofi Prăjiți,Mâncăruri Gătite & Specialități,1,49.0,49.0
ORD-202608-01727,Restaurantul Nostru,Coca-Cola / Coca-Cola Zero 0.33L,Băuturi Răcoritoare & Cafea,1,12.0,12.0
ORD-202608-01727,Restaurantul Nostru,Sos Barbeque,Sosuri & Extra,1,6.0,6.0
ORD-202608-01727,Restaurantul Nostru,Bere Nepasteurizată Zăganu 0.5L,Băuturi Alcoolice & Bere,2,22.0,44.0
ORD-202608-01727,Restaurantul Nostru,Salată Caesar cu Pui la Grătar,Salate,2,38.0,76.0
ORD-202608-01728,Restaurantul Nostru,Cartofi Prăjiți cu Usturoi și Parmezan,Garnituri,1,18.0,18.0
ORD-202608-01728,Restaurantul Nostru,Salată de Murături Asortate,Salate,1,14.0,14.0
ORD-202608-01728,Restaurantul Nostru,Platou Cârnați Asortați,Cârnați & Platouri,1,95.0,95.0
ORD-202608-01729,Restaurantul Nostru,Salată de Murături Asortate,Salate,1,14.0,14.0
ORD-202608-01729,Restaurantul Nostru,Bulz Ardelenesc la Grătar,Aperitive & Gustări,1,32.0,32.0
ORD-202608-01729,Restaurantul Nostru,Papanași cu Smântână și Dulceață de Afine (2 buc),Desert,1,32.0,32.0
ORD-202608-01730,Restaurantul Nostru,Cașcaval Pane Crocant,Aperitive & Gustări,1,28.0,28.0
ORD-202608-01730,Restaurantul Nostru,Clătite cu Finetti și Banane (2 buc),Desert,1,22.0,22.0
ORD-202608-01731,Restaurantul Nostru,Coș de Pâine de Casă,Sosuri & Extra,1,7.0,7.0
ORD-202608-01731,Restaurantul Nostru,Clătite cu Finetti și Banane (2 buc),Desert,1,22.0,22.0
ORD-202608-01731,Restaurantul Nostru,Espresso Scurt / Lung Julius Meinl,Băuturi Răcoritoare & Cafea,2,12.0,24.0
ORD-202608-01731,Restaurantul Nostru,Sarmale Românești în Foi de Varză (4 buc),Mâncăruri Gătite & Specialități,1,44.0,44.0
ORD-202608-01732,Restaurantul Nostru,Coca-Cola / Coca-Cola Zero 0.33L,Băuturi Răcoritoare & Cafea,2,12.0,24.0
ORD-202608-01732,Restaurantul Nostru,Sarmale Românești în Foi de Varză (4 buc),Mâncăruri Gătite & Specialități,1,44.0,44.0
ORD-202608-01732,Restaurantul Nostru,Salată Grecească,Salate,1,34.0,34.0
ORD-202608-01732,Restaurantul Nostru,Ciorbă Rădăuțeană de Pui,Ciorbe & Supe,1,26.0,26.0
ORD-202608-01733,Restaurantul Nostru,Ciolan de Porc Rumexit la Cuptor,Mâncăruri Gătite & Specialități,1,78.0,78.0
ORD-202608-01733,Restaurantul Nostru,Cârnați Picanți de Pleșcoi,Cârnați & Platouri,1,42.0,42.0
ORD-202608-01734,Restaurantul Nostru,Bere Nepasteurizată Zăganu 0.5L,Băuturi Alcoolice & Bere,1,22.0,22.0
ORD-202608-01734,Restaurantul Nostru,Mici de Oaie și Vită (1 buc),Preparate la Grătar & Mici,1,8.5,8.5
ORD-202608-01734,Restaurantul Nostru,Papanași cu Smântână și Dulceață de Afine (2 buc),Desert,2,32.0,64.0
ORD-202608-01734,Restaurantul Nostru,Smântână Proaspătă 20%,Sosuri & Extra,1,5.0,5.0
ORD-202608-01734,Restaurantul Nostru,Mici Românești de Vită-Porc (1 buc),Preparate la Grătar & Mici,1,7.5,7.5
ORD-202608-01735,Restaurantul Nostru,Ciorbă de Burtiță Tradițională,Ciorbe & Supe,1,28.0,28.0
ORD-202608-01735,Restaurantul Nostru,Bere Heineken 0.33L,Băuturi Alcoolice & Bere,1,16.0,16.0
ORD-202608-01735,Restaurantul Nostru,Vin Purcari Rară Neagră Sticlă 0.75L,Băuturi Alcoolice & Bere,2,95.0,190.0
ORD-202608-01735,Restaurantul Nostru,Clătite cu Finetti și Banane (2 buc),Desert,2,22.0,44.0
ORD-202608-01736,Restaurantul Nostru,Sos Barbeque,Sosuri & Extra,1,6.0,6.0
ORD-202608-01736,Restaurantul Nostru,Ștrudel de Mere cu Sos de Vanilie,Desert,1,25.0,25.0
ORD-202608-01737,Restaurantul Nostru,Fasole Bătută cu Ceapă Călită,Aperitive & Gustări,2,20.0,40.0
ORD-202608-01737,Restaurantul Nostru,Bere Ciuc Premium la Draught 0.4L,Băuturi Alcoolice & Bere,1,14.0,14.0
ORD-202608-01738,Restaurantul Nostru,Frigărui de Berbecuț,Preparate la Grătar & Mici,2,58.0,116.0
ORD-202608-01738,Restaurantul Nostru,Bere Ciuc Premium la Draught 0.4L,Băuturi Alcoolice & Bere,1,14.0,14.0
ORD-202608-01738,Restaurantul Nostru,Muștar Clasic,Sosuri & Extra,2,4.0,8.0
ORD-202608-01738,Restaurantul Nostru,Fasole Bătută cu Ceapă Călită,Aperitive & Gustări,1,20.0,20.0
ORD-202608-01739,Restaurantul Nostru,Ceafă de Porc la Grătar,Preparate la Grătar & Mici,1,38.0,38.0
ORD-202608-01739,Restaurantul Nostru,Limonadă Proaspătă cu Miere și Mentă 0.5L,Băuturi Răcoritoare & Cafea,1,20.0,20.0
ORD-202608-01739,Restaurantul Nostru,Pachet Vinul Casei Fetească Regală 1L,Băuturi Alcoolice & Bere,1,55.0,55.0
ORD-202608-01739,Restaurantul Nostru,Mujdei de Usturoi Tradițional,Sosuri & Extra,2,5.0,10.0
ORD-202608-01739,Restaurantul Nostru,Papanași cu Smântână și Dulceață de Afine (2 buc),Desert,1,32.0,32.0
ORD-202608-01740,Restaurantul Nostru,Sarmale Românești în Foi de Varză (4 buc),Mâncăruri Gătite & Specialități,1,44.0,44.0
ORD-202608-01740,Restaurantul Nostru,Platou Boieresc (2-3 persoane),Cârnați & Platouri,1,145.0,145.0
ORD-202608-01740,Restaurantul Nostru,Cârnați Picanți de Pleșcoi,Cârnați & Platouri,1,42.0,42.0
ORD-202608-01740,Restaurantul Nostru,Piure de Cartofi cu Unt,Garnituri,2,16.0,32.0
ORD-202608-01741,Restaurantul Nostru,Frăție de Mici & Cârnați,Preparate la Grătar & Mici,1,54.0,54.0
ORD-202608-01741,Restaurantul Nostru,Cappuccino cu Spumă de Lapte,Băuturi Răcoritoare & Cafea,1,15.0,15.0
ORD-202608-01741,Restaurantul Nostru,Sarmale Românești în Foi de Varză (4 buc),Mâncăruri Gătite & Specialități,1,44.0,44.0
ORD-202608-01741,Restaurantul Nostru,Salată de Murături Asortate,Salate,2,14.0,28.0
ORD-202608-01741,Restaurantul Nostru,Pachet Vinul Casei Fetească Regală 1L,Băuturi Alcoolice & Bere,1,55.0,55.0
ORD-202608-01742,Restaurantul Nostru,Iahnie de Fasole cu Bacon,Garnituri,1,16.0,16.0
ORD-202608-01742,Restaurantul Nostru,Frăție de Mici & Cârnați,Preparate la Grătar & Mici,2,54.0,108.0
ORD-202608-01742,Restaurantul Nostru,Bulz Ardelenesc la Grătar,Aperitive & Gustări,1,32.0,32.0
ORD-202608-01742,Restaurantul Nostru,Lava Cake cu Înghețată de Vanilie,Desert,1,28.0,28.0
ORD-202608-01742,Restaurantul Nostru,Țuică de Prune Ardelenească 50ml,Băuturi Alcoolice & Bere,1,18.0,18.0
ORD-202608-01743,Restaurantul Nostru,Cappuccino cu Spumă de Lapte,Băuturi Răcoritoare & Cafea,1,15.0,15.0
ORD-202608-01743,Restaurantul Nostru,Clătite cu Finetti și Banane (2 buc),Desert,1,22.0,22.0
ORD-202608-01744,Restaurantul Nostru,Bulz Ardelenesc la Grătar,Aperitive & Gustări,1,32.0,32.0
ORD-202608-01744,Restaurantul Nostru,Espresso Scurt / Lung Julius Meinl,Băuturi Răcoritoare & Cafea,1,12.0,12.0
ORD-202608-01744,Restaurantul Nostru,Bere Nepasteurizată Zăganu 0.5L,Băuturi Alcoolice & Bere,3,22.0,66.0
ORD-202608-01744,Restaurantul Nostru,Platou Boieresc (2-3 persoane),Cârnați & Platouri,1,145.0,145.0
ORD-202608-01745,Restaurantul Nostru,Iahnie de Fasole cu Bacon,Garnituri,1,16.0,16.0
ORD-202608-01745,Restaurantul Nostru,Sos Barbeque,Sosuri & Extra,1,6.0,6.0
ORD-202608-01745,Restaurantul Nostru,Pastramă de Oaie la Tigaie cu Mămăligă,Mâncăruri Gătite & Specialități,1,56.0,56.0
ORD-202608-01745,Restaurantul Nostru,Salată Caesar cu Pui la Grătar,Salate,1,38.0,38.0
ORD-202608-01746,Restaurantul Nostru,Ciorbă Rădăuțeană de Pui,Ciorbe & Supe,1,26.0,26.0
ORD-202608-01746,Restaurantul Nostru,Salată Grecească,Salate,1,34.0,34.0
ORD-202608-01746,Restaurantul Nostru,Ciorbă de Văcuță,Ciorbe & Supe,3,25.0,75.0
ORD-202608-01747,Restaurantul Nostru,Ceafă de Porc la Grătar,Preparate la Grătar & Mici,1,38.0,38.0
ORD-202608-01747,Restaurantul Nostru,Platou Gustări Rece Tradiționale,Cârnați & Platouri,2,85.0,170.0
ORD-202608-01747,Restaurantul Nostru,Platou Boieresc (2-3 persoane),Cârnați & Platouri,1,145.0,145.0
ORD-202608-01747,Restaurantul Nostru,Ștrudel de Mere cu Sos de Vanilie,Desert,1,25.0,25.0
ORD-202608-01747,Restaurantul Nostru,Burger Casei cu Cartofi Prăjiți,Mâncăruri Gătite & Specialități,3,49.0,147.0
ORD-202608-01748,Restaurantul Nostru,Pastramă de Oaie la Tigaie cu Mămăligă,Mâncăruri Gătite & Specialități,1,56.0,56.0
ORD-202608-01748,Restaurantul Nostru,Coca-Cola / Coca-Cola Zero 0.33L,Băuturi Răcoritoare & Cafea,1,12.0,12.0
ORD-202608-01748,Restaurantul Nostru,Sarmale Românești în Foi de Varză (4 buc),Mâncăruri Gătite & Specialități,1,44.0,44.0
ORD-202608-01748,Restaurantul Nostru,Ciorbă de Văcuță,Ciorbe & Supe,1,25.0,25.0
ORD-202608-01748,Restaurantul Nostru,Platou Gustări Rece Tradiționale,Cârnați & Platouri,1,85.0,85.0
ORD-202608-01749,Restaurantul Nostru,Ciolan de Porc Rumexit la Cuptor,Mâncăruri Gătite & Specialități,1,78.0,78.0
ORD-202608-01749,Restaurantul Nostru,Iahnie de Fasole cu Bacon,Garnituri,3,16.0,48.0
ORD-202608-01750,Restaurantul Nostru,Mămăliguță Caldă,Garnituri,1,8.0,8.0
ORD-202608-01750,Restaurantul Nostru,Piure de Cartofi cu Unt,Garnituri,1,16.0,16.0
ORD-202608-01750,Restaurantul Nostru,Mici Românești de Vită-Porc (1 buc),Preparate la Grătar & Mici,1,7.5,7.5
ORD-202608-01750,Restaurantul Nostru,Salată de Murături Asortate,Salate,2,14.0,28.0
ORD-202608-01750,Restaurantul Nostru,Salată Caesar cu Pui la Grătar,Salate,1,38.0,38.0
ORD-202608-01751,Restaurantul Nostru,Ceafă de Porc la Grătar,Preparate la Grătar & Mici,1,38.0,38.0
ORD-202608-01751,Restaurantul Nostru,Mici Românești de Vită-Porc (1 buc),Preparate la Grătar & Mici,1,7.5,7.5
ORD-202608-01752,Restaurantul Nostru,Limonadă Proaspătă cu Miere și Mentă 0.5L,Băuturi Răcoritoare & Cafea,1,20.0,20.0
ORD-202608-01752,Restaurantul Nostru,Țuică de Prune Ardelenească 50ml,Băuturi Alcoolice & Bere,1,18.0,18.0
ORD-202608-01753,Restaurantul Nostru,Platou Boieresc (2-3 persoane),Cârnați & Platouri,1,145.0,145.0
ORD-202608-01753,Restaurantul Nostru,Fasole Bătută cu Ceapă Călită,Aperitive & Gustări,1,20.0,20.0
ORD-202608-01753,Restaurantul Nostru,Ciolan de Porc Rumexit la Cuptor,Mâncăruri Gătite & Specialități,1,78.0,78.0
ORD-202608-01754,Restaurantul Nostru,Iahnie de Fasole cu Bacon,Garnituri,1,16.0,16.0
ORD-202608-01754,Restaurantul Nostru,Salată Caesar cu Pui la Grătar,Salate,1,38.0,38.0
ORD-202608-01754,Restaurantul Nostru,Clătite cu Finetti și Banane (2 buc),Desert,2,22.0,44.0
ORD-202608-01754,Restaurantul Nostru,Ștrudel de Mere cu Sos de Vanilie,Desert,1,25.0,25.0
ORD-202608-01755,Restaurantul Nostru,Mici de Oaie și Vită (1 buc),Preparate la Grătar & Mici,2,8.5,17.0
ORD-202608-01755,Restaurantul Nostru,Pastramă de Oaie la Tigaie cu Mămăligă,Mâncăruri Gătite & Specialități,1,56.0,56.0
ORD-202608-01755,Restaurantul Nostru,Ciorbă de Văcuță,Ciorbe & Supe,1,25.0,25.0
ORD-202608-01755,Restaurantul Nostru,Papanași cu Smântână și Dulceață de Afine (2 buc),Desert,1,32.0,32.0
ORD-202608-01755,Restaurantul Nostru,Clătite cu Finetti și Banane (2 buc),Desert,2,22.0,44.0
ORD-202608-01756,Restaurantul Nostru,Mici de Oaie și Vită (1 buc),Preparate la Grătar & Mici,1,8.5,8.5
ORD-202608-01756,Restaurantul Nostru,Limonadă Proaspătă cu Miere și Mentă 0.5L,Băuturi Răcoritoare & Cafea,1,20.0,20.0
ORD-202608-01756,Restaurantul Nostru,Pachet Vinul Casei Fetească Regală 1L,Băuturi Alcoolice & Bere,1,55.0,55.0
ORD-202608-01757,Restaurantul Nostru,Bere Heineken 0.33L,Băuturi Alcoolice & Bere,1,16.0,16.0
ORD-202608-01757,Restaurantul Nostru,Coș de Pâine de Casă,Sosuri & Extra,1,7.0,7.0
ORD-202608-01758,Restaurantul Nostru,Frigărui de Berbecuț,Preparate la Grătar & Mici,1,58.0,58.0
ORD-202608-01758,Restaurantul Nostru,Salată Grecească,Salate,1,34.0,34.0
ORD-202608-01758,Restaurantul Nostru,Papanași cu Smântână și Dulceață de Afine (2 buc),Desert,1,32.0,32.0
ORD-202608-01759,Restaurantul Nostru,Coș de Pâine de Casă,Sosuri & Extra,1,7.0,7.0
ORD-202608-01759,Restaurantul Nostru,Sarmale Românești în Foi de Varză (4 buc),Mâncăruri Gătite & Specialități,1,44.0,44.0
ORD-202608-01759,Restaurantul Nostru,Bere Ciuc Premium la Draught 0.4L,Băuturi Alcoolice & Bere,1,14.0,14.0
ORD-202608-01759,Restaurantul Nostru,Ciorbă de Văcuță,Ciorbe & Supe,1,25.0,25.0
ORD-202608-01759,Restaurantul Nostru,Limonadă Proaspătă cu Miere și Mentă 0.5L,Băuturi Răcoritoare & Cafea,2,20.0,40.0
ORD-202608-01760,Restaurantul Nostru,Bulz Ardelenesc la Grătar,Aperitive & Gustări,1,32.0,32.0
ORD-202608-01760,Restaurantul Nostru,Burger Casei cu Cartofi Prăjiți,Mâncăruri Gătite & Specialități,1,49.0,49.0
ORD-202608-01761,Restaurantul Nostru,Țuică de Prune Ardelenească 50ml,Băuturi Alcoolice & Bere,1,18.0,18.0
ORD-202608-01761,Restaurantul Nostru,Platou Cârnați Asortați,Cârnați & Platouri,2,95.0,190.0
ORD-202608-01762,Restaurantul Nostru,Ceafă de Porc la Grătar,Preparate la Grătar & Mici,1,38.0,38.0
ORD-202608-01762,Restaurantul Nostru,Frigărui de Berbecuț,Preparate la Grătar & Mici,1,58.0,58.0
ORD-202608-01762,Restaurantul Nostru,Coș de Pâine de Casă,Sosuri & Extra,1,7.0,7.0
ORD-202608-01762,Restaurantul Nostru,Salată de Murături Asortate,Salate,1,14.0,14.0
ORD-202608-01762,Restaurantul Nostru,Cârnați Picanți de Pleșcoi,Cârnați & Platouri,1,42.0,42.0
ORD-202608-01763,Restaurantul Nostru,Ciolan de Porc Rumexit la Cuptor,Mâncăruri Gătite & Specialități,1,78.0,78.0
ORD-202608-01763,Restaurantul Nostru,Ciorbă Rădăuțeană de Pui,Ciorbe & Supe,2,26.0,52.0
ORD-202608-01763,Restaurantul Nostru,Espresso Scurt / Lung Julius Meinl,Băuturi Răcoritoare & Cafea,1,12.0,12.0
ORD-202608-01764,Restaurantul Nostru,Ciorbă de Perișoare,Ciorbe & Supe,1,24.0,24.0
ORD-202608-01764,Restaurantul Nostru,Supă Cremă de Legume cu Crutoane,Ciorbe & Supe,3,22.0,66.0
ORD-202608-01765,Restaurantul Nostru,Platou Boieresc (2-3 persoane),Cârnați & Platouri,1,145.0,145.0
ORD-202608-01765,Restaurantul Nostru,Bere Nepasteurizată Zăganu 0.5L,Băuturi Alcoolice & Bere,1,22.0,22.0
ORD-202608-01765,Restaurantul Nostru,Ceafă de Porc la Grătar,Preparate la Grătar & Mici,1,38.0,38.0
ORD-202608-01766,Restaurantul Nostru,Vin Purcari Rară Neagră Sticlă 0.75L,Băuturi Alcoolice & Bere,1,95.0,95.0
ORD-202608-01766,Restaurantul Nostru,Platou Boieresc (2-3 persoane),Cârnați & Platouri,1,145.0,145.0
ORD-202608-01766,Restaurantul Nostru,Papanași cu Smântână și Dulceață de Afine (2 buc),Desert,1,32.0,32.0
ORD-202608-01767,Restaurantul Nostru,Salată de Ardei Copți,Salate,1,16.0,16.0
ORD-202608-01767,Restaurantul Nostru,Tochitură Moldovenească cu Mămăligă,Mâncăruri Gătite & Specialități,2,48.0,96.0
ORD-202608-01767,Restaurantul Nostru,Mămăliguță Caldă,Garnituri,1,8.0,8.0
ORD-202608-01767,Restaurantul Nostru,Clătite cu Finetti și Banane (2 buc),Desert,1,22.0,22.0
ORD-202608-01768,Restaurantul Nostru,Piept de Pui la Grătar,Preparate la Grătar & Mici,2,34.0,68.0
ORD-202608-01768,Restaurantul Nostru,Pastramă de Oaie la Tigaie cu Mămăligă,Mâncăruri Gătite & Specialități,1,56.0,56.0
ORD-202608-01769,Restaurantul Nostru,Șnițel Gigant de Pui Pane,Mâncăruri Gătite & Specialități,1,36.0,36.0
ORD-202608-01769,Restaurantul Nostru,Ciorbă de Perișoare,Ciorbe & Supe,1,24.0,24.0
ORD-202608-01770,Restaurantul Nostru,Bere Heineken 0.33L,Băuturi Alcoolice & Bere,1,16.0,16.0
ORD-202608-01770,Restaurantul Nostru,Salată Caesar cu Pui la Grătar,Salate,1,38.0,38.0
ORD-202608-01770,Restaurantul Nostru,Frigărui de Berbecuț,Preparate la Grătar & Mici,1,58.0,58.0
ORD-202608-01770,Restaurantul Nostru,Ceafă de Porc la Grătar,Preparate la Grătar & Mici,1,38.0,38.0
ORD-202608-01771,Restaurantul Nostru,Mămăliguță Caldă,Garnituri,2,8.0,16.0
ORD-202608-01771,Restaurantul Nostru,Cârnați Picanți de Pleșcoi,Cârnați & Platouri,1,42.0,42.0
ORD-202608-01771,Restaurantul Nostru,Bere Heineken 0.33L,Băuturi Alcoolice & Bere,2,16.0,32.0
ORD-202608-01771,Restaurantul Nostru,Papanași cu Smântână și Dulceață de Afine (2 buc),Desert,1,32.0,32.0
ORD-202608-01772,Restaurantul Nostru,Pachet Vinul Casei Fetească Regală 1L,Băuturi Alcoolice & Bere,2,55.0,110.0
ORD-202608-01772,Restaurantul Nostru,Cappuccino cu Spumă de Lapte,Băuturi Răcoritoare & Cafea,2,15.0,30.0
ORD-202608-01772,Restaurantul Nostru,Bulz Ardelenesc la Grătar,Aperitive & Gustări,1,32.0,32.0
ORD-202608-01772,Restaurantul Nostru,Platou Cârnați Asortați,Cârnați & Platouri,1,95.0,95.0
ORD-202608-01772,Restaurantul Nostru,Lava Cake cu Înghețată de Vanilie,Desert,2,28.0,56.0
ORD-202608-01773,Restaurantul Nostru,Cartofi Prăjiți cu Usturoi și Parmezan,Garnituri,1,18.0,18.0
ORD-202608-01773,Restaurantul Nostru,Piept de Pui la Grătar,Preparate la Grătar & Mici,1,34.0,34.0
ORD-202608-01773,Restaurantul Nostru,Ciolan de Porc Rumexit la Cuptor,Mâncăruri Gătite & Specialități,1,78.0,78.0
ORD-202608-01773,Restaurantul Nostru,Pastramă de Oaie la Tigaie cu Mămăligă,Mâncăruri Gătite & Specialități,1,56.0,56.0
ORD-202608-01774,Restaurantul Nostru,Ciorbă Rădăuțeană de Pui,Ciorbe & Supe,1,26.0,26.0
ORD-202608-01774,Restaurantul Nostru,Limonadă Proaspătă cu Miere și Mentă 0.5L,Băuturi Răcoritoare & Cafea,1,20.0,20.0
ORD-202608-01774,Restaurantul Nostru,Supă Cremă de Legume cu Crutoane,Ciorbe & Supe,2,22.0,44.0
ORD-202608-01774,Restaurantul Nostru,Platou Boieresc (2-3 persoane),Cârnați & Platouri,1,145.0,145.0
ORD-202608-01775,Restaurantul Nostru,Bulz Ardelenesc la Grătar,Aperitive & Gustări,1,32.0,32.0
ORD-202608-01775,Restaurantul Nostru,Salată Grecească,Salate,1,34.0,34.0
ORD-202608-01776,Restaurantul Nostru,Ciorbă de Perișoare,Ciorbe & Supe,2,24.0,48.0
ORD-202608-01776,Restaurantul Nostru,Salată de Ardei Copți,Salate,1,16.0,16.0
ORD-202608-01776,Restaurantul Nostru,Iahnie de Fasole cu Bacon,Garnituri,2,16.0,32.0
ORD-202608-01776,Restaurantul Nostru,Platou Boieresc (2-3 persoane),Cârnați & Platouri,1,145.0,145.0
ORD-202608-01776,Restaurantul Nostru,Salată Grecească,Salate,1,34.0,34.0
ORD-202608-01777,Restaurantul Nostru,Sos Barbeque,Sosuri & Extra,1,6.0,6.0
ORD-202608-01777,Restaurantul Nostru,Ștrudel de Mere cu Sos de Vanilie,Desert,1,25.0,25.0
ORD-202608-01777,Restaurantul Nostru,Mămăliguță Caldă,Garnituri,1,8.0,8.0
ORD-202608-01777,Restaurantul Nostru,Salată de Murături Asortate,Salate,2,14.0,28.0
ORD-202608-01777,Restaurantul Nostru,Coș de Pâine de Casă,Sosuri & Extra,1,7.0,7.0
ORD-202608-01778,Restaurantul Nostru,Șnițel Gigant de Pui Pane,Mâncăruri Gătite & Specialități,1,36.0,36.0
ORD-202608-01778,Restaurantul Nostru,Bere Nepasteurizată Zăganu 0.5L,Băuturi Alcoolice & Bere,1,22.0,22.0
ORD-202608-01779,Restaurantul Nostru,Cârnați Picanți de Pleșcoi,Cârnați & Platouri,1,42.0,42.0
ORD-202608-01779,Restaurantul Nostru,Ceafă de Porc la Grătar,Preparate la Grătar & Mici,2,38.0,76.0
ORD-202608-01779,Restaurantul Nostru,Piept de Pui la Grătar,Preparate la Grătar & Mici,2,34.0,68.0
ORD-202608-01779,Restaurantul Nostru,Mămăliguță Caldă,Garnituri,1,8.0,8.0
ORD-202608-01780,Restaurantul Nostru,Mici Românești de Vită-Porc (1 buc),Preparate la Grătar & Mici,1,7.5,7.5
ORD-202608-01780,Restaurantul Nostru,Țuică de Prune Ardelenească 50ml,Băuturi Alcoolice & Bere,2,18.0,36.0
ORD-202608-01780,Restaurantul Nostru,Cârnați Picanți de Pleșcoi,Cârnați & Platouri,1,42.0,42.0
ORD-202608-01780,Restaurantul Nostru,Ciorbă de Burtiță Tradițională,Ciorbe & Supe,1,28.0,28.0
ORD-202608-01781,Restaurantul Nostru,Coca-Cola / Coca-Cola Zero 0.33L,Băuturi Răcoritoare & Cafea,1,12.0,12.0
ORD-202608-01781,Restaurantul Nostru,Ciorbă de Burtiță Tradițională,Ciorbe & Supe,1,28.0,28.0
ORD-202608-01781,Restaurantul Nostru,Clătite cu Finetti și Banane (2 buc),Desert,1,22.0,22.0
ORD-202608-01782,Restaurantul Nostru,Ciorbă de Burtiță Tradițională,Ciorbe & Supe,1,28.0,28.0
ORD-202608-01782,Restaurantul Nostru,Piept de Pui la Grătar,Preparate la Grătar & Mici,2,34.0,68.0
ORD-202608-01782,Restaurantul Nostru,Muștar Clasic,Sosuri & Extra,1,4.0,4.0
ORD-202608-01782,Restaurantul Nostru,Mujdei de Usturoi Tradițional,Sosuri & Extra,1,5.0,5.0
ORD-202608-01783,Restaurantul Nostru,Platou Boieresc (2-3 persoane),Cârnați & Platouri,2,145.0,290.0
ORD-202608-01783,Restaurantul Nostru,Limonadă Proaspătă cu Miere și Mentă 0.5L,Băuturi Răcoritoare & Cafea,1,20.0,20.0
ORD-202608-01783,Restaurantul Nostru,Smântână Proaspătă 20%,Sosuri & Extra,3,5.0,15.0
ORD-202608-01784,Restaurantul Nostru,Țuică de Prune Ardelenească 50ml,Băuturi Alcoolice & Bere,1,18.0,18.0
ORD-202608-01784,Restaurantul Nostru,Cașcaval Pane Crocant,Aperitive & Gustări,1,28.0,28.0
ORD-202608-01784,Restaurantul Nostru,Ștrudel de Mere cu Sos de Vanilie,Desert,1,25.0,25.0
ORD-202608-01784,Restaurantul Nostru,Bere Heineken 0.33L,Băuturi Alcoolice & Bere,1,16.0,16.0
ORD-202608-01784,Restaurantul Nostru,Mici Românești de Vită-Porc (1 buc),Preparate la Grătar & Mici,1,7.5,7.5
ORD-202608-01785,Restaurantul Nostru,Pastramă de Oaie la Tigaie cu Mămăligă,Mâncăruri Gătite & Specialități,1,56.0,56.0
ORD-202608-01785,Restaurantul Nostru,Mici Românești de Vită-Porc (1 buc),Preparate la Grătar & Mici,1,7.5,7.5
ORD-202608-01785,Restaurantul Nostru,Burger Casei cu Cartofi Prăjiți,Mâncăruri Gătite & Specialități,1,49.0,49.0
ORD-202608-01785,Restaurantul Nostru,Clătite cu Finetti și Banane (2 buc),Desert,1,22.0,22.0
ORD-202608-01786,Restaurantul Nostru,Cârnați Picanți de Pleșcoi,Cârnați & Platouri,1,42.0,42.0
ORD-202608-01786,Restaurantul Nostru,Pastramă de Oaie la Tigaie cu Mămăligă,Mâncăruri Gătite & Specialități,1,56.0,56.0
ORD-202608-01787,Restaurantul Nostru,Smântână Proaspătă 20%,Sosuri & Extra,1,5.0,5.0
ORD-202608-01787,Restaurantul Nostru,Mujdei de Usturoi Tradițional,Sosuri & Extra,2,5.0,10.0
ORD-202608-01787,Restaurantul Nostru,Ceafă de Porc la Grătar,Preparate la Grătar & Mici,1,38.0,38.0
ORD-202608-01788,Restaurantul Nostru,Supă Cremă de Legume cu Crutoane,Ciorbe & Supe,1,22.0,22.0
ORD-202608-01788,Restaurantul Nostru,Limonadă Proaspătă cu Miere și Mentă 0.5L,Băuturi Răcoritoare & Cafea,1,20.0,20.0
ORD-202608-01788,Restaurantul Nostru,Papanași cu Smântână și Dulceață de Afine (2 buc),Desert,1,32.0,32.0
ORD-202608-01789,Restaurantul Nostru,Mici Românești de Vită-Porc (1 buc),Preparate la Grătar & Mici,1,7.5,7.5
ORD-202608-01789,Restaurantul Nostru,Clătite cu Finetti și Banane (2 buc),Desert,1,22.0,22.0
ORD-202608-01790,Restaurantul Nostru,Mici Românești de Vită-Porc (1 buc),Preparate la Grătar & Mici,1,7.5,7.5
ORD-202608-01790,Restaurantul Nostru,Ciorbă Rădăuțeană de Pui,Ciorbe & Supe,1,26.0,26.0
ORD-202608-01790,Restaurantul Nostru,Vin Purcari Rară Neagră Sticlă 0.75L,Băuturi Alcoolice & Bere,1,95.0,95.0
ORD-202608-01790,Restaurantul Nostru,Cartofi Prăjiți cu Usturoi și Parmezan,Garnituri,1,18.0,18.0
ORD-202608-01791,Restaurantul Nostru,Coș de Pâine de Casă,Sosuri & Extra,1,7.0,7.0
ORD-202608-01791,Restaurantul Nostru,Bulz Ardelenesc la Grătar,Aperitive & Gustări,1,32.0,32.0
ORD-202608-01791,Restaurantul Nostru,Piept de Pui la Grătar,Preparate la Grătar & Mici,2,34.0,68.0
ORD-202608-01791,Restaurantul Nostru,Frăție de Mici & Cârnați,Preparate la Grătar & Mici,1,54.0,54.0
ORD-202608-01792,Restaurantul Nostru,Bere Heineken 0.33L,Băuturi Alcoolice & Bere,1,16.0,16.0
ORD-202608-01792,Restaurantul Nostru,Ciorbă Rădăuțeană de Pui,Ciorbe & Supe,1,26.0,26.0
ORD-202608-01793,Restaurantul Nostru,Șnițel Gigant de Pui Pane,Mâncăruri Gătite & Specialități,3,36.0,108.0
ORD-202608-01793,Restaurantul Nostru,Sos Barbeque,Sosuri & Extra,1,6.0,6.0
ORD-202608-01794,Restaurantul Nostru,Vin Purcari Rară Neagră Sticlă 0.75L,Băuturi Alcoolice & Bere,1,95.0,95.0
ORD-202608-01794,Restaurantul Nostru,Mici de Oaie și Vită (1 buc),Preparate la Grătar & Mici,2,8.5,17.0
ORD-202608-01794,Restaurantul Nostru,Mujdei de Usturoi Tradițional,Sosuri & Extra,1,5.0,5.0
ORD-202608-01795,Restaurantul Nostru,Varză Călită în Vin cu Chimen,Garnituri,3,15.0,45.0
ORD-202608-01795,Restaurantul Nostru,Sarmale Românești în Foi de Varză (4 buc),Mâncăruri Gătite & Specialități,1,44.0,44.0
ORD-202608-01795,Restaurantul Nostru,Piure de Cartofi cu Unt,Garnituri,1,16.0,16.0
ORD-202608-01795,Restaurantul Nostru,Cappuccino cu Spumă de Lapte,Băuturi Răcoritoare & Cafea,1,15.0,15.0
ORD-202608-01795,Restaurantul Nostru,Bere Heineken 0.33L,Băuturi Alcoolice & Bere,2,16.0,32.0
ORD-202608-01796,Restaurantul Nostru,Iahnie de Fasole cu Bacon,Garnituri,1,16.0,16.0
ORD-202608-01796,Restaurantul Nostru,Cartofi Prăjiți cu Usturoi și Parmezan,Garnituri,2,18.0,36.0
ORD-202608-01796,Restaurantul Nostru,Cașcaval Pane Crocant,Aperitive & Gustări,1,28.0,28.0
ORD-202608-01796,Restaurantul Nostru,Frigărui de Berbecuț,Preparate la Grătar & Mici,1,58.0,58.0
ORD-202608-01796,Restaurantul Nostru,Țuică de Prune Ardelenească 50ml,Băuturi Alcoolice & Bere,1,18.0,18.0
ORD-202608-01797,Restaurantul Nostru,Sos Barbeque,Sosuri & Extra,1,6.0,6.0
ORD-202608-01797,Restaurantul Nostru,Mujdei de Usturoi Tradițional,Sosuri & Extra,2,5.0,10.0
ORD-202608-01797,Restaurantul Nostru,Piept de Pui la Grătar,Preparate la Grătar & Mici,1,34.0,34.0
ORD-202608-01797,Restaurantul Nostru,Salată de Murături Asortate,Salate,1,14.0,14.0
ORD-202608-01797,Restaurantul Nostru,Vin Purcari Rară Neagră Sticlă 0.75L,Băuturi Alcoolice & Bere,2,95.0,190.0
ORD-202608-01798,Restaurantul Nostru,Tochitură Moldovenească cu Mămăligă,Mâncăruri Gătite & Specialități,1,48.0,48.0
ORD-202608-01798,Restaurantul Nostru,Salată Grecească,Salate,1,34.0,34.0
ORD-202608-01798,Restaurantul Nostru,Ciorbă de Burtiță Tradițională,Ciorbe & Supe,1,28.0,28.0
ORD-202608-01798,Restaurantul Nostru,Coș de Pâine de Casă,Sosuri & Extra,1,7.0,7.0
ORD-202608-01798,Restaurantul Nostru,Sos Barbeque,Sosuri & Extra,1,6.0,6.0
ORD-202608-01799,Restaurantul Nostru,Ciorbă de Perișoare,Ciorbe & Supe,1,24.0,24.0
ORD-202608-01799,Restaurantul Nostru,Bere Nepasteurizată Zăganu 0.5L,Băuturi Alcoolice & Bere,1,22.0,22.0
ORD-202608-01799,Restaurantul Nostru,Salată de Murături Asortate,Salate,1,14.0,14.0
ORD-202608-01800,Restaurantul Nostru,Ciorbă Rădăuțeană de Pui,Ciorbe & Supe,1,26.0,26.0
ORD-202608-01800,Restaurantul Nostru,Apă Minerală / Plată Borsec 0.5L,Băuturi Răcoritoare & Cafea,1,10.0,10.0
ORD-202608-01800,Restaurantul Nostru,Cașcaval Pane Crocant,Aperitive & Gustări,1,28.0,28.0
ORD-202608-01800,Restaurantul Nostru,Piept de Pui la Grătar,Preparate la Grătar & Mici,3,34.0,102.0
ORD-202608-01801,Restaurantul Nostru,Ciorbă de Burtiță Tradițională,Ciorbe & Supe,1,28.0,28.0
ORD-202608-01801,Restaurantul Nostru,Cârnați Picanți de Pleșcoi,Cârnați & Platouri,2,42.0,84.0
ORD-202608-01802,Restaurantul Nostru,Țuică de Prune Ardelenească 50ml,Băuturi Alcoolice & Bere,1,18.0,18.0
ORD-202608-01802,Restaurantul Nostru,Bere Ciuc Premium la Draught 0.4L,Băuturi Alcoolice & Bere,1,14.0,14.0
ORD-202608-01803,Restaurantul Nostru,Bere Heineken 0.33L,Băuturi Alcoolice & Bere,2,16.0,32.0
ORD-202608-01803,Restaurantul Nostru,Platou Boieresc (2-3 persoane),Cârnați & Platouri,1,145.0,145.0
ORD-202608-01804,Restaurantul Nostru,Mici Românești de Vită-Porc (1 buc),Preparate la Grătar & Mici,1,7.5,7.5
ORD-202608-01804,Restaurantul Nostru,Ciorbă de Burtiță Tradițională,Ciorbe & Supe,1,28.0,28.0
ORD-202608-01804,Restaurantul Nostru,Iahnie de Fasole cu Bacon,Garnituri,1,16.0,16.0
ORD-202608-01805,Restaurantul Nostru,Papanași cu Smântână și Dulceață de Afine (2 buc),Desert,1,32.0,32.0
ORD-202608-01805,Restaurantul Nostru,Espresso Scurt / Lung Julius Meinl,Băuturi Răcoritoare & Cafea,2,12.0,24.0
ORD-202608-01806,Restaurantul Nostru,Pachet Vinul Casei Fetească Regală 1L,Băuturi Alcoolice & Bere,1,55.0,55.0
ORD-202608-01806,Restaurantul Nostru,Ciorbă Rădăuțeană de Pui,Ciorbe & Supe,1,26.0,26.0
ORD-202608-01806,Restaurantul Nostru,Cârnați Picanți de Pleșcoi,Cârnați & Platouri,1,42.0,42.0
ORD-202608-01806,Restaurantul Nostru,Piept de Pui la Grătar,Preparate la Grătar & Mici,1,34.0,34.0
ORD-202608-01806,Restaurantul Nostru,Salată Caesar cu Pui la Grătar,Salate,1,38.0,38.0
ORD-202608-01807,Restaurantul Nostru,Iahnie de Fasole cu Bacon,Garnituri,1,16.0,16.0
ORD-202608-01807,Restaurantul Nostru,Salată Grecească,Salate,1,34.0,34.0
ORD-202608-01808,Restaurantul Nostru,Platou Boieresc (2-3 persoane),Cârnați & Platouri,2,145.0,290.0
ORD-202608-01808,Restaurantul Nostru,Frigărui de Berbecuț,Preparate la Grătar & Mici,2,58.0,116.0
ORD-202608-01808,Restaurantul Nostru,Cartofi Prăjiți cu Usturoi și Parmezan,Garnituri,1,18.0,18.0
ORD-202608-01809,Restaurantul Nostru,Salată de Vinete Coapte pe Plită,Aperitive & Gustări,1,24.0,24.0
ORD-202608-01809,Restaurantul Nostru,Ciorbă de Văcuță,Ciorbe & Supe,1,25.0,25.0
ORD-202608-01809,Restaurantul Nostru,Bulz Ardelenesc la Grătar,Aperitive & Gustări,1,32.0,32.0
ORD-202608-01809,Restaurantul Nostru,Limonadă Proaspătă cu Miere și Mentă 0.5L,Băuturi Răcoritoare & Cafea,1,20.0,20.0
ORD-202608-01810,Restaurantul Nostru,Frigărui de Berbecuț,Preparate la Grătar & Mici,2,58.0,116.0
ORD-202608-01810,Restaurantul Nostru,Fasole Bătută cu Ceapă Călită,Aperitive & Gustări,1,20.0,20.0
ORD-202608-01810,Restaurantul Nostru,Salată Caesar cu Pui la Grătar,Salate,1,38.0,38.0
ORD-202608-01811,Restaurantul Nostru,Bere Nepasteurizată Zăganu 0.5L,Băuturi Alcoolice & Bere,1,22.0,22.0
ORD-202608-01811,Restaurantul Nostru,Ceafă de Porc la Grătar,Preparate la Grătar & Mici,1,38.0,38.0
ORD-202608-01811,Restaurantul Nostru,Papanași cu Smântână și Dulceață de Afine (2 buc),Desert,1,32.0,32.0
ORD-202608-01812,Restaurantul Nostru,Sarmale Românești în Foi de Varză (4 buc),Mâncăruri Gătite & Specialități,1,44.0,44.0
ORD-202608-01812,Restaurantul Nostru,Frigărui de Berbecuț,Preparate la Grătar & Mici,1,58.0,58.0
ORD-202608-01812,Restaurantul Nostru,Bere Heineken 0.33L,Băuturi Alcoolice & Bere,2,16.0,32.0
ORD-202608-01813,Restaurantul Nostru,Papanași cu Smântână și Dulceață de Afine (2 buc),Desert,1,32.0,32.0
ORD-202608-01813,Restaurantul Nostru,Espresso Scurt / Lung Julius Meinl,Băuturi Răcoritoare & Cafea,2,12.0,24.0
ORD-202608-01813,Restaurantul Nostru,Mici de Oaie și Vită (1 buc),Preparate la Grătar & Mici,1,8.5,8.5
ORD-202608-01813,Restaurantul Nostru,Pachet Vinul Casei Fetească Regală 1L,Băuturi Alcoolice & Bere,2,55.0,110.0
ORD-202608-01813,Restaurantul Nostru,Bulz Ardelenesc la Grătar,Aperitive & Gustări,1,32.0,32.0
ORD-202608-01814,Restaurantul Nostru,Iahnie de Fasole cu Bacon,Garnituri,1,16.0,16.0
ORD-202608-01814,Restaurantul Nostru,Platou Cârnați Asortați,Cârnați & Platouri,2,95.0,190.0
ORD-202608-01814,Restaurantul Nostru,Tochitură Moldovenească cu Mămăligă,Mâncăruri Gătite & Specialități,1,48.0,48.0
ORD-202608-01814,Restaurantul Nostru,Limonadă Proaspătă cu Miere și Mentă 0.5L,Băuturi Răcoritoare & Cafea,1,20.0,20.0
ORD-202608-01814,Restaurantul Nostru,Sos Barbeque,Sosuri & Extra,3,6.0,18.0
ORD-202608-01815,Restaurantul Nostru,Piept de Pui la Grătar,Preparate la Grătar & Mici,1,34.0,34.0
ORD-202608-01815,Restaurantul Nostru,Sos Barbeque,Sosuri & Extra,1,6.0,6.0
ORD-202608-01815,Restaurantul Nostru,Cârnați Picanți de Pleșcoi,Cârnați & Platouri,1,42.0,42.0
ORD-202608-01815,Restaurantul Nostru,Mămăliguță Caldă,Garnituri,1,8.0,8.0
ORD-202608-01816,Restaurantul Nostru,Ciorbă de Văcuță,Ciorbe & Supe,1,25.0,25.0
ORD-202608-01816,Restaurantul Nostru,Ștrudel de Mere cu Sos de Vanilie,Desert,1,25.0,25.0
ORD-202608-01816,Restaurantul Nostru,Smântână Proaspătă 20%,Sosuri & Extra,2,5.0,10.0
ORD-202608-01816,Restaurantul Nostru,Țuică de Prune Ardelenească 50ml,Băuturi Alcoolice & Bere,1,18.0,18.0
ORD-202608-01816,Restaurantul Nostru,Salată de Vinete Coapte pe Plită,Aperitive & Gustări,3,24.0,72.0
ORD-202608-01817,Restaurantul Nostru,Salată Caesar cu Pui la Grătar,Salate,2,38.0,76.0
ORD-202608-01817,Restaurantul Nostru,Mici Românești de Vită-Porc (1 buc),Preparate la Grătar & Mici,1,7.5,7.5
ORD-202608-01817,Restaurantul Nostru,Frăție de Mici & Cârnați,Preparate la Grătar & Mici,2,54.0,108.0
ORD-202608-01817,Restaurantul Nostru,Cartofi Prăjiți cu Usturoi și Parmezan,Garnituri,1,18.0,18.0
ORD-202608-01818,Restaurantul Nostru,Ștrudel de Mere cu Sos de Vanilie,Desert,1,25.0,25.0
ORD-202608-01818,Restaurantul Nostru,Smântână Proaspătă 20%,Sosuri & Extra,2,5.0,10.0
ORD-202608-01818,Restaurantul Nostru,Platou Cârnați Asortați,Cârnați & Platouri,2,95.0,190.0
ORD-202608-01819,Restaurantul Nostru,Piept de Pui la Grătar,Preparate la Grătar & Mici,1,34.0,34.0
ORD-202608-01819,Restaurantul Nostru,Papanași cu Smântână și Dulceață de Afine (2 buc),Desert,2,32.0,64.0
ORD-202608-01819,Restaurantul Nostru,Coș de Pâine de Casă,Sosuri & Extra,1,7.0,7.0
ORD-202608-01820,Restaurantul Nostru,Țuică de Prune Ardelenească 50ml,Băuturi Alcoolice & Bere,2,18.0,36.0
ORD-202608-01820,Restaurantul Nostru,Frăție de Mici & Cârnați,Preparate la Grătar & Mici,1,54.0,54.0
ORD-202608-01820,Restaurantul Nostru,Bulz Ardelenesc la Grătar,Aperitive & Gustări,3,32.0,96.0
ORD-202608-01821,Restaurantul Nostru,Bere Nepasteurizată Zăganu 0.5L,Băuturi Alcoolice & Bere,1,22.0,22.0
ORD-202608-01821,Restaurantul Nostru,Platou Boieresc (2-3 persoane),Cârnați & Platouri,1,145.0,145.0
ORD-202608-01821,Restaurantul Nostru,Smântână Proaspătă 20%,Sosuri & Extra,1,5.0,5.0
ORD-202608-01821,Restaurantul Nostru,Pastramă de Oaie la Tigaie cu Mămăligă,Mâncăruri Gătite & Specialități,1,56.0,56.0
ORD-202608-01821,Restaurantul Nostru,Coca-Cola / Coca-Cola Zero 0.33L,Băuturi Răcoritoare & Cafea,1,12.0,12.0
ORD-202608-01822,Restaurantul Nostru,Espresso Scurt / Lung Julius Meinl,Băuturi Răcoritoare & Cafea,1,12.0,12.0
ORD-202608-01822,Restaurantul Nostru,Muștar Clasic,Sosuri & Extra,1,4.0,4.0
ORD-202608-01822,Restaurantul Nostru,Platou Gustări Rece Tradiționale,Cârnați & Platouri,1,85.0,85.0
ORD-202608-01822,Restaurantul Nostru,Sos Barbeque,Sosuri & Extra,1,6.0,6.0
ORD-202608-01822,Restaurantul Nostru,Iahnie de Fasole cu Bacon,Garnituri,1,16.0,16.0
ORD-202608-01823,Restaurantul Nostru,Bere Ciuc Premium la Draught 0.4L,Băuturi Alcoolice & Bere,1,14.0,14.0
ORD-202608-01823,Restaurantul Nostru,Cașcaval Pane Crocant,Aperitive & Gustări,2,28.0,56.0
ORD-202608-01824,Restaurantul Nostru,Iahnie de Fasole cu Bacon,Garnituri,1,16.0,16.0
ORD-202608-01824,Restaurantul Nostru,Mămăliguță Caldă,Garnituri,1,8.0,8.0
ORD-202608-01824,Restaurantul Nostru,Ciorbă de Văcuță,Ciorbe & Supe,3,25.0,75.0
ORD-202608-01824,Restaurantul Nostru,Bere Heineken 0.33L,Băuturi Alcoolice & Bere,2,16.0,32.0
ORD-202608-01824,Restaurantul Nostru,Piure de Cartofi cu Unt,Garnituri,1,16.0,16.0
ORD-202608-01825,Restaurantul Nostru,Pastramă de Oaie la Tigaie cu Mămăligă,Mâncăruri Gătite & Specialități,2,56.0,112.0
ORD-202608-01825,Restaurantul Nostru,Ciorbă de Văcuță,Ciorbe & Supe,1,25.0,25.0
ORD-202608-01825,Restaurantul Nostru,Piure de Cartofi cu Unt,Garnituri,1,16.0,16.0
ORD-202608-01825,Restaurantul Nostru,Apă Minerală / Plată Borsec 0.5L,Băuturi Răcoritoare & Cafea,1,10.0,10.0
ORD-202608-01825,Restaurantul Nostru,Platou Gustări Rece Tradiționale,Cârnați & Platouri,1,85.0,85.0
ORD-202608-01826,Restaurantul Nostru,Frăție de Mici & Cârnați,Preparate la Grătar & Mici,1,54.0,54.0
ORD-202608-01826,Restaurantul Nostru,Salată Grecească,Salate,1,34.0,34.0
ORD-202608-01827,Restaurantul Nostru,Sarmale Românești în Foi de Varză (4 buc),Mâncăruri Gătite & Specialități,1,44.0,44.0
ORD-202608-01827,Restaurantul Nostru,Bulz Ardelenesc la Grătar,Aperitive & Gustări,1,32.0,32.0
ORD-202608-01827,Restaurantul Nostru,Smântână Proaspătă 20%,Sosuri & Extra,1,5.0,5.0
ORD-202608-01828,Restaurantul Nostru,Muștar Clasic,Sosuri & Extra,1,4.0,4.0
ORD-202608-01828,Restaurantul Nostru,Sarmale Românești în Foi de Varză (4 buc),Mâncăruri Gătite & Specialități,1,44.0,44.0
ORD-202608-01828,Restaurantul Nostru,Smântână Proaspătă 20%,Sosuri & Extra,2,5.0,10.0
ORD-202608-01828,Restaurantul Nostru,Bere Nepasteurizată Zăganu 0.5L,Băuturi Alcoolice & Bere,1,22.0,22.0
ORD-202608-01829,Restaurantul Nostru,Sos Barbeque,Sosuri & Extra,1,6.0,6.0
ORD-202608-01829,Restaurantul Nostru,Cartofi Prăjiți cu Usturoi și Parmezan,Garnituri,1,18.0,18.0
ORD-202608-01829,Restaurantul Nostru,Bere Ciuc Premium la Draught 0.4L,Băuturi Alcoolice & Bere,1,14.0,14.0
ORD-202608-01829,Restaurantul Nostru,Cașcaval Pane Crocant,Aperitive & Gustări,1,28.0,28.0
ORD-202608-01830,Restaurantul Nostru,Sos Barbeque,Sosuri & Extra,1,6.0,6.0
ORD-202608-01830,Restaurantul Nostru,Mici Românești de Vită-Porc (1 buc),Preparate la Grătar & Mici,2,7.5,15.0
ORD-202608-01830,Restaurantul Nostru,Bere Nepasteurizată Zăganu 0.5L,Băuturi Alcoolice & Bere,1,22.0,22.0
ORD-202608-01830,Restaurantul Nostru,Apă Minerală / Plată Borsec 0.5L,Băuturi Răcoritoare & Cafea,2,10.0,20.0
ORD-202608-01831,Restaurantul Nostru,Iahnie de Fasole cu Bacon,Garnituri,1,16.0,16.0
ORD-202608-01831,Restaurantul Nostru,Sos Barbeque,Sosuri & Extra,1,6.0,6.0
ORD-202608-01831,Restaurantul Nostru,Espresso Scurt / Lung Julius Meinl,Băuturi Răcoritoare & Cafea,1,12.0,12.0
ORD-202608-01831,Restaurantul Nostru,Apă Minerală / Plată Borsec 0.5L,Băuturi Răcoritoare & Cafea,2,10.0,20.0
ORD-202608-01831,Restaurantul Nostru,Coca-Cola / Coca-Cola Zero 0.33L,Băuturi Răcoritoare & Cafea,1,12.0,12.0
ORD-202608-01832,Restaurantul Nostru,Ștrudel de Mere cu Sos de Vanilie,Desert,1,25.0,25.0
ORD-202608-01832,Restaurantul Nostru,Burger Casei cu Cartofi Prăjiți,Mâncăruri Gătite & Specialități,1,49.0,49.0
ORD-202608-01832,Restaurantul Nostru,Ciorbă de Burtiță Tradițională,Ciorbe & Supe,1,28.0,28.0
ORD-202608-01832,Restaurantul Nostru,Tochitură Moldovenească cu Mămăligă,Mâncăruri Gătite & Specialități,1,48.0,48.0
ORD-202608-01833,Restaurantul Nostru,Frigărui de Berbecuț,Preparate la Grătar & Mici,1,58.0,58.0
ORD-202608-01833,Restaurantul Nostru,Burger Casei cu Cartofi Prăjiți,Mâncăruri Gătite & Specialități,1,49.0,49.0
ORD-202608-01833,Restaurantul Nostru,Platou Gustări Rece Tradiționale,Cârnați & Platouri,1,85.0,85.0
ORD-202608-01833,Restaurantul Nostru,Cașcaval Pane Crocant,Aperitive & Gustări,1,28.0,28.0
ORD-202608-01834,Restaurantul Nostru,Salată de Vinete Coapte pe Plită,Aperitive & Gustări,1,24.0,24.0
ORD-202608-01834,Restaurantul Nostru,Ciorbă de Burtiță Tradițională,Ciorbe & Supe,1,28.0,28.0
ORD-202608-01834,Restaurantul Nostru,Muștar Clasic,Sosuri & Extra,1,4.0,4.0
ORD-202608-01835,Restaurantul Nostru,Varză Călită în Vin cu Chimen,Garnituri,1,15.0,15.0
ORD-202608-01835,Restaurantul Nostru,Sos Barbeque,Sosuri & Extra,1,6.0,6.0
ORD-202608-01835,Restaurantul Nostru,Salată de Murături Asortate,Salate,1,14.0,14.0
ORD-202608-01835,Restaurantul Nostru,Cârnați Picanți de Pleșcoi,Cârnați & Platouri,1,42.0,42.0
ORD-202608-01836,Restaurantul Nostru,Burger Casei cu Cartofi Prăjiți,Mâncăruri Gătite & Specialități,2,49.0,98.0
ORD-202608-01836,Restaurantul Nostru,Platou Cârnați Asortați,Cârnați & Platouri,1,95.0,95.0
ORD-202608-01836,Restaurantul Nostru,Pachet Vinul Casei Fetească Regală 1L,Băuturi Alcoolice & Bere,1,55.0,55.0
ORD-202608-01836,Restaurantul Nostru,Ciorbă Rădăuțeană de Pui,Ciorbe & Supe,2,26.0,52.0
ORD-202608-01837,Restaurantul Nostru,Salată de Ardei Copți,Salate,1,16.0,16.0
ORD-202608-01837,Restaurantul Nostru,Sarmale Românești în Foi de Varză (4 buc),Mâncăruri Gătite & Specialități,2,44.0,88.0
ORD-202608-01837,Restaurantul Nostru,Pastramă de Oaie la Tigaie cu Mămăligă,Mâncăruri Gătite & Specialități,2,56.0,112.0
ORD-202608-01837,Restaurantul Nostru,Supă Cremă de Legume cu Crutoane,Ciorbe & Supe,1,22.0,22.0
ORD-202608-01838,Restaurantul Nostru,Mujdei de Usturoi Tradițional,Sosuri & Extra,1,5.0,5.0
ORD-202608-01838,Restaurantul Nostru,Mămăliguță Caldă,Garnituri,3,8.0,24.0
ORD-202608-01838,Restaurantul Nostru,Cappuccino cu Spumă de Lapte,Băuturi Răcoritoare & Cafea,1,15.0,15.0
ORD-202608-01838,Restaurantul Nostru,Vin Purcari Rară Neagră Sticlă 0.75L,Băuturi Alcoolice & Bere,1,95.0,95.0
ORD-202608-01838,Restaurantul Nostru,Pachet Vinul Casei Fetească Regală 1L,Băuturi Alcoolice & Bere,2,55.0,110.0
ORD-202608-01839,Restaurantul Nostru,Varză Călită în Vin cu Chimen,Garnituri,1,15.0,15.0
ORD-202608-01839,Restaurantul Nostru,Smântână Proaspătă 20%,Sosuri & Extra,1,5.0,5.0
ORD-202608-01839,Restaurantul Nostru,Șnițel Gigant de Pui Pane,Mâncăruri Gătite & Specialități,1,36.0,36.0
ORD-202608-01839,Restaurantul Nostru,Papanași cu Smântână și Dulceață de Afine (2 buc),Desert,2,32.0,64.0
ORD-202608-01840,Restaurantul Nostru,Coca-Cola / Coca-Cola Zero 0.33L,Băuturi Răcoritoare & Cafea,1,12.0,12.0
ORD-202608-01840,Restaurantul Nostru,Fasole Bătută cu Ceapă Călită,Aperitive & Gustări,1,20.0,20.0
ORD-202608-01840,Restaurantul Nostru,Muștar Clasic,Sosuri & Extra,1,4.0,4.0
ORD-202608-01841,Restaurantul Nostru,Frăție de Mici & Cârnați,Preparate la Grătar & Mici,1,54.0,54.0
ORD-202608-01841,Restaurantul Nostru,Platou Cârnați Asortați,Cârnați & Platouri,1,95.0,95.0
ORD-202608-01841,Restaurantul Nostru,Supă Cremă de Legume cu Crutoane,Ciorbe & Supe,1,22.0,22.0
ORD-202608-01841,Restaurantul Nostru,Varză Călită în Vin cu Chimen,Garnituri,1,15.0,15.0
ORD-202608-01841,Restaurantul Nostru,Salată Grecească,Salate,2,34.0,68.0
ORD-202608-01842,Restaurantul Nostru,Varză Călită în Vin cu Chimen,Garnituri,3,15.0,45.0
ORD-202608-01842,Restaurantul Nostru,Lava Cake cu Înghețată de Vanilie,Desert,1,28.0,28.0
ORD-202608-01842,Restaurantul Nostru,Limonadă Proaspătă cu Miere și Mentă 0.5L,Băuturi Răcoritoare & Cafea,2,20.0,40.0
ORD-202608-01842,Restaurantul Nostru,Mici Românești de Vită-Porc (1 buc),Preparate la Grătar & Mici,1,7.5,7.5
ORD-202608-01843,Restaurantul Nostru,Sarmale Românești în Foi de Varză (4 buc),Mâncăruri Gătite & Specialități,1,44.0,44.0
ORD-202608-01843,Restaurantul Nostru,Limonadă Proaspătă cu Miere și Mentă 0.5L,Băuturi Răcoritoare & Cafea,1,20.0,20.0
ORD-202608-01843,Restaurantul Nostru,Bere Nepasteurizată Zăganu 0.5L,Băuturi Alcoolice & Bere,2,22.0,44.0
ORD-202608-01844,Restaurantul Nostru,Platou Cârnați Asortați,Cârnați & Platouri,1,95.0,95.0
ORD-202608-01844,Restaurantul Nostru,Sos Barbeque,Sosuri & Extra,1,6.0,6.0
ORD-202608-01844,Restaurantul Nostru,Piure de Cartofi cu Unt,Garnituri,1,16.0,16.0
ORD-202608-01845,Restaurantul Nostru,Vin Purcari Rară Neagră Sticlă 0.75L,Băuturi Alcoolice & Bere,1,95.0,95.0
ORD-202608-01845,Restaurantul Nostru,Coș de Pâine de Casă,Sosuri & Extra,2,7.0,14.0
ORD-202608-01845,Restaurantul Nostru,Cartofi Prăjiți cu Usturoi și Parmezan,Garnituri,2,18.0,36.0
ORD-202608-01845,Restaurantul Nostru,Apă Minerală / Plată Borsec 0.5L,Băuturi Răcoritoare & Cafea,1,10.0,10.0
ORD-202608-01846,Restaurantul Nostru,Frigărui de Berbecuț,Preparate la Grătar & Mici,1,58.0,58.0
ORD-202608-01846,Restaurantul Nostru,Clătite cu Finetti și Banane (2 buc),Desert,1,22.0,22.0
ORD-202608-01846,Restaurantul Nostru,Apă Minerală / Plată Borsec 0.5L,Băuturi Răcoritoare & Cafea,1,10.0,10.0
ORD-202608-01846,Restaurantul Nostru,Lava Cake cu Înghețată de Vanilie,Desert,1,28.0,28.0
ORD-202608-01846,Restaurantul Nostru,Frăție de Mici & Cârnați,Preparate la Grătar & Mici,1,54.0,54.0
ORD-202608-01847,Restaurantul Nostru,Tochitură Moldovenească cu Mămăligă,Mâncăruri Gătite & Specialități,1,48.0,48.0
ORD-202608-01847,Restaurantul Nostru,Bulz Ardelenesc la Grătar,Aperitive & Gustări,1,32.0,32.0
ORD-202608-01847,Restaurantul Nostru,Șnițel Gigant de Pui Pane,Mâncăruri Gătite & Specialități,1,36.0,36.0
ORD-202608-01847,Restaurantul Nostru,Salată Caesar cu Pui la Grătar,Salate,1,38.0,38.0
ORD-202608-01848,Restaurantul Nostru,Cașcaval Pane Crocant,Aperitive & Gustări,1,28.0,28.0
ORD-202608-01848,Restaurantul Nostru,Supă Cremă de Legume cu Crutoane,Ciorbe & Supe,2,22.0,44.0
ORD-202608-01848,Restaurantul Nostru,Salată de Ardei Copți,Salate,3,16.0,48.0
ORD-202608-01848,Restaurantul Nostru,Mujdei de Usturoi Tradițional,Sosuri & Extra,1,5.0,5.0
ORD-202608-01848,Restaurantul Nostru,Bere Heineken 0.33L,Băuturi Alcoolice & Bere,2,16.0,32.0
ORD-202608-01849,Restaurantul Nostru,Ceafă de Porc la Grătar,Preparate la Grătar & Mici,1,38.0,38.0
ORD-202608-01849,Restaurantul Nostru,Ciorbă de Burtiță Tradițională,Ciorbe & Supe,1,28.0,28.0
ORD-202608-01850,Restaurantul Nostru,Salată de Murături Asortate,Salate,1,14.0,14.0
ORD-202608-01850,Restaurantul Nostru,Sarmale Românești în Foi de Varză (4 buc),Mâncăruri Gătite & Specialități,1,44.0,44.0
ORD-202608-01850,Restaurantul Nostru,Fasole Bătută cu Ceapă Călită,Aperitive & Gustări,1,20.0,20.0
ORD-202608-01851,Restaurantul Nostru,Platou Boieresc (2-3 persoane),Cârnați & Platouri,1,145.0,145.0
ORD-202608-01851,Restaurantul Nostru,Țuică de Prune Ardelenească 50ml,Băuturi Alcoolice & Bere,3,18.0,54.0
ORD-202608-01851,Restaurantul Nostru,Mămăliguță Caldă,Garnituri,1,8.0,8.0
ORD-202608-01851,Restaurantul Nostru,Piept de Pui la Grătar,Preparate la Grătar & Mici,1,34.0,34.0
ORD-202608-01851,Restaurantul Nostru,Platou Gustări Rece Tradiționale,Cârnați & Platouri,1,85.0,85.0
ORD-202608-01852,Restaurantul Nostru,Smântână Proaspătă 20%,Sosuri & Extra,1,5.0,5.0
ORD-202608-01852,Restaurantul Nostru,Clătite cu Finetti și Banane (2 buc),Desert,1,22.0,22.0
ORD-202608-01853,Restaurantul Nostru,Ciorbă de Perișoare,Ciorbe & Supe,1,24.0,24.0
ORD-202608-01853,Restaurantul Nostru,Apă Minerală / Plată Borsec 0.5L,Băuturi Răcoritoare & Cafea,1,10.0,10.0
ORD-202608-01853,Restaurantul Nostru,Mici Românești de Vită-Porc (1 buc),Preparate la Grătar & Mici,1,7.5,7.5
ORD-202608-01854,Restaurantul Nostru,Limonadă Proaspătă cu Miere și Mentă 0.5L,Băuturi Răcoritoare & Cafea,1,20.0,20.0
ORD-202608-01854,Restaurantul Nostru,Iahnie de Fasole cu Bacon,Garnituri,1,16.0,16.0
ORD-202608-01854,Restaurantul Nostru,Bere Nepasteurizată Zăganu 0.5L,Băuturi Alcoolice & Bere,1,22.0,22.0
ORD-202608-01854,Restaurantul Nostru,Clătite cu Finetti și Banane (2 buc),Desert,1,22.0,22.0
ORD-202608-01855,Restaurantul Nostru,Cașcaval Pane Crocant,Aperitive & Gustări,1,28.0,28.0
ORD-202608-01855,Restaurantul Nostru,Coș de Pâine de Casă,Sosuri & Extra,2,7.0,14.0
ORD-202608-01855,Restaurantul Nostru,Platou Cârnați Asortați,Cârnați & Platouri,1,95.0,95.0
ORD-202608-01855,Restaurantul Nostru,Ciorbă de Văcuță,Ciorbe & Supe,1,25.0,25.0
ORD-202608-01855,Restaurantul Nostru,Țuică de Prune Ardelenească 50ml,Băuturi Alcoolice & Bere,1,18.0,18.0
ORD-202608-01856,Restaurantul Nostru,Sos Barbeque,Sosuri & Extra,1,6.0,6.0
ORD-202608-01856,Restaurantul Nostru,Bulz Ardelenesc la Grătar,Aperitive & Gustări,2,32.0,64.0
ORD-202608-01857,Restaurantul Nostru,Frigărui de Berbecuț,Preparate la Grătar & Mici,1,58.0,58.0
ORD-202608-01857,Restaurantul Nostru,Cartofi Prăjiți cu Usturoi și Parmezan,Garnituri,1,18.0,18.0
ORD-202608-01857,Restaurantul Nostru,Salată de Murături Asortate,Salate,1,14.0,14.0
ORD-202608-01857,Restaurantul Nostru,Smântână Proaspătă 20%,Sosuri & Extra,1,5.0,5.0
ORD-202608-01858,Restaurantul Nostru,Mujdei de Usturoi Tradițional,Sosuri & Extra,1,5.0,5.0
ORD-202608-01858,Restaurantul Nostru,Șnițel Gigant de Pui Pane,Mâncăruri Gătite & Specialități,1,36.0,36.0
ORD-202608-01858,Restaurantul Nostru,Limonadă Proaspătă cu Miere și Mentă 0.5L,Băuturi Răcoritoare & Cafea,1,20.0,20.0
ORD-202608-01858,Restaurantul Nostru,Espresso Scurt / Lung Julius Meinl,Băuturi Răcoritoare & Cafea,1,12.0,12.0
ORD-202608-01858,Restaurantul Nostru,Supă Cremă de Legume cu Crutoane,Ciorbe & Supe,1,22.0,22.0
ORD-202608-01859,Restaurantul Nostru,Șnițel Gigant de Pui Pane,Mâncăruri Gătite & Specialități,1,36.0,36.0
ORD-202608-01859,Restaurantul Nostru,Mujdei de Usturoi Tradițional,Sosuri & Extra,1,5.0,5.0
ORD-202608-01859,Restaurantul Nostru,Salată de Ardei Copți,Salate,1,16.0,16.0
ORD-202608-01860,Restaurantul Nostru,Bulz Ardelenesc la Grătar,Aperitive & Gustări,1,32.0,32.0
ORD-202608-01860,Restaurantul Nostru,Ceafă de Porc la Grătar,Preparate la Grătar & Mici,1,38.0,38.0
ORD-202608-01860,Restaurantul Nostru,Șnițel Gigant de Pui Pane,Mâncăruri Gătite & Specialități,2,36.0,72.0
ORD-202608-01861,Restaurantul Nostru,Fasole Bătută cu Ceapă Călită,Aperitive & Gustări,1,20.0,20.0
ORD-202608-01861,Restaurantul Nostru,Apă Minerală / Plată Borsec 0.5L,Băuturi Răcoritoare & Cafea,1,10.0,10.0
ORD-202608-01862,Restaurantul Nostru,Piept de Pui la Grătar,Preparate la Grătar & Mici,1,34.0,34.0
ORD-202608-01862,Restaurantul Nostru,Espresso Scurt / Lung Julius Meinl,Băuturi Răcoritoare & Cafea,1,12.0,12.0
ORD-202608-01863,Restaurantul Nostru,Ciorbă de Văcuță,Ciorbe & Supe,1,25.0,25.0
ORD-202608-01863,Restaurantul Nostru,Frăție de Mici & Cârnați,Preparate la Grătar & Mici,1,54.0,54.0
ORD-202608-01863,Restaurantul Nostru,Țuică de Prune Ardelenească 50ml,Băuturi Alcoolice & Bere,1,18.0,18.0
ORD-202608-01864,Restaurantul Nostru,Clătite cu Finetti și Banane (2 buc),Desert,1,22.0,22.0
ORD-202608-01864,Restaurantul Nostru,Salată de Ardei Copți,Salate,1,16.0,16.0
ORD-202608-01865,Restaurantul Nostru,Limonadă Proaspătă cu Miere și Mentă 0.5L,Băuturi Răcoritoare & Cafea,1,20.0,20.0
ORD-202608-01865,Restaurantul Nostru,Coca-Cola / Coca-Cola Zero 0.33L,Băuturi Răcoritoare & Cafea,1,12.0,12.0
ORD-202608-01865,Restaurantul Nostru,Ceafă de Porc la Grătar,Preparate la Grătar & Mici,1,38.0,38.0
ORD-202608-01866,Restaurantul Nostru,Frăție de Mici & Cârnați,Preparate la Grătar & Mici,1,54.0,54.0
ORD-202608-01866,Restaurantul Nostru,Mici de Oaie și Vită (1 buc),Preparate la Grătar & Mici,1,8.5,8.5
ORD-202608-01867,Restaurantul Nostru,Coca-Cola / Coca-Cola Zero 0.33L,Băuturi Răcoritoare & Cafea,1,12.0,12.0
ORD-202608-01867,Restaurantul Nostru,Fasole Bătută cu Ceapă Călită,Aperitive & Gustări,1,20.0,20.0
ORD-202608-01867,Restaurantul Nostru,Șnițel Gigant de Pui Pane,Mâncăruri Gătite & Specialități,1,36.0,36.0
ORD-202608-01868,Restaurantul Nostru,Pachet Vinul Casei Fetească Regală 1L,Băuturi Alcoolice & Bere,1,55.0,55.0
ORD-202608-01868,Restaurantul Nostru,Ștrudel de Mere cu Sos de Vanilie,Desert,1,25.0,25.0
ORD-202608-01868,Restaurantul Nostru,Sarmale Românești în Foi de Varză (4 buc),Mâncăruri Gătite & Specialități,1,44.0,44.0
ORD-202608-01868,Restaurantul Nostru,Cașcaval Pane Crocant,Aperitive & Gustări,2,28.0,56.0
ORD-202608-01868,Restaurantul Nostru,Bere Heineken 0.33L,Băuturi Alcoolice & Bere,1,16.0,16.0
ORD-202608-01869,Restaurantul Nostru,Coș de Pâine de Casă,Sosuri & Extra,1,7.0,7.0
ORD-202608-01869,Restaurantul Nostru,Fasole Bătută cu Ceapă Călită,Aperitive & Gustări,1,20.0,20.0
ORD-202608-01869,Restaurantul Nostru,Papanași cu Smântână și Dulceață de Afine (2 buc),Desert,1,32.0,32.0
ORD-202608-01869,Restaurantul Nostru,Piept de Pui la Grătar,Preparate la Grătar & Mici,2,34.0,68.0
ORD-202608-01869,Restaurantul Nostru,Mici Românești de Vită-Porc (1 buc),Preparate la Grătar & Mici,1,7.5,7.5
ORD-202608-01870,Restaurantul Nostru,Vin Purcari Rară Neagră Sticlă 0.75L,Băuturi Alcoolice & Bere,1,95.0,95.0
ORD-202608-01870,Restaurantul Nostru,Țuică de Prune Ardelenească 50ml,Băuturi Alcoolice & Bere,1,18.0,18.0
ORD-202608-01870,Restaurantul Nostru,Supă Cremă de Legume cu Crutoane,Ciorbe & Supe,1,22.0,22.0
ORD-202608-01871,Restaurantul Nostru,Apă Minerală / Plată Borsec 0.5L,Băuturi Răcoritoare & Cafea,1,10.0,10.0
ORD-202608-01871,Restaurantul Nostru,Piure de Cartofi cu Unt,Garnituri,1,16.0,16.0
ORD-202608-01872,Restaurantul Nostru,Bulz Ardelenesc la Grătar,Aperitive & Gustări,1,32.0,32.0
ORD-202608-01872,Restaurantul Nostru,Piept de Pui la Grătar,Preparate la Grătar & Mici,1,34.0,34.0
ORD-202608-01872,Restaurantul Nostru,Ciorbă de Burtiță Tradițională,Ciorbe & Supe,1,28.0,28.0
ORD-202608-01873,Restaurantul Nostru,Salată de Vinete Coapte pe Plită,Aperitive & Gustări,1,24.0,24.0
ORD-202608-01873,Restaurantul Nostru,Salată de Murături Asortate,Salate,1,14.0,14.0
ORD-202608-01874,Restaurantul Nostru,Ciorbă de Văcuță,Ciorbe & Supe,2,25.0,50.0
ORD-202608-01874,Restaurantul Nostru,Bere Nepasteurizată Zăganu 0.5L,Băuturi Alcoolice & Bere,1,22.0,22.0
ORD-202608-01874,Restaurantul Nostru,Ștrudel de Mere cu Sos de Vanilie,Desert,1,25.0,25.0
ORD-202608-01874,Restaurantul Nostru,Mujdei de Usturoi Tradițional,Sosuri & Extra,1,5.0,5.0
ORD-202608-01875,Restaurantul Nostru,Șnițel Gigant de Pui Pane,Mâncăruri Gătite & Specialități,1,36.0,36.0
ORD-202608-01875,Restaurantul Nostru,Coș de Pâine de Casă,Sosuri & Extra,2,7.0,14.0
ORD-202608-01875,Restaurantul Nostru,Coca-Cola / Coca-Cola Zero 0.33L,Băuturi Răcoritoare & Cafea,1,12.0,12.0
ORD-202608-01876,Restaurantul Nostru,Sos Barbeque,Sosuri & Extra,1,6.0,6.0
ORD-202608-01876,Restaurantul Nostru,Frigărui de Berbecuț,Preparate la Grătar & Mici,1,58.0,58.0
ORD-202608-01876,Restaurantul Nostru,Pachet Vinul Casei Fetească Regală 1L,Băuturi Alcoolice & Bere,1,55.0,55.0
ORD-202608-01876,Restaurantul Nostru,Tochitură Moldovenească cu Mămăligă,Mâncăruri Gătite & Specialități,3,48.0,144.0
ORD-202608-01876,Restaurantul Nostru,Iahnie de Fasole cu Bacon,Garnituri,1,16.0,16.0
ORD-202608-01877,Restaurantul Nostru,Bere Nepasteurizată Zăganu 0.5L,Băuturi Alcoolice & Bere,1,22.0,22.0
ORD-202608-01877,Restaurantul Nostru,Salată Caesar cu Pui la Grătar,Salate,1,38.0,38.0
ORD-202608-01877,Restaurantul Nostru,Varză Călită în Vin cu Chimen,Garnituri,2,15.0,30.0
ORD-202608-01877,Restaurantul Nostru,Mici Românești de Vită-Porc (1 buc),Preparate la Grătar & Mici,2,7.5,15.0
ORD-202608-01877,Restaurantul Nostru,Clătite cu Finetti și Banane (2 buc),Desert,1,22.0,22.0
ORD-202608-01878,Restaurantul Nostru,Sarmale Românești în Foi de Varză (4 buc),Mâncăruri Gătite & Specialități,1,44.0,44.0
ORD-202608-01878,Restaurantul Nostru,Espresso Scurt / Lung Julius Meinl,Băuturi Răcoritoare & Cafea,1,12.0,12.0
ORD-202608-01878,Restaurantul Nostru,Platou Cârnați Asortați,Cârnați & Platouri,2,95.0,190.0
ORD-202608-01878,Restaurantul Nostru,Ciolan de Porc Rumexit la Cuptor,Mâncăruri Gătite & Specialități,1,78.0,78.0
ORD-202608-01879,Restaurantul Nostru,Cartofi Prăjiți cu Usturoi și Parmezan,Garnituri,1,18.0,18.0
ORD-202608-01879,Restaurantul Nostru,Salată Caesar cu Pui la Grătar,Salate,1,38.0,38.0
ORD-202608-01879,Restaurantul Nostru,Salată de Ardei Copți,Salate,1,16.0,16.0
ORD-202608-01880,Restaurantul Nostru,Coca-Cola / Coca-Cola Zero 0.33L,Băuturi Răcoritoare & Cafea,2,12.0,24.0
ORD-202608-01880,Restaurantul Nostru,Frăție de Mici & Cârnați,Preparate la Grătar & Mici,1,54.0,54.0
ORD-202608-01880,Restaurantul Nostru,Ceafă de Porc la Grătar,Preparate la Grătar & Mici,1,38.0,38.0
ORD-202608-01881,Restaurantul Nostru,Fasole Bătută cu Ceapă Călită,Aperitive & Gustări,1,20.0,20.0
ORD-202608-01881,Restaurantul Nostru,Ciorbă de Perișoare,Ciorbe & Supe,1,24.0,24.0
ORD-202608-01881,Restaurantul Nostru,Varză Călită în Vin cu Chimen,Garnituri,1,15.0,15.0
ORD-202608-01882,Restaurantul Nostru,Sarmale Românești în Foi de Varză (4 buc),Mâncăruri Gătite & Specialități,1,44.0,44.0
ORD-202608-01882,Restaurantul Nostru,Lava Cake cu Înghețată de Vanilie,Desert,2,28.0,56.0
ORD-202608-01882,Restaurantul Nostru,Tochitură Moldovenească cu Mămăligă,Mâncăruri Gătite & Specialități,1,48.0,48.0
ORD-202608-01882,Restaurantul Nostru,Espresso Scurt / Lung Julius Meinl,Băuturi Răcoritoare & Cafea,1,12.0,12.0
ORD-202608-01882,Restaurantul Nostru,Bere Nepasteurizată Zăganu 0.5L,Băuturi Alcoolice & Bere,1,22.0,22.0
ORD-202608-01883,Restaurantul Nostru,Sos Barbeque,Sosuri & Extra,1,6.0,6.0
ORD-202608-01883,Restaurantul Nostru,Cârnați Picanți de Pleșcoi,Cârnați & Platouri,2,42.0,84.0
ORD-202608-01883,Restaurantul Nostru,Apă Minerală / Plată Borsec 0.5L,Băuturi Răcoritoare & Cafea,2,10.0,20.0
ORD-202608-01884,Restaurantul Nostru,Platou Gustări Rece Tradiționale,Cârnați & Platouri,2,85.0,170.0
ORD-202608-01884,Restaurantul Nostru,Frigărui de Berbecuț,Preparate la Grătar & Mici,1,58.0,58.0
ORD-202608-01884,Restaurantul Nostru,Cașcaval Pane Crocant,Aperitive & Gustări,2,28.0,56.0
ORD-202608-01884,Restaurantul Nostru,Mămăliguță Caldă,Garnituri,1,8.0,8.0
ORD-202608-01885,Restaurantul Nostru,Cașcaval Pane Crocant,Aperitive & Gustări,3,28.0,84.0
ORD-202608-01885,Restaurantul Nostru,Salată de Murături Asortate,Salate,1,14.0,14.0
ORD-202608-01885,Restaurantul Nostru,Țuică de Prune Ardelenească 50ml,Băuturi Alcoolice & Bere,2,18.0,36.0
ORD-202608-01885,Restaurantul Nostru,Burger Casei cu Cartofi Prăjiți,Mâncăruri Gătite & Specialități,1,49.0,49.0
ORD-202608-01885,Restaurantul Nostru,Mujdei de Usturoi Tradițional,Sosuri & Extra,1,5.0,5.0
ORD-202608-01886,Restaurantul Nostru,Apă Minerală / Plată Borsec 0.5L,Băuturi Răcoritoare & Cafea,1,10.0,10.0
ORD-202608-01886,Restaurantul Nostru,Salată Grecească,Salate,1,34.0,34.0
ORD-202608-01886,Restaurantul Nostru,Limonadă Proaspătă cu Miere și Mentă 0.5L,Băuturi Răcoritoare & Cafea,1,20.0,20.0
ORD-202608-01887,Restaurantul Nostru,Șnițel Gigant de Pui Pane,Mâncăruri Gătite & Specialități,1,36.0,36.0
ORD-202608-01887,Restaurantul Nostru,Sos Barbeque,Sosuri & Extra,1,6.0,6.0
ORD-202608-01888,Restaurantul Nostru,Pachet Vinul Casei Fetească Regală 1L,Băuturi Alcoolice & Bere,1,55.0,55.0
ORD-202608-01888,Restaurantul Nostru,Salată de Ardei Copți,Salate,1,16.0,16.0
ORD-202608-01888,Restaurantul Nostru,Platou Gustări Rece Tradiționale,Cârnați & Platouri,1,85.0,85.0
ORD-202608-01889,Restaurantul Nostru,Piure de Cartofi cu Unt,Garnituri,1,16.0,16.0
ORD-202608-01889,Restaurantul Nostru,Pachet Vinul Casei Fetească Regală 1L,Băuturi Alcoolice & Bere,1,55.0,55.0
ORD-202608-01890,Restaurantul Nostru,Bere Nepasteurizată Zăganu 0.5L,Băuturi Alcoolice & Bere,2,22.0,44.0
ORD-202608-01890,Restaurantul Nostru,Mici de Oaie și Vită (1 buc),Preparate la Grătar & Mici,1,8.5,8.5
ORD-202608-01890,Restaurantul Nostru,Frigărui de Berbecuț,Preparate la Grătar & Mici,1,58.0,58.0
ORD-202608-01890,Restaurantul Nostru,Cârnați Picanți de Pleșcoi,Cârnați & Platouri,1,42.0,42.0
ORD-202608-01890,Restaurantul Nostru,Coș de Pâine de Casă,Sosuri & Extra,2,7.0,14.0
ORD-202608-01891,Restaurantul Nostru,Ștrudel de Mere cu Sos de Vanilie,Desert,1,25.0,25.0
ORD-202608-01891,Restaurantul Nostru,Varză Călită în Vin cu Chimen,Garnituri,1,15.0,15.0
ORD-202608-01891,Restaurantul Nostru,Mujdei de Usturoi Tradițional,Sosuri & Extra,3,5.0,15.0
ORD-202608-01892,Restaurantul Nostru,Cappuccino cu Spumă de Lapte,Băuturi Răcoritoare & Cafea,2,15.0,30.0
ORD-202608-01892,Restaurantul Nostru,Salată de Ardei Copți,Salate,2,16.0,32.0
ORD-202608-01892,Restaurantul Nostru,Mămăliguță Caldă,Garnituri,1,8.0,8.0
ORD-202608-01892,Restaurantul Nostru,Pastramă de Oaie la Tigaie cu Mămăligă,Mâncăruri Gătite & Specialități,1,56.0,56.0
ORD-202608-01892,Restaurantul Nostru,Frigărui de Berbecuț,Preparate la Grătar & Mici,1,58.0,58.0
ORD-202608-01893,Restaurantul Nostru,Espresso Scurt / Lung Julius Meinl,Băuturi Răcoritoare & Cafea,1,12.0,12.0
ORD-202608-01893,Restaurantul Nostru,Salată de Vinete Coapte pe Plită,Aperitive & Gustări,1,24.0,24.0
ORD-202608-01893,Restaurantul Nostru,Bere Nepasteurizată Zăganu 0.5L,Băuturi Alcoolice & Bere,1,22.0,22.0
ORD-202608-01894,Restaurantul Nostru,Pachet Vinul Casei Fetească Regală 1L,Băuturi Alcoolice & Bere,1,55.0,55.0
ORD-202608-01894,Restaurantul Nostru,Espresso Scurt / Lung Julius Meinl,Băuturi Răcoritoare & Cafea,2,12.0,24.0
ORD-202608-01894,Restaurantul Nostru,Sos Barbeque,Sosuri & Extra,2,6.0,12.0
ORD-202608-01894,Restaurantul Nostru,Salată de Ardei Copți,Salate,1,16.0,16.0
ORD-202608-01894,Restaurantul Nostru,Mujdei de Usturoi Tradițional,Sosuri & Extra,2,5.0,10.0
ORD-202608-01895,Restaurantul Nostru,Platou Cârnați Asortați,Cârnați & Platouri,2,95.0,190.0
ORD-202608-01895,Restaurantul Nostru,Bere Nepasteurizată Zăganu 0.5L,Băuturi Alcoolice & Bere,1,22.0,22.0
ORD-202608-01895,Restaurantul Nostru,Cappuccino cu Spumă de Lapte,Băuturi Răcoritoare & Cafea,1,15.0,15.0
ORD-202608-01895,Restaurantul Nostru,Cartofi Prăjiți cu Usturoi și Parmezan,Garnituri,1,18.0,18.0
ORD-202608-01896,Restaurantul Nostru,Frigărui de Berbecuț,Preparate la Grătar & Mici,2,58.0,116.0
ORD-202608-01896,Restaurantul Nostru,Sarmale Românești în Foi de Varză (4 buc),Mâncăruri Gătite & Specialități,2,44.0,88.0
ORD-202608-01896,Restaurantul Nostru,Șnițel Gigant de Pui Pane,Mâncăruri Gătite & Specialități,2,36.0,72.0
ORD-202608-01896,Restaurantul Nostru,Mămăliguță Caldă,Garnituri,1,8.0,8.0
ORD-202608-01896,Restaurantul Nostru,Ciorbă Rădăuțeană de Pui,Ciorbe & Supe,1,26.0,26.0
ORD-202608-01897,Restaurantul Nostru,Smântână Proaspătă 20%,Sosuri & Extra,2,5.0,10.0
ORD-202608-01897,Restaurantul Nostru,Frigărui de Berbecuț,Preparate la Grătar & Mici,1,58.0,58.0
ORD-202608-01897,Restaurantul Nostru,Mici de Oaie și Vită (1 buc),Preparate la Grătar & Mici,1,8.5,8.5
ORD-202608-01898,Restaurantul Nostru,Frăție de Mici & Cârnați,Preparate la Grătar & Mici,1,54.0,54.0
ORD-202608-01898,Restaurantul Nostru,Platou Boieresc (2-3 persoane),Cârnați & Platouri,1,145.0,145.0
ORD-202608-01898,Restaurantul Nostru,Cappuccino cu Spumă de Lapte,Băuturi Răcoritoare & Cafea,2,15.0,30.0
ORD-202608-01898,Restaurantul Nostru,Clătite cu Finetti și Banane (2 buc),Desert,1,22.0,22.0
ORD-202608-01898,Restaurantul Nostru,Mujdei de Usturoi Tradițional,Sosuri & Extra,1,5.0,5.0
ORD-202608-01899,Restaurantul Nostru,Espresso Scurt / Lung Julius Meinl,Băuturi Răcoritoare & Cafea,2,12.0,24.0
ORD-202608-01899,Restaurantul Nostru,Pachet Vinul Casei Fetească Regală 1L,Băuturi Alcoolice & Bere,1,55.0,55.0
ORD-202608-01899,Restaurantul Nostru,Țuică de Prune Ardelenească 50ml,Băuturi Alcoolice & Bere,1,18.0,18.0
ORD-202608-01900,Restaurantul Nostru,Bere Heineken 0.33L,Băuturi Alcoolice & Bere,1,16.0,16.0
ORD-202608-01900,Restaurantul Nostru,Espresso Scurt / Lung Julius Meinl,Băuturi Răcoritoare & Cafea,1,12.0,12.0
ORD-202608-01900,Restaurantul Nostru,Apă Minerală / Plată Borsec 0.5L,Băuturi Răcoritoare & Cafea,2,10.0,20.0
ORD-202608-01900,Restaurantul Nostru,Limonadă Proaspătă cu Miere și Mentă 0.5L,Băuturi Răcoritoare & Cafea,1,20.0,20.0
ORD-202608-01901,Restaurantul Nostru,Burger Casei cu Cartofi Prăjiți,Mâncăruri Gătite & Specialități,1,49.0,49.0
ORD-202608-01901,Restaurantul Nostru,Piure de Cartofi cu Unt,Garnituri,1,16.0,16.0
ORD-202608-01901,Restaurantul Nostru,Tochitură Moldovenească cu Mămăligă,Mâncăruri Gătite & Specialități,1,48.0,48.0
ORD-202608-01902,Restaurantul Nostru,Cappuccino cu Spumă de Lapte,Băuturi Răcoritoare & Cafea,1,15.0,15.0
ORD-202608-01902,Restaurantul Nostru,Cartofi Prăjiți cu Usturoi și Parmezan,Garnituri,1,18.0,18.0
ORD-202608-01903,Restaurantul Nostru,Cappuccino cu Spumă de Lapte,Băuturi Răcoritoare & Cafea,1,15.0,15.0
ORD-202608-01903,Restaurantul Nostru,Bulz Ardelenesc la Grătar,Aperitive & Gustări,1,32.0,32.0
ORD-202608-01903,Restaurantul Nostru,Ciorbă de Burtiță Tradițională,Ciorbe & Supe,1,28.0,28.0
ORD-202608-01903,Restaurantul Nostru,Burger Casei cu Cartofi Prăjiți,Mâncăruri Gătite & Specialități,1,49.0,49.0
ORD-202608-01904,Restaurantul Nostru,Espresso Scurt / Lung Julius Meinl,Băuturi Răcoritoare & Cafea,1,12.0,12.0
ORD-202608-01904,Restaurantul Nostru,Burger Casei cu Cartofi Prăjiți,Mâncăruri Gătite & Specialități,1,49.0,49.0
ORD-202608-01904,Restaurantul Nostru,Ciorbă de Perișoare,Ciorbe & Supe,1,24.0,24.0
ORD-202608-01905,Restaurantul Nostru,Șnițel Gigant de Pui Pane,Mâncăruri Gătite & Specialități,1,36.0,36.0
ORD-202608-01905,Restaurantul Nostru,Sos Barbeque,Sosuri & Extra,1,6.0,6.0
ORD-202608-01905,Restaurantul Nostru,Sarmale Românești în Foi de Varză (4 buc),Mâncăruri Gătite & Specialități,1,44.0,44.0
ORD-202608-01906,Restaurantul Nostru,Ciorbă de Burtiță Tradițională,Ciorbe & Supe,1,28.0,28.0
ORD-202608-01906,Restaurantul Nostru,Ciolan de Porc Rumexit la Cuptor,Mâncăruri Gătite & Specialități,2,78.0,156.0
ORD-202608-01907,Restaurantul Nostru,Platou Gustări Rece Tradiționale,Cârnați & Platouri,1,85.0,85.0
ORD-202608-01907,Restaurantul Nostru,Piure de Cartofi cu Unt,Garnituri,1,16.0,16.0
ORD-202608-01908,Restaurantul Nostru,Salată de Vinete Coapte pe Plită,Aperitive & Gustări,1,24.0,24.0
ORD-202608-01908,Restaurantul Nostru,Piept de Pui la Grătar,Preparate la Grătar & Mici,2,34.0,68.0
ORD-202608-01908,Restaurantul Nostru,Mămăliguță Caldă,Garnituri,1,8.0,8.0
ORD-202608-01908,Restaurantul Nostru,Mici de Oaie și Vită (1 buc),Preparate la Grătar & Mici,1,8.5,8.5
ORD-202608-01908,Restaurantul Nostru,Papanași cu Smântână și Dulceață de Afine (2 buc),Desert,1,32.0,32.0
ORD-202608-01909,Restaurantul Nostru,Ciorbă de Văcuță,Ciorbe & Supe,1,25.0,25.0
ORD-202608-01909,Restaurantul Nostru,Ciolan de Porc Rumexit la Cuptor,Mâncăruri Gătite & Specialități,2,78.0,156.0
ORD-202608-01909,Restaurantul Nostru,Cappuccino cu Spumă de Lapte,Băuturi Răcoritoare & Cafea,1,15.0,15.0
ORD-202608-01909,Restaurantul Nostru,Ciorbă de Burtiță Tradițională,Ciorbe & Supe,1,28.0,28.0
ORD-202608-01910,Restaurantul Nostru,Piept de Pui la Grătar,Preparate la Grătar & Mici,1,34.0,34.0
ORD-202608-01910,Restaurantul Nostru,Bere Nepasteurizată Zăganu 0.5L,Băuturi Alcoolice & Bere,1,22.0,22.0
ORD-202608-01910,Restaurantul Nostru,Clătite cu Finetti și Banane (2 buc),Desert,1,22.0,22.0
ORD-202608-01910,Restaurantul Nostru,Ciorbă de Văcuță,Ciorbe & Supe,2,25.0,50.0
ORD-202608-01910,Restaurantul Nostru,Sos Barbeque,Sosuri & Extra,1,6.0,6.0
ORD-202608-01911,Restaurantul Nostru,Țuică de Prune Ardelenească 50ml,Băuturi Alcoolice & Bere,1,18.0,18.0
ORD-202608-01911,Restaurantul Nostru,Ciolan de Porc Rumexit la Cuptor,Mâncăruri Gătite & Specialități,2,78.0,156.0
ORD-202608-01911,Restaurantul Nostru,Espresso Scurt / Lung Julius Meinl,Băuturi Răcoritoare & Cafea,1,12.0,12.0
ORD-202608-01912,Restaurantul Nostru,Fasole Bătută cu Ceapă Călită,Aperitive & Gustări,1,20.0,20.0
ORD-202608-01912,Restaurantul Nostru,Piept de Pui la Grătar,Preparate la Grătar & Mici,2,34.0,68.0
ORD-202608-01912,Restaurantul Nostru,Coca-Cola / Coca-Cola Zero 0.33L,Băuturi Răcoritoare & Cafea,1,12.0,12.0
ORD-202608-01912,Restaurantul Nostru,Vin Purcari Rară Neagră Sticlă 0.75L,Băuturi Alcoolice & Bere,1,95.0,95.0
ORD-202608-01912,Restaurantul Nostru,Bere Heineken 0.33L,Băuturi Alcoolice & Bere,2,16.0,32.0
ORD-202608-01913,Restaurantul Nostru,Piept de Pui la Grătar,Preparate la Grătar & Mici,1,34.0,34.0
ORD-202608-01913,Restaurantul Nostru,Frăție de Mici & Cârnați,Preparate la Grătar & Mici,3,54.0,162.0
ORD-202608-01914,Restaurantul Nostru,Cartofi Prăjiți cu Usturoi și Parmezan,Garnituri,1,18.0,18.0
ORD-202608-01914,Restaurantul Nostru,Salată Grecească,Salate,1,34.0,34.0
ORD-202608-01914,Restaurantul Nostru,Cașcaval Pane Crocant,Aperitive & Gustări,1,28.0,28.0
ORD-202608-01915,Restaurantul Nostru,Mămăliguță Caldă,Garnituri,1,8.0,8.0
ORD-202608-01915,Restaurantul Nostru,Ciorbă de Perișoare,Ciorbe & Supe,1,24.0,24.0
ORD-202608-01915,Restaurantul Nostru,Coca-Cola / Coca-Cola Zero 0.33L,Băuturi Răcoritoare & Cafea,3,12.0,36.0
ORD-202608-01915,Restaurantul Nostru,Ciorbă Rădăuțeană de Pui,Ciorbe & Supe,1,26.0,26.0
ORD-202608-01916,Restaurantul Nostru,Ștrudel de Mere cu Sos de Vanilie,Desert,2,25.0,50.0
ORD-202608-01916,Restaurantul Nostru,Lava Cake cu Înghețată de Vanilie,Desert,1,28.0,28.0
ORD-202608-01916,Restaurantul Nostru,Piept de Pui la Grătar,Preparate la Grătar & Mici,1,34.0,34.0
ORD-202608-01917,Restaurantul Nostru,Mici de Oaie și Vită (1 buc),Preparate la Grătar & Mici,1,8.5,8.5
ORD-202608-01917,Restaurantul Nostru,Varză Călită în Vin cu Chimen,Garnituri,1,15.0,15.0
ORD-202608-01917,Restaurantul Nostru,Iahnie de Fasole cu Bacon,Garnituri,1,16.0,16.0
ORD-202608-01917,Restaurantul Nostru,Platou Cârnați Asortați,Cârnați & Platouri,1,95.0,95.0
ORD-202608-01917,Restaurantul Nostru,Clătite cu Finetti și Banane (2 buc),Desert,1,22.0,22.0
ORD-202608-01918,Restaurantul Nostru,Coca-Cola / Coca-Cola Zero 0.33L,Băuturi Răcoritoare & Cafea,1,12.0,12.0
ORD-202608-01918,Restaurantul Nostru,Sos Barbeque,Sosuri & Extra,2,6.0,12.0
ORD-202608-01918,Restaurantul Nostru,Ciorbă de Burtiță Tradițională,Ciorbe & Supe,1,28.0,28.0
ORD-202608-01919,Restaurantul Nostru,Bere Heineken 0.33L,Băuturi Alcoolice & Bere,2,16.0,32.0
ORD-202608-01919,Restaurantul Nostru,Fasole Bătută cu Ceapă Călită,Aperitive & Gustări,1,20.0,20.0
ORD-202608-01919,Restaurantul Nostru,Salată de Murături Asortate,Salate,1,14.0,14.0
ORD-202608-01919,Restaurantul Nostru,Smântână Proaspătă 20%,Sosuri & Extra,1,5.0,5.0
ORD-202608-01919,Restaurantul Nostru,Piure de Cartofi cu Unt,Garnituri,1,16.0,16.0
ORD-202608-01920,Restaurantul Nostru,Mămăliguță Caldă,Garnituri,1,8.0,8.0
ORD-202608-01920,Restaurantul Nostru,Salată Grecească,Salate,2,34.0,68.0
ORD-202608-01920,Restaurantul Nostru,Burger Casei cu Cartofi Prăjiți,Mâncăruri Gătite & Specialități,2,49.0,98.0
ORD-202608-01920,Restaurantul Nostru,Piure de Cartofi cu Unt,Garnituri,1,16.0,16.0
ORD-202608-01921,Restaurantul Nostru,Ciorbă de Burtiță Tradițională,Ciorbe & Supe,2,28.0,56.0
ORD-202608-01921,Restaurantul Nostru,Varză Călită în Vin cu Chimen,Garnituri,1,15.0,15.0
ORD-202608-01921,Restaurantul Nostru,Supă Cremă de Legume cu Crutoane,Ciorbe & Supe,2,22.0,44.0
ORD-202608-01921,Restaurantul Nostru,Cașcaval Pane Crocant,Aperitive & Gustări,1,28.0,28.0
ORD-202608-01922,Restaurantul Nostru,Salată de Murături Asortate,Salate,1,14.0,14.0
ORD-202608-01922,Restaurantul Nostru,Salată Grecească,Salate,1,34.0,34.0
ORD-202608-01922,Restaurantul Nostru,Apă Minerală / Plată Borsec 0.5L,Băuturi Răcoritoare & Cafea,1,10.0,10.0
ORD-202608-01923,Restaurantul Nostru,Lava Cake cu Înghețată de Vanilie,Desert,1,28.0,28.0
ORD-202608-01923,Restaurantul Nostru,Ciorbă de Burtiță Tradițională,Ciorbe & Supe,1,28.0,28.0
ORD-202608-01923,Restaurantul Nostru,Mici Românești de Vită-Porc (1 buc),Preparate la Grătar & Mici,1,7.5,7.5
ORD-202608-01924,Restaurantul Nostru,Ciorbă de Văcuță,Ciorbe & Supe,1,25.0,25.0
ORD-202608-01924,Restaurantul Nostru,Iahnie de Fasole cu Bacon,Garnituri,2,16.0,32.0
ORD-202608-01924,Restaurantul Nostru,Varză Călită în Vin cu Chimen,Garnituri,2,15.0,30.0
ORD-202608-01924,Restaurantul Nostru,Cappuccino cu Spumă de Lapte,Băuturi Răcoritoare & Cafea,1,15.0,15.0
ORD-202608-01924,Restaurantul Nostru,Țuică de Prune Ardelenească 50ml,Băuturi Alcoolice & Bere,1,18.0,18.0
ORD-202608-01925,Restaurantul Nostru,Salată Caesar cu Pui la Grătar,Salate,2,38.0,76.0
ORD-202608-01925,Restaurantul Nostru,Bere Nepasteurizată Zăganu 0.5L,Băuturi Alcoolice & Bere,1,22.0,22.0
ORD-202608-01925,Restaurantul Nostru,Limonadă Proaspătă cu Miere și Mentă 0.5L,Băuturi Răcoritoare & Cafea,2,20.0,40.0
ORD-202608-01925,Restaurantul Nostru,Coca-Cola / Coca-Cola Zero 0.33L,Băuturi Răcoritoare & Cafea,1,12.0,12.0
ORD-202608-01925,Restaurantul Nostru,Ștrudel de Mere cu Sos de Vanilie,Desert,1,25.0,25.0
ORD-202608-01926,Restaurantul Nostru,Șnițel Gigant de Pui Pane,Mâncăruri Gătite & Specialități,1,36.0,36.0
ORD-202608-01926,Restaurantul Nostru,Piure de Cartofi cu Unt,Garnituri,1,16.0,16.0
ORD-202608-01927,Restaurantul Nostru,Coca-Cola / Coca-Cola Zero 0.33L,Băuturi Răcoritoare & Cafea,1,12.0,12.0
ORD-202608-01927,Restaurantul Nostru,Piure de Cartofi cu Unt,Garnituri,2,16.0,32.0
ORD-202608-01927,Restaurantul Nostru,Frigărui de Berbecuț,Preparate la Grătar & Mici,1,58.0,58.0
ORD-202608-01927,Restaurantul Nostru,Muștar Clasic,Sosuri & Extra,3,4.0,12.0
ORD-202608-01927,Restaurantul Nostru,Mici Românești de Vită-Porc (1 buc),Preparate la Grătar & Mici,1,7.5,7.5
ORD-202608-01928,Restaurantul Nostru,Salată Caesar cu Pui la Grătar,Salate,1,38.0,38.0
ORD-202608-01928,Restaurantul Nostru,Muștar Clasic,Sosuri & Extra,1,4.0,4.0
ORD-202608-01928,Restaurantul Nostru,Salată de Murături Asortate,Salate,2,14.0,28.0
ORD-202608-01929,Restaurantul Nostru,Apă Minerală / Plată Borsec 0.5L,Băuturi Răcoritoare & Cafea,1,10.0,10.0
ORD-202608-01929,Restaurantul Nostru,Mujdei de Usturoi Tradițional,Sosuri & Extra,1,5.0,5.0
ORD-202608-01930,Restaurantul Nostru,Pachet Vinul Casei Fetească Regală 1L,Băuturi Alcoolice & Bere,1,55.0,55.0
ORD-202608-01930,Restaurantul Nostru,Salată Caesar cu Pui la Grătar,Salate,1,38.0,38.0
ORD-202608-01930,Restaurantul Nostru,Limonadă Proaspătă cu Miere și Mentă 0.5L,Băuturi Răcoritoare & Cafea,1,20.0,20.0
ORD-202608-01930,Restaurantul Nostru,Mămăliguță Caldă,Garnituri,2,8.0,16.0
ORD-202608-01931,Restaurantul Nostru,Mici Românești de Vită-Porc (1 buc),Preparate la Grătar & Mici,1,7.5,7.5
ORD-202608-01931,Restaurantul Nostru,Platou Boieresc (2-3 persoane),Cârnați & Platouri,1,145.0,145.0
ORD-202608-01932,Restaurantul Nostru,Lava Cake cu Înghețată de Vanilie,Desert,1,28.0,28.0
ORD-202608-01932,Restaurantul Nostru,Salată de Murături Asortate,Salate,1,14.0,14.0
ORD-202608-01932,Restaurantul Nostru,Clătite cu Finetti și Banane (2 buc),Desert,1,22.0,22.0
ORD-202608-01932,Restaurantul Nostru,Ștrudel de Mere cu Sos de Vanilie,Desert,1,25.0,25.0
ORD-202608-01932,Restaurantul Nostru,Bere Ciuc Premium la Draught 0.4L,Băuturi Alcoolice & Bere,1,14.0,14.0
ORD-202608-01933,Restaurantul Nostru,Coș de Pâine de Casă,Sosuri & Extra,1,7.0,7.0
ORD-202608-01933,Restaurantul Nostru,Cappuccino cu Spumă de Lapte,Băuturi Răcoritoare & Cafea,1,15.0,15.0
ORD-202608-01933,Restaurantul Nostru,Șnițel Gigant de Pui Pane,Mâncăruri Gătite & Specialități,2,36.0,72.0
ORD-202608-01933,Restaurantul Nostru,Mujdei de Usturoi Tradițional,Sosuri & Extra,1,5.0,5.0
ORD-202608-01933,Restaurantul Nostru,Bere Nepasteurizată Zăganu 0.5L,Băuturi Alcoolice & Bere,1,22.0,22.0
ORD-202608-01934,Restaurantul Nostru,Salată de Vinete Coapte pe Plită,Aperitive & Gustări,1,24.0,24.0
ORD-202608-01934,Restaurantul Nostru,Burger Casei cu Cartofi Prăjiți,Mâncăruri Gătite & Specialități,1,49.0,49.0
ORD-202608-01935,Restaurantul Nostru,Ciorbă de Văcuță,Ciorbe & Supe,1,25.0,25.0
ORD-202608-01935,Restaurantul Nostru,Șnițel Gigant de Pui Pane,Mâncăruri Gătite & Specialități,1,36.0,36.0
ORD-202608-01935,Restaurantul Nostru,Mujdei de Usturoi Tradițional,Sosuri & Extra,1,5.0,5.0
ORD-202608-01935,Restaurantul Nostru,Burger Casei cu Cartofi Prăjiți,Mâncăruri Gătite & Specialități,1,49.0,49.0
ORD-202608-01935,Restaurantul Nostru,Coca-Cola / Coca-Cola Zero 0.33L,Băuturi Răcoritoare & Cafea,1,12.0,12.0
ORD-202608-01936,Restaurantul Nostru,Tochitură Moldovenească cu Mămăligă,Mâncăruri Gătite & Specialități,1,48.0,48.0
ORD-202608-01936,Restaurantul Nostru,Iahnie de Fasole cu Bacon,Garnituri,2,16.0,32.0
ORD-202608-01936,Restaurantul Nostru,Ciolan de Porc Rumexit la Cuptor,Mâncăruri Gătite & Specialități,1,78.0,78.0
ORD-202608-01937,Restaurantul Nostru,Lava Cake cu Înghețată de Vanilie,Desert,1,28.0,28.0
ORD-202608-01937,Restaurantul Nostru,Salată Grecească,Salate,1,34.0,34.0
ORD-202608-01937,Restaurantul Nostru,Ciolan de Porc Rumexit la Cuptor,Mâncăruri Gătite & Specialități,1,78.0,78.0
ORD-202608-01938,Restaurantul Nostru,Piure de Cartofi cu Unt,Garnituri,1,16.0,16.0
ORD-202608-01938,Restaurantul Nostru,Bere Ciuc Premium la Draught 0.4L,Băuturi Alcoolice & Bere,1,14.0,14.0
ORD-202608-01938,Restaurantul Nostru,Smântână Proaspătă 20%,Sosuri & Extra,1,5.0,5.0
ORD-202608-01938,Restaurantul Nostru,Limonadă Proaspătă cu Miere și Mentă 0.5L,Băuturi Răcoritoare & Cafea,1,20.0,20.0
ORD-202608-01939,Restaurantul Nostru,Salată Grecească,Salate,1,34.0,34.0
ORD-202608-01939,Restaurantul Nostru,Muștar Clasic,Sosuri & Extra,2,4.0,8.0
ORD-202608-01939,Restaurantul Nostru,Ștrudel de Mere cu Sos de Vanilie,Desert,1,25.0,25.0
ORD-202608-01939,Restaurantul Nostru,Salată de Ardei Copți,Salate,1,16.0,16.0
ORD-202608-01939,Restaurantul Nostru,Bulz Ardelenesc la Grătar,Aperitive & Gustări,1,32.0,32.0
ORD-202608-01940,Restaurantul Nostru,Lava Cake cu Înghețată de Vanilie,Desert,1,28.0,28.0
ORD-202608-01940,Restaurantul Nostru,Tochitură Moldovenească cu Mămăligă,Mâncăruri Gătite & Specialități,1,48.0,48.0
ORD-202608-01940,Restaurantul Nostru,Clătite cu Finetti și Banane (2 buc),Desert,2,22.0,44.0
ORD-202608-01941,Restaurantul Nostru,Cârnați Picanți de Pleșcoi,Cârnați & Platouri,1,42.0,42.0
ORD-202608-01941,Restaurantul Nostru,Ciorbă Rădăuțeană de Pui,Ciorbe & Supe,2,26.0,52.0
ORD-202608-01942,Restaurantul Nostru,Ceafă de Porc la Grătar,Preparate la Grătar & Mici,1,38.0,38.0
ORD-202608-01942,Restaurantul Nostru,Papanași cu Smântână și Dulceață de Afine (2 buc),Desert,1,32.0,32.0
ORD-202608-01943,Restaurantul Nostru,Pachet Vinul Casei Fetească Regală 1L,Băuturi Alcoolice & Bere,1,55.0,55.0
ORD-202608-01943,Restaurantul Nostru,Ciorbă de Văcuță,Ciorbe & Supe,1,25.0,25.0
ORD-202608-01943,Restaurantul Nostru,Salată de Vinete Coapte pe Plită,Aperitive & Gustări,1,24.0,24.0
ORD-202608-01943,Restaurantul Nostru,Smântână Proaspătă 20%,Sosuri & Extra,1,5.0,5.0
ORD-202608-01943,Restaurantul Nostru,Cartofi Prăjiți cu Usturoi și Parmezan,Garnituri,1,18.0,18.0
ORD-202608-01944,Restaurantul Nostru,Burger Casei cu Cartofi Prăjiți,Mâncăruri Gătite & Specialități,1,49.0,49.0
ORD-202608-01944,Restaurantul Nostru,Tochitură Moldovenească cu Mămăligă,Mâncăruri Gătite & Specialități,2,48.0,96.0
ORD-202608-01944,Restaurantul Nostru,Salată de Ardei Copți,Salate,3,16.0,48.0
ORD-202608-01945,Restaurantul Nostru,Piept de Pui la Grătar,Preparate la Grătar & Mici,1,34.0,34.0
ORD-202608-01945,Restaurantul Nostru,Muștar Clasic,Sosuri & Extra,2,4.0,8.0
ORD-202608-01945,Restaurantul Nostru,Cappuccino cu Spumă de Lapte,Băuturi Răcoritoare & Cafea,1,15.0,15.0
ORD-202608-01945,Restaurantul Nostru,Limonadă Proaspătă cu Miere și Mentă 0.5L,Băuturi Răcoritoare & Cafea,1,20.0,20.0
ORD-202608-01945,Restaurantul Nostru,Pachet Vinul Casei Fetească Regală 1L,Băuturi Alcoolice & Bere,1,55.0,55.0
ORD-202608-01946,Restaurantul Nostru,Mujdei de Usturoi Tradițional,Sosuri & Extra,1,5.0,5.0
ORD-202608-01946,Restaurantul Nostru,Mămăliguță Caldă,Garnituri,2,8.0,16.0
ORD-202608-01946,Restaurantul Nostru,Smântână Proaspătă 20%,Sosuri & Extra,1,5.0,5.0
ORD-202608-01946,Restaurantul Nostru,Țuică de Prune Ardelenească 50ml,Băuturi Alcoolice & Bere,1,18.0,18.0
ORD-202608-01946,Restaurantul Nostru,Platou Boieresc (2-3 persoane),Cârnați & Platouri,1,145.0,145.0
ORD-202608-01947,Restaurantul Nostru,Tochitură Moldovenească cu Mămăligă,Mâncăruri Gătite & Specialități,1,48.0,48.0
ORD-202608-01947,Restaurantul Nostru,Frăție de Mici & Cârnați,Preparate la Grătar & Mici,1,54.0,54.0
ORD-202608-01947,Restaurantul Nostru,Piure de Cartofi cu Unt,Garnituri,1,16.0,16.0
ORD-202608-01947,Restaurantul Nostru,Bere Heineken 0.33L,Băuturi Alcoolice & Bere,1,16.0,16.0
ORD-202608-01948,Restaurantul Nostru,Bere Heineken 0.33L,Băuturi Alcoolice & Bere,1,16.0,16.0
ORD-202608-01948,Restaurantul Nostru,Vin Purcari Rară Neagră Sticlă 0.75L,Băuturi Alcoolice & Bere,1,95.0,95.0
ORD-202608-01948,Restaurantul Nostru,Piept de Pui la Grătar,Preparate la Grătar & Mici,1,34.0,34.0
ORD-202608-01949,Restaurantul Nostru,Papanași cu Smântână și Dulceață de Afine (2 buc),Desert,1,32.0,32.0
ORD-202608-01949,Restaurantul Nostru,Sarmale Românești în Foi de Varză (4 buc),Mâncăruri Gătite & Specialități,1,44.0,44.0
ORD-202608-01950,Restaurantul Nostru,Ciorbă Rădăuțeană de Pui,Ciorbe & Supe,2,26.0,52.0
ORD-202608-01950,Restaurantul Nostru,Cârnați Picanți de Pleșcoi,Cârnați & Platouri,1,42.0,42.0
ORD-202608-01950,Restaurantul Nostru,Bere Nepasteurizată Zăganu 0.5L,Băuturi Alcoolice & Bere,2,22.0,44.0
ORD-202608-01950,Restaurantul Nostru,Clătite cu Finetti și Banane (2 buc),Desert,2,22.0,44.0
ORD-202608-01951,Restaurantul Nostru,Salată de Murături Asortate,Salate,1,14.0,14.0
ORD-202608-01951,Restaurantul Nostru,Cappuccino cu Spumă de Lapte,Băuturi Răcoritoare & Cafea,1,15.0,15.0
ORD-202608-01951,Restaurantul Nostru,Ștrudel de Mere cu Sos de Vanilie,Desert,1,25.0,25.0
ORD-202608-01951,Restaurantul Nostru,Platou Cârnați Asortați,Cârnați & Platouri,1,95.0,95.0
ORD-202608-01952,Restaurantul Nostru,Sos Barbeque,Sosuri & Extra,2,6.0,12.0
ORD-202608-01952,Restaurantul Nostru,Muștar Clasic,Sosuri & Extra,2,4.0,8.0
ORD-202608-01952,Restaurantul Nostru,Ciorbă de Burtiță Tradițională,Ciorbe & Supe,1,28.0,28.0
ORD-202608-01952,Restaurantul Nostru,Ciorbă Rădăuțeană de Pui,Ciorbe & Supe,1,26.0,26.0
ORD-202608-01953,Restaurantul Nostru,Tochitură Moldovenească cu Mămăligă,Mâncăruri Gătite & Specialități,1,48.0,48.0
ORD-202608-01953,Restaurantul Nostru,Lava Cake cu Înghețată de Vanilie,Desert,1,28.0,28.0
ORD-202608-01954,Restaurantul Nostru,Mujdei de Usturoi Tradițional,Sosuri & Extra,1,5.0,5.0
ORD-202608-01954,Restaurantul Nostru,Bere Ciuc Premium la Draught 0.4L,Băuturi Alcoolice & Bere,1,14.0,14.0
ORD-202608-01954,Restaurantul Nostru,Burger Casei cu Cartofi Prăjiți,Mâncăruri Gătite & Specialități,1,49.0,49.0
ORD-202608-01954,Restaurantul Nostru,Cașcaval Pane Crocant,Aperitive & Gustări,1,28.0,28.0
ORD-202608-01955,Restaurantul Nostru,Ciorbă de Burtiță Tradițională,Ciorbe & Supe,1,28.0,28.0
ORD-202608-01955,Restaurantul Nostru,Pachet Vinul Casei Fetească Regală 1L,Băuturi Alcoolice & Bere,1,55.0,55.0
ORD-202608-01955,Restaurantul Nostru,Mămăliguță Caldă,Garnituri,1,8.0,8.0
ORD-202608-01955,Restaurantul Nostru,Iahnie de Fasole cu Bacon,Garnituri,1,16.0,16.0
ORD-202608-01956,Restaurantul Nostru,Mici Românești de Vită-Porc (1 buc),Preparate la Grătar & Mici,1,7.5,7.5
ORD-202608-01956,Restaurantul Nostru,Burger Casei cu Cartofi Prăjiți,Mâncăruri Gătite & Specialități,1,49.0,49.0
ORD-202608-01956,Restaurantul Nostru,Ciorbă Rădăuțeană de Pui,Ciorbe & Supe,1,26.0,26.0
ORD-202608-01956,Restaurantul Nostru,Sarmale Românești în Foi de Varză (4 buc),Mâncăruri Gătite & Specialități,1,44.0,44.0
ORD-202608-01957,Restaurantul Nostru,Vin Purcari Rară Neagră Sticlă 0.75L,Băuturi Alcoolice & Bere,1,95.0,95.0
ORD-202608-01957,Restaurantul Nostru,Pachet Vinul Casei Fetească Regală 1L,Băuturi Alcoolice & Bere,1,55.0,55.0
ORD-202608-01957,Restaurantul Nostru,Tochitură Moldovenească cu Mămăligă,Mâncăruri Gătite & Specialități,1,48.0,48.0
ORD-202608-01957,Restaurantul Nostru,Frigărui de Berbecuț,Preparate la Grătar & Mici,1,58.0,58.0
ORD-202608-01957,Restaurantul Nostru,Ciolan de Porc Rumexit la Cuptor,Mâncăruri Gătite & Specialități,1,78.0,78.0
ORD-202608-01958,Restaurantul Nostru,Limonadă Proaspătă cu Miere și Mentă 0.5L,Băuturi Răcoritoare & Cafea,1,20.0,20.0
ORD-202608-01958,Restaurantul Nostru,Ștrudel de Mere cu Sos de Vanilie,Desert,2,25.0,50.0
ORD-202608-01958,Restaurantul Nostru,Espresso Scurt / Lung Julius Meinl,Băuturi Răcoritoare & Cafea,1,12.0,12.0
ORD-202608-01958,Restaurantul Nostru,Salată de Ardei Copți,Salate,3,16.0,48.0
ORD-202608-01958,Restaurantul Nostru,Pastramă de Oaie la Tigaie cu Mămăligă,Mâncăruri Gătite & Specialități,1,56.0,56.0
ORD-202608-01959,Restaurantul Nostru,Ceafă de Porc la Grătar,Preparate la Grătar & Mici,1,38.0,38.0
ORD-202608-01959,Restaurantul Nostru,Ciorbă de Burtiță Tradițională,Ciorbe & Supe,2,28.0,56.0
ORD-202608-01960,Restaurantul Nostru,Papanași cu Smântână și Dulceață de Afine (2 buc),Desert,2,32.0,64.0
ORD-202608-01960,Restaurantul Nostru,Mici Românești de Vită-Porc (1 buc),Preparate la Grătar & Mici,1,7.5,7.5
ORD-202608-01960,Restaurantul Nostru,Ciorbă Rădăuțeană de Pui,Ciorbe & Supe,1,26.0,26.0
ORD-202608-01960,Restaurantul Nostru,Ciorbă de Perișoare,Ciorbe & Supe,1,24.0,24.0
ORD-202608-01961,Restaurantul Nostru,Ciorbă de Perișoare,Ciorbe & Supe,1,24.0,24.0
ORD-202608-01961,Restaurantul Nostru,Bere Heineken 0.33L,Băuturi Alcoolice & Bere,1,16.0,16.0
ORD-202608-01962,Restaurantul Nostru,Ciorbă de Perișoare,Ciorbe & Supe,2,24.0,48.0
ORD-202608-01962,Restaurantul Nostru,Ciolan de Porc Rumexit la Cuptor,Mâncăruri Gătite & Specialități,1,78.0,78.0
ORD-202608-01963,Restaurantul Nostru,Fasole Bătută cu Ceapă Călită,Aperitive & Gustări,1,20.0,20.0
ORD-202608-01963,Restaurantul Nostru,Smântână Proaspătă 20%,Sosuri & Extra,1,5.0,5.0
ORD-202608-01964,Restaurantul Nostru,Salată Grecească,Salate,1,34.0,34.0
ORD-202608-01964,Restaurantul Nostru,Frigărui de Berbecuț,Preparate la Grătar & Mici,2,58.0,116.0
ORD-202608-01964,Restaurantul Nostru,Cârnați Picanți de Pleșcoi,Cârnați & Platouri,1,42.0,42.0
ORD-202608-01964,Restaurantul Nostru,Salată de Murături Asortate,Salate,1,14.0,14.0
ORD-202608-01964,Restaurantul Nostru,Ceafă de Porc la Grătar,Preparate la Grătar & Mici,1,38.0,38.0
ORD-202608-01965,Restaurantul Nostru,Vin Purcari Rară Neagră Sticlă 0.75L,Băuturi Alcoolice & Bere,2,95.0,190.0
ORD-202608-01965,Restaurantul Nostru,Coș de Pâine de Casă,Sosuri & Extra,2,7.0,14.0
ORD-202608-01966,Restaurantul Nostru,Bere Nepasteurizată Zăganu 0.5L,Băuturi Alcoolice & Bere,1,22.0,22.0
ORD-202608-01966,Restaurantul Nostru,Cartofi Prăjiți cu Usturoi și Parmezan,Garnituri,1,18.0,18.0
ORD-202608-01966,Restaurantul Nostru,Ceafă de Porc la Grătar,Preparate la Grătar & Mici,1,38.0,38.0
ORD-202608-01966,Restaurantul Nostru,Mujdei de Usturoi Tradițional,Sosuri & Extra,1,5.0,5.0
ORD-202608-01967,Restaurantul Nostru,Salată de Murături Asortate,Salate,1,14.0,14.0
ORD-202608-01967,Restaurantul Nostru,Pachet Vinul Casei Fetească Regală 1L,Băuturi Alcoolice & Bere,1,55.0,55.0
ORD-202608-01967,Restaurantul Nostru,Coca-Cola / Coca-Cola Zero 0.33L,Băuturi Răcoritoare & Cafea,2,12.0,24.0
ORD-202608-01967,Restaurantul Nostru,Muștar Clasic,Sosuri & Extra,1,4.0,4.0
ORD-202608-01967,Restaurantul Nostru,Burger Casei cu Cartofi Prăjiți,Mâncăruri Gătite & Specialități,2,49.0,98.0
ORD-202608-01968,Restaurantul Nostru,Salată de Murături Asortate,Salate,1,14.0,14.0
ORD-202608-01968,Restaurantul Nostru,Șnițel Gigant de Pui Pane,Mâncăruri Gătite & Specialități,1,36.0,36.0
ORD-202608-01968,Restaurantul Nostru,Pachet Vinul Casei Fetească Regală 1L,Băuturi Alcoolice & Bere,1,55.0,55.0
ORD-202608-01968,Restaurantul Nostru,Limonadă Proaspătă cu Miere și Mentă 0.5L,Băuturi Răcoritoare & Cafea,2,20.0,40.0
ORD-202608-01969,Restaurantul Nostru,Coca-Cola / Coca-Cola Zero 0.33L,Băuturi Răcoritoare & Cafea,1,12.0,12.0
ORD-202608-01969,Restaurantul Nostru,Țuică de Prune Ardelenească 50ml,Băuturi Alcoolice & Bere,1,18.0,18.0
ORD-202608-01970,Restaurantul Nostru,Mămăliguță Caldă,Garnituri,1,8.0,8.0
ORD-202608-01970,Restaurantul Nostru,Lava Cake cu Înghețată de Vanilie,Desert,2,28.0,56.0
ORD-202608-01971,Restaurantul Nostru,Coș de Pâine de Casă,Sosuri & Extra,1,7.0,7.0
ORD-202608-01971,Restaurantul Nostru,Sarmale Românești în Foi de Varză (4 buc),Mâncăruri Gătite & Specialități,1,44.0,44.0
ORD-202608-01972,Restaurantul Nostru,Frăție de Mici & Cârnați,Preparate la Grătar & Mici,1,54.0,54.0
ORD-202608-01972,Restaurantul Nostru,Lava Cake cu Înghețată de Vanilie,Desert,1,28.0,28.0
ORD-202608-01972,Restaurantul Nostru,Mici Românești de Vită-Porc (1 buc),Preparate la Grătar & Mici,1,7.5,7.5
ORD-202608-01973,Restaurantul Nostru,Platou Cârnați Asortați,Cârnați & Platouri,1,95.0,95.0
ORD-202608-01973,Restaurantul Nostru,Espresso Scurt / Lung Julius Meinl,Băuturi Răcoritoare & Cafea,1,12.0,12.0
ORD-202608-01973,Restaurantul Nostru,Ciorbă de Văcuță,Ciorbe & Supe,1,25.0,25.0
ORD-202608-01973,Restaurantul Nostru,Bere Heineken 0.33L,Băuturi Alcoolice & Bere,1,16.0,16.0
ORD-202608-01973,Restaurantul Nostru,Frăție de Mici & Cârnați,Preparate la Grătar & Mici,1,54.0,54.0
ORD-202608-01974,Restaurantul Nostru,Vin Purcari Rară Neagră Sticlă 0.75L,Băuturi Alcoolice & Bere,1,95.0,95.0
ORD-202608-01974,Restaurantul Nostru,Mici Românești de Vită-Porc (1 buc),Preparate la Grătar & Mici,1,7.5,7.5
ORD-202608-01974,Restaurantul Nostru,Lava Cake cu Înghețată de Vanilie,Desert,2,28.0,56.0
ORD-202608-01975,Restaurantul Nostru,Șnițel Gigant de Pui Pane,Mâncăruri Gătite & Specialități,1,36.0,36.0
ORD-202608-01975,Restaurantul Nostru,Apă Minerală / Plată Borsec 0.5L,Băuturi Răcoritoare & Cafea,1,10.0,10.0
ORD-202608-01976,Restaurantul Nostru,Ciorbă de Burtiță Tradițională,Ciorbe & Supe,1,28.0,28.0
ORD-202608-01976,Restaurantul Nostru,Coș de Pâine de Casă,Sosuri & Extra,1,7.0,7.0
ORD-202608-01977,Restaurantul Nostru,Frăție de Mici & Cârnați,Preparate la Grătar & Mici,1,54.0,54.0
ORD-202608-01977,Restaurantul Nostru,Ștrudel de Mere cu Sos de Vanilie,Desert,1,25.0,25.0
ORD-202608-01977,Restaurantul Nostru,Ceafă de Porc la Grătar,Preparate la Grătar & Mici,1,38.0,38.0
ORD-202608-01978,Restaurantul Nostru,Bulz Ardelenesc la Grătar,Aperitive & Gustări,3,32.0,96.0
ORD-202608-01978,Restaurantul Nostru,Coș de Pâine de Casă,Sosuri & Extra,1,7.0,7.0
ORD-202608-01978,Restaurantul Nostru,Cappuccino cu Spumă de Lapte,Băuturi Răcoritoare & Cafea,1,15.0,15.0
ORD-202608-01979,Restaurantul Nostru,Ciorbă Rădăuțeană de Pui,Ciorbe & Supe,1,26.0,26.0
ORD-202608-01979,Restaurantul Nostru,Clătite cu Finetti și Banane (2 buc),Desert,1,22.0,22.0
ORD-202608-01980,Restaurantul Nostru,Vin Purcari Rară Neagră Sticlă 0.75L,Băuturi Alcoolice & Bere,1,95.0,95.0
ORD-202608-01980,Restaurantul Nostru,Salată Grecească,Salate,1,34.0,34.0
ORD-202608-01981,Restaurantul Nostru,Coș de Pâine de Casă,Sosuri & Extra,1,7.0,7.0
ORD-202608-01981,Restaurantul Nostru,Iahnie de Fasole cu Bacon,Garnituri,1,16.0,16.0
ORD-202608-01981,Restaurantul Nostru,Piure de Cartofi cu Unt,Garnituri,1,16.0,16.0
ORD-202608-01981,Restaurantul Nostru,Clătite cu Finetti și Banane (2 buc),Desert,1,22.0,22.0
ORD-202608-01981,Restaurantul Nostru,Ciorbă Rădăuțeană de Pui,Ciorbe & Supe,1,26.0,26.0
ORD-202608-01982,Restaurantul Nostru,Șnițel Gigant de Pui Pane,Mâncăruri Gătite & Specialități,1,36.0,36.0
ORD-202608-01982,Restaurantul Nostru,Burger Casei cu Cartofi Prăjiți,Mâncăruri Gătite & Specialități,2,49.0,98.0
ORD-202608-01982,Restaurantul Nostru,Mujdei de Usturoi Tradițional,Sosuri & Extra,1,5.0,5.0
ORD-202608-01982,Restaurantul Nostru,Bere Nepasteurizată Zăganu 0.5L,Băuturi Alcoolice & Bere,1,22.0,22.0
ORD-202608-01982,Restaurantul Nostru,Ceafă de Porc la Grătar,Preparate la Grătar & Mici,1,38.0,38.0
ORD-202608-01983,Restaurantul Nostru,Bere Heineken 0.33L,Băuturi Alcoolice & Bere,1,16.0,16.0
ORD-202608-01983,Restaurantul Nostru,Cârnați Picanți de Pleșcoi,Cârnați & Platouri,1,42.0,42.0
ORD-202608-01984,Restaurantul Nostru,Ciolan de Porc Rumexit la Cuptor,Mâncăruri Gătite & Specialități,1,78.0,78.0
ORD-202608-01984,Restaurantul Nostru,Cașcaval Pane Crocant,Aperitive & Gustări,1,28.0,28.0
ORD-202608-01984,Restaurantul Nostru,Salată de Ardei Copți,Salate,2,16.0,32.0
ORD-202608-01984,Restaurantul Nostru,Varză Călită în Vin cu Chimen,Garnituri,1,15.0,15.0
ORD-202608-01984,Restaurantul Nostru,Sos Barbeque,Sosuri & Extra,3,6.0,18.0
ORD-202608-01985,Restaurantul Nostru,Salată de Vinete Coapte pe Plită,Aperitive & Gustări,1,24.0,24.0
ORD-202608-01985,Restaurantul Nostru,Fasole Bătută cu Ceapă Călită,Aperitive & Gustări,1,20.0,20.0
ORD-202608-01985,Restaurantul Nostru,Ciorbă de Perișoare,Ciorbe & Supe,1,24.0,24.0
ORD-202608-01986,Restaurantul Nostru,Pastramă de Oaie la Tigaie cu Mămăligă,Mâncăruri Gătite & Specialități,1,56.0,56.0
ORD-202608-01986,Restaurantul Nostru,Ciorbă de Burtiță Tradițională,Ciorbe & Supe,1,28.0,28.0
ORD-202608-01986,Restaurantul Nostru,Bere Ciuc Premium la Draught 0.4L,Băuturi Alcoolice & Bere,1,14.0,14.0
ORD-202608-01986,Restaurantul Nostru,Lava Cake cu Înghețată de Vanilie,Desert,1,28.0,28.0
ORD-202608-01987,Restaurantul Nostru,Ciorbă Rădăuțeană de Pui,Ciorbe & Supe,1,26.0,26.0
ORD-202608-01987,Restaurantul Nostru,Clătite cu Finetti și Banane (2 buc),Desert,1,22.0,22.0
ORD-202608-01988,Restaurantul Nostru,Salată Caesar cu Pui la Grătar,Salate,1,38.0,38.0
ORD-202608-01988,Restaurantul Nostru,Clătite cu Finetti și Banane (2 buc),Desert,1,22.0,22.0
ORD-202608-01988,Restaurantul Nostru,Pachet Vinul Casei Fetească Regală 1L,Băuturi Alcoolice & Bere,3,55.0,165.0
ORD-202608-01988,Restaurantul Nostru,Pastramă de Oaie la Tigaie cu Mămăligă,Mâncăruri Gătite & Specialități,1,56.0,56.0
ORD-202608-01988,Restaurantul Nostru,Coș de Pâine de Casă,Sosuri & Extra,1,7.0,7.0
ORD-202608-01989,Restaurantul Nostru,Mămăliguță Caldă,Garnituri,2,8.0,16.0
ORD-202608-01989,Restaurantul Nostru,Limonadă Proaspătă cu Miere și Mentă 0.5L,Băuturi Răcoritoare & Cafea,3,20.0,60.0
ORD-202608-01990,Restaurantul Nostru,Papanași cu Smântână și Dulceață de Afine (2 buc),Desert,1,32.0,32.0
ORD-202608-01990,Restaurantul Nostru,Șnițel Gigant de Pui Pane,Mâncăruri Gătite & Specialități,1,36.0,36.0
ORD-202608-01990,Restaurantul Nostru,Bere Heineken 0.33L,Băuturi Alcoolice & Bere,1,16.0,16.0
ORD-202608-01990,Restaurantul Nostru,Sos Barbeque,Sosuri & Extra,1,6.0,6.0
ORD-202608-01991,Restaurantul Nostru,Platou Gustări Rece Tradiționale,Cârnați & Platouri,1,85.0,85.0
ORD-202608-01991,Restaurantul Nostru,Coca-Cola / Coca-Cola Zero 0.33L,Băuturi Răcoritoare & Cafea,1,12.0,12.0
ORD-202608-01992,Restaurantul Nostru,Salată de Murături Asortate,Salate,3,14.0,42.0
ORD-202608-01992,Restaurantul Nostru,Bere Ciuc Premium la Draught 0.4L,Băuturi Alcoolice & Bere,1,14.0,14.0
ORD-202608-01992,Restaurantul Nostru,Supă Cremă de Legume cu Crutoane,Ciorbe & Supe,1,22.0,22.0
ORD-202608-01992,Restaurantul Nostru,Piure de Cartofi cu Unt,Garnituri,1,16.0,16.0
ORD-202608-01993,Restaurantul Nostru,Supă Cremă de Legume cu Crutoane,Ciorbe & Supe,1,22.0,22.0
ORD-202608-01993,Restaurantul Nostru,Frăție de Mici & Cârnați,Preparate la Grătar & Mici,1,54.0,54.0
ORD-202608-01993,Restaurantul Nostru,Bulz Ardelenesc la Grătar,Aperitive & Gustări,1,32.0,32.0
ORD-202608-01994,Restaurantul Nostru,Lava Cake cu Înghețată de Vanilie,Desert,1,28.0,28.0
ORD-202608-01994,Restaurantul Nostru,Burger Casei cu Cartofi Prăjiți,Mâncăruri Gătite & Specialități,1,49.0,49.0
ORD-202608-01994,Restaurantul Nostru,Cappuccino cu Spumă de Lapte,Băuturi Răcoritoare & Cafea,1,15.0,15.0
ORD-202608-01994,Restaurantul Nostru,Ceafă de Porc la Grătar,Preparate la Grătar & Mici,1,38.0,38.0
ORD-202608-01995,Restaurantul Nostru,Bere Ciuc Premium la Draught 0.4L,Băuturi Alcoolice & Bere,2,14.0,28.0
ORD-202608-01995,Restaurantul Nostru,Platou Gustări Rece Tradiționale,Cârnați & Platouri,1,85.0,85.0
ORD-202608-01995,Restaurantul Nostru,Mămăliguță Caldă,Garnituri,1,8.0,8.0
ORD-202608-01995,Restaurantul Nostru,Vin Purcari Rară Neagră Sticlă 0.75L,Băuturi Alcoolice & Bere,1,95.0,95.0
ORD-202608-01996,Restaurantul Nostru,Bere Nepasteurizată Zăganu 0.5L,Băuturi Alcoolice & Bere,1,22.0,22.0
ORD-202608-01996,Restaurantul Nostru,Mici Românești de Vită-Porc (1 buc),Preparate la Grătar & Mici,1,7.5,7.5
ORD-202608-01996,Restaurantul Nostru,Piept de Pui la Grătar,Preparate la Grătar & Mici,1,34.0,34.0
ORD-202608-01996,Restaurantul Nostru,Șnițel Gigant de Pui Pane,Mâncăruri Gătite & Specialități,2,36.0,72.0
ORD-202608-01996,Restaurantul Nostru,Supă Cremă de Legume cu Crutoane,Ciorbe & Supe,1,22.0,22.0
ORD-202608-01997,Restaurantul Nostru,Fasole Bătută cu Ceapă Călită,Aperitive & Gustări,1,20.0,20.0
ORD-202608-01997,Restaurantul Nostru,Salată de Ardei Copți,Salate,1,16.0,16.0
ORD-202608-01997,Restaurantul Nostru,Frăție de Mici & Cârnați,Preparate la Grătar & Mici,1,54.0,54.0
ORD-202608-01997,Restaurantul Nostru,Salată de Vinete Coapte pe Plită,Aperitive & Gustări,2,24.0,48.0
ORD-202608-01998,Restaurantul Nostru,Ciorbă de Perișoare,Ciorbe & Supe,1,24.0,24.0
ORD-202608-01998,Restaurantul Nostru,Salată Grecească,Salate,1,34.0,34.0
ORD-202608-01998,Restaurantul Nostru,Clătite cu Finetti și Banane (2 buc),Desert,2,22.0,44.0
ORD-202608-01998,Restaurantul Nostru,Țuică de Prune Ardelenească 50ml,Băuturi Alcoolice & Bere,2,18.0,36.0
ORD-202608-01998,Restaurantul Nostru,Ștrudel de Mere cu Sos de Vanilie,Desert,2,25.0,50.0
ORD-202608-01999,Restaurantul Nostru,Varză Călită în Vin cu Chimen,Garnituri,1,15.0,15.0
ORD-202608-01999,Restaurantul Nostru,Supă Cremă de Legume cu Crutoane,Ciorbe & Supe,1,22.0,22.0
ORD-202608-01999,Restaurantul Nostru,Clătite cu Finetti și Banane (2 buc),Desert,1,22.0,22.0
ORD-202608-01999,Restaurantul Nostru,Iahnie de Fasole cu Bacon,Garnituri,1,16.0,16.0
ORD-202608-02000,Restaurantul Nostru,Coca-Cola / Coca-Cola Zero 0.33L,Băuturi Răcoritoare & Cafea,1,12.0,12.0
ORD-202608-02000,Restaurantul Nostru,Șnițel Gigant de Pui Pane,Mâncăruri Gătite & Specialități,2,36.0,72.0
ORD-202608-02000,Restaurantul Nostru,Salată Grecească,Salate,2,34.0,68.0
ORD-202608-02001,Restaurantul Nostru,Espresso Scurt / Lung Julius Meinl,Băuturi Răcoritoare & Cafea,1,12.0,12.0
ORD-202608-02001,Restaurantul Nostru,Ciorbă de Burtiță Tradițională,Ciorbe & Supe,1,28.0,28.0
ORD-202608-02001,Restaurantul Nostru,Bulz Ardelenesc la Grătar,Aperitive & Gustări,2,32.0,64.0
ORD-202608-02002,Restaurantul Nostru,Coș de Pâine de Casă,Sosuri & Extra,1,7.0,7.0
ORD-202608-02002,Restaurantul Nostru,Varză Călită în Vin cu Chimen,Garnituri,1,15.0,15.0
ORD-202608-02003,Restaurantul Nostru,Frăție de Mici & Cârnați,Preparate la Grătar & Mici,1,54.0,54.0
ORD-202608-02003,Restaurantul Nostru,Salată Grecească,Salate,1,34.0,34.0
ORD-202608-02003,Restaurantul Nostru,Țuică de Prune Ardelenească 50ml,Băuturi Alcoolice & Bere,1,18.0,18.0
ORD-202608-02003,Restaurantul Nostru,Mujdei de Usturoi Tradițional,Sosuri & Extra,1,5.0,5.0
ORD-202608-02004,Restaurantul Nostru,Salată de Murături Asortate,Salate,1,14.0,14.0
ORD-202608-02004,Restaurantul Nostru,Coș de Pâine de Casă,Sosuri & Extra,1,7.0,7.0
ORD-202608-02004,Restaurantul Nostru,Bere Heineken 0.33L,Băuturi Alcoolice & Bere,1,16.0,16.0
ORD-202608-02004,Restaurantul Nostru,Sarmale Românești în Foi de Varză (4 buc),Mâncăruri Gătite & Specialități,1,44.0,44.0
ORD-202608-02004,Restaurantul Nostru,Cașcaval Pane Crocant,Aperitive & Gustări,1,28.0,28.0
ORD-202608-02005,Restaurantul Nostru,Bulz Ardelenesc la Grătar,Aperitive & Gustări,1,32.0,32.0
ORD-202608-02005,Restaurantul Nostru,Piept de Pui la Grătar,Preparate la Grătar & Mici,2,34.0,68.0
ORD-202608-02006,Restaurantul Nostru,Ciorbă Rădăuțeană de Pui,Ciorbe & Supe,1,26.0,26.0
ORD-202608-02006,Restaurantul Nostru,Sos Barbeque,Sosuri & Extra,1,6.0,6.0
ORD-202608-02006,Restaurantul Nostru,Bere Nepasteurizată Zăganu 0.5L,Băuturi Alcoolice & Bere,2,22.0,44.0
ORD-202608-02006,Restaurantul Nostru,Muștar Clasic,Sosuri & Extra,1,4.0,4.0
ORD-202608-02007,Restaurantul Nostru,Sarmale Românești în Foi de Varză (4 buc),Mâncăruri Gătite & Specialități,3,44.0,132.0
ORD-202608-02007,Restaurantul Nostru,Cașcaval Pane Crocant,Aperitive & Gustări,1,28.0,28.0
ORD-202608-02007,Restaurantul Nostru,Bulz Ardelenesc la Grătar,Aperitive & Gustări,1,32.0,32.0
ORD-202608-02007,Restaurantul Nostru,Piure de Cartofi cu Unt,Garnituri,1,16.0,16.0
ORD-202608-02008,Restaurantul Nostru,Fasole Bătută cu Ceapă Călită,Aperitive & Gustări,1,20.0,20.0
ORD-202608-02008,Restaurantul Nostru,Platou Boieresc (2-3 persoane),Cârnați & Platouri,1,145.0,145.0
ORD-202608-02008,Restaurantul Nostru,Varză Călită în Vin cu Chimen,Garnituri,2,15.0,30.0
ORD-202608-02008,Restaurantul Nostru,Bere Nepasteurizată Zăganu 0.5L,Băuturi Alcoolice & Bere,1,22.0,22.0
ORD-202608-02009,Restaurantul Nostru,Șnițel Gigant de Pui Pane,Mâncăruri Gătite & Specialități,1,36.0,36.0
ORD-202608-02009,Restaurantul Nostru,Platou Cârnați Asortați,Cârnați & Platouri,1,95.0,95.0
ORD-202608-02009,Restaurantul Nostru,Ciorbă Rădăuțeană de Pui,Ciorbe & Supe,1,26.0,26.0
ORD-202608-02009,Restaurantul Nostru,Varză Călită în Vin cu Chimen,Garnituri,1,15.0,15.0
ORD-202608-02009,Restaurantul Nostru,Coca-Cola / Coca-Cola Zero 0.33L,Băuturi Răcoritoare & Cafea,1,12.0,12.0
ORD-202608-02010,Restaurantul Nostru,Platou Boieresc (2-3 persoane),Cârnați & Platouri,1,145.0,145.0
ORD-202608-02010,Restaurantul Nostru,Smântână Proaspătă 20%,Sosuri & Extra,1,5.0,5.0
ORD-202608-02010,Restaurantul Nostru,Muștar Clasic,Sosuri & Extra,2,4.0,8.0
ORD-202608-02010,Restaurantul Nostru,Cartofi Prăjiți cu Usturoi și Parmezan,Garnituri,1,18.0,18.0
ORD-202608-02010,Restaurantul Nostru,Ștrudel de Mere cu Sos de Vanilie,Desert,1,25.0,25.0
ORD-202608-02011,Restaurantul Nostru,Platou Gustări Rece Tradiționale,Cârnați & Platouri,2,85.0,170.0
ORD-202608-02011,Restaurantul Nostru,Bere Nepasteurizată Zăganu 0.5L,Băuturi Alcoolice & Bere,1,22.0,22.0
ORD-202608-02011,Restaurantul Nostru,Ciorbă de Văcuță,Ciorbe & Supe,2,25.0,50.0
ORD-202608-02011,Restaurantul Nostru,Pachet Vinul Casei Fetească Regală 1L,Băuturi Alcoolice & Bere,1,55.0,55.0
ORD-202608-02012,Restaurantul Nostru,Ciorbă de Perișoare,Ciorbe & Supe,1,24.0,24.0
ORD-202608-02012,Restaurantul Nostru,Pachet Vinul Casei Fetească Regală 1L,Băuturi Alcoolice & Bere,1,55.0,55.0
ORD-202608-02012,Restaurantul Nostru,Cartofi Prăjiți cu Usturoi și Parmezan,Garnituri,1,18.0,18.0
ORD-202608-02012,Restaurantul Nostru,Smântână Proaspătă 20%,Sosuri & Extra,1,5.0,5.0
ORD-202608-02013,Restaurantul Nostru,Cartofi Prăjiți cu Usturoi și Parmezan,Garnituri,1,18.0,18.0
ORD-202608-02013,Restaurantul Nostru,Sos Barbeque,Sosuri & Extra,1,6.0,6.0
ORD-202608-02013,Restaurantul Nostru,Salată Caesar cu Pui la Grătar,Salate,1,38.0,38.0
ORD-202608-02014,Restaurantul Nostru,Platou Boieresc (2-3 persoane),Cârnați & Platouri,1,145.0,145.0
ORD-202608-02014,Restaurantul Nostru,Limonadă Proaspătă cu Miere și Mentă 0.5L,Băuturi Răcoritoare & Cafea,1,20.0,20.0
ORD-202608-02015,Restaurantul Nostru,Frigărui de Berbecuț,Preparate la Grătar & Mici,1,58.0,58.0
ORD-202608-02015,Restaurantul Nostru,Pachet Vinul Casei Fetească Regală 1L,Băuturi Alcoolice & Bere,1,55.0,55.0
ORD-202608-02015,Restaurantul Nostru,Bere Heineken 0.33L,Băuturi Alcoolice & Bere,2,16.0,32.0
ORD-202608-02015,Restaurantul Nostru,Salată de Murături Asortate,Salate,1,14.0,14.0
ORD-202608-02016,Restaurantul Nostru,Coca-Cola / Coca-Cola Zero 0.33L,Băuturi Răcoritoare & Cafea,1,12.0,12.0
ORD-202608-02016,Restaurantul Nostru,Lava Cake cu Înghețată de Vanilie,Desert,1,28.0,28.0
ORD-202608-02016,Restaurantul Nostru,Ciorbă de Văcuță,Ciorbe & Supe,1,25.0,25.0
ORD-202608-02016,Restaurantul Nostru,Ceafă de Porc la Grătar,Preparate la Grătar & Mici,1,38.0,38.0
ORD-202608-02016,Restaurantul Nostru,Mici Românești de Vită-Porc (1 buc),Preparate la Grătar & Mici,1,7.5,7.5
ORD-202608-02017,Restaurantul Nostru,Papanași cu Smântână și Dulceață de Afine (2 buc),Desert,1,32.0,32.0
ORD-202608-02017,Restaurantul Nostru,Apă Minerală / Plată Borsec 0.5L,Băuturi Răcoritoare & Cafea,1,10.0,10.0
ORD-202608-02017,Restaurantul Nostru,Mici Românești de Vită-Porc (1 buc),Preparate la Grătar & Mici,1,7.5,7.5
ORD-202608-02018,Restaurantul Nostru,Platou Cârnați Asortați,Cârnați & Platouri,1,95.0,95.0
ORD-202608-02018,Restaurantul Nostru,Fasole Bătută cu Ceapă Călită,Aperitive & Gustări,1,20.0,20.0
ORD-202608-02018,Restaurantul Nostru,Sarmale Românești în Foi de Varză (4 buc),Mâncăruri Gătite & Specialități,1,44.0,44.0
ORD-202608-02019,Restaurantul Nostru,Varză Călită în Vin cu Chimen,Garnituri,1,15.0,15.0
ORD-202608-02019,Restaurantul Nostru,Fasole Bătută cu Ceapă Călită,Aperitive & Gustări,1,20.0,20.0
ORD-202608-02019,Restaurantul Nostru,Ștrudel de Mere cu Sos de Vanilie,Desert,1,25.0,25.0
ORD-202608-02020,Restaurantul Nostru,Platou Boieresc (2-3 persoane),Cârnați & Platouri,1,145.0,145.0
ORD-202608-02020,Restaurantul Nostru,Șnițel Gigant de Pui Pane,Mâncăruri Gătite & Specialități,1,36.0,36.0
ORD-202608-02021,Restaurantul Nostru,Cașcaval Pane Crocant,Aperitive & Gustări,1,28.0,28.0
ORD-202608-02021,Restaurantul Nostru,Muștar Clasic,Sosuri & Extra,1,4.0,4.0
ORD-202608-02021,Restaurantul Nostru,Platou Boieresc (2-3 persoane),Cârnați & Platouri,1,145.0,145.0
ORD-202608-02021,Restaurantul Nostru,Cârnați Picanți de Pleșcoi,Cârnați & Platouri,1,42.0,42.0
ORD-202608-02022,Restaurantul Nostru,Varză Călită în Vin cu Chimen,Garnituri,1,15.0,15.0
ORD-202608-02022,Restaurantul Nostru,Smântână Proaspătă 20%,Sosuri & Extra,1,5.0,5.0
ORD-202608-02023,Restaurantul Nostru,Ciolan de Porc Rumexit la Cuptor,Mâncăruri Gătite & Specialități,1,78.0,78.0
ORD-202608-02023,Restaurantul Nostru,Ciorbă de Burtiță Tradițională,Ciorbe & Supe,1,28.0,28.0
ORD-202608-02023,Restaurantul Nostru,Lava Cake cu Înghețată de Vanilie,Desert,1,28.0,28.0
ORD-202608-02023,Restaurantul Nostru,Mămăliguță Caldă,Garnituri,1,8.0,8.0
ORD-202608-02024,Restaurantul Nostru,Salată de Ardei Copți,Salate,1,16.0,16.0
ORD-202608-02024,Restaurantul Nostru,Ciolan de Porc Rumexit la Cuptor,Mâncăruri Gătite & Specialități,1,78.0,78.0
ORD-202608-02024,Restaurantul Nostru,Platou Gustări Rece Tradiționale,Cârnați & Platouri,1,85.0,85.0
ORD-202608-02024,Restaurantul Nostru,Coca-Cola / Coca-Cola Zero 0.33L,Băuturi Răcoritoare & Cafea,1,12.0,12.0
ORD-202608-02025,Restaurantul Nostru,Apă Minerală / Plată Borsec 0.5L,Băuturi Răcoritoare & Cafea,1,10.0,10.0
ORD-202608-02025,Restaurantul Nostru,Mici de Oaie și Vită (1 buc),Preparate la Grătar & Mici,2,8.5,17.0
ORD-202608-02025,Restaurantul Nostru,Fasole Bătută cu Ceapă Călită,Aperitive & Gustări,1,20.0,20.0
ORD-202608-02025,Restaurantul Nostru,Tochitură Moldovenească cu Mămăligă,Mâncăruri Gătite & Specialități,1,48.0,48.0
ORD-202608-02026,Restaurantul Nostru,Burger Casei cu Cartofi Prăjiți,Mâncăruri Gătite & Specialități,1,49.0,49.0
ORD-202608-02026,Restaurantul Nostru,Salată Caesar cu Pui la Grătar,Salate,1,38.0,38.0
ORD-202608-02026,Restaurantul Nostru,Ciorbă de Burtiță Tradițională,Ciorbe & Supe,1,28.0,28.0
ORD-202608-02026,Restaurantul Nostru,Muștar Clasic,Sosuri & Extra,1,4.0,4.0
ORD-202608-02027,Restaurantul Nostru,Țuică de Prune Ardelenească 50ml,Băuturi Alcoolice & Bere,1,18.0,18.0
ORD-202608-02027,Restaurantul Nostru,Platou Boieresc (2-3 persoane),Cârnați & Platouri,1,145.0,145.0
ORD-202608-02028,Restaurantul Nostru,Supă Cremă de Legume cu Crutoane,Ciorbe & Supe,1,22.0,22.0
ORD-202608-02028,Restaurantul Nostru,Platou Cârnați Asortați,Cârnați & Platouri,1,95.0,95.0
ORD-202608-02028,Restaurantul Nostru,Mici Românești de Vită-Porc (1 buc),Preparate la Grătar & Mici,1,7.5,7.5
ORD-202608-02028,Restaurantul Nostru,Smântână Proaspătă 20%,Sosuri & Extra,1,5.0,5.0
ORD-202608-02029,Restaurantul Nostru,Muștar Clasic,Sosuri & Extra,1,4.0,4.0
ORD-202608-02029,Restaurantul Nostru,Fasole Bătută cu Ceapă Călită,Aperitive & Gustări,2,20.0,40.0
ORD-202608-02029,Restaurantul Nostru,Cârnați Picanți de Pleșcoi,Cârnați & Platouri,2,42.0,84.0
ORD-202608-02029,Restaurantul Nostru,Salată de Ardei Copți,Salate,1,16.0,16.0
ORD-202608-02029,Restaurantul Nostru,Cașcaval Pane Crocant,Aperitive & Gustări,2,28.0,56.0
ORD-202608-02030,Restaurantul Nostru,Vin Purcari Rară Neagră Sticlă 0.75L,Băuturi Alcoolice & Bere,1,95.0,95.0
ORD-202608-02030,Restaurantul Nostru,Apă Minerală / Plată Borsec 0.5L,Băuturi Răcoritoare & Cafea,1,10.0,10.0
ORD-202608-02031,Restaurantul Nostru,Țuică de Prune Ardelenească 50ml,Băuturi Alcoolice & Bere,1,18.0,18.0
ORD-202608-02031,Restaurantul Nostru,Mujdei de Usturoi Tradițional,Sosuri & Extra,1,5.0,5.0
ORD-202608-02031,Restaurantul Nostru,Salată de Vinete Coapte pe Plită,Aperitive & Gustări,1,24.0,24.0
ORD-202608-02032,Restaurantul Nostru,Supă Cremă de Legume cu Crutoane,Ciorbe & Supe,1,22.0,22.0
ORD-202608-02032,Restaurantul Nostru,Ciorbă de Văcuță,Ciorbe & Supe,1,25.0,25.0
ORD-202608-02032,Restaurantul Nostru,Platou Boieresc (2-3 persoane),Cârnați & Platouri,2,145.0,290.0
ORD-202608-02032,Restaurantul Nostru,Ciorbă de Perișoare,Ciorbe & Supe,1,24.0,24.0
ORD-202608-02032,Restaurantul Nostru,Coș de Pâine de Casă,Sosuri & Extra,1,7.0,7.0
ORD-202608-02033,Restaurantul Nostru,Mujdei de Usturoi Tradițional,Sosuri & Extra,1,5.0,5.0
ORD-202608-02033,Restaurantul Nostru,Bulz Ardelenesc la Grătar,Aperitive & Gustări,2,32.0,64.0
ORD-202608-02034,Restaurantul Nostru,Salată Caesar cu Pui la Grătar,Salate,2,38.0,76.0
ORD-202608-02034,Restaurantul Nostru,Muștar Clasic,Sosuri & Extra,1,4.0,4.0
ORD-202608-02035,Restaurantul Nostru,Sarmale Românești în Foi de Varză (4 buc),Mâncăruri Gătite & Specialități,2,44.0,88.0
ORD-202608-02035,Restaurantul Nostru,Mămăliguță Caldă,Garnituri,2,8.0,16.0
ORD-202608-02035,Restaurantul Nostru,Varză Călită în Vin cu Chimen,Garnituri,1,15.0,15.0
ORD-202608-02036,Restaurantul Nostru,Varză Călită în Vin cu Chimen,Garnituri,1,15.0,15.0
ORD-202608-02036,Restaurantul Nostru,Espresso Scurt / Lung Julius Meinl,Băuturi Răcoritoare & Cafea,1,12.0,12.0
ORD-202608-02037,Restaurantul Nostru,Coș de Pâine de Casă,Sosuri & Extra,1,7.0,7.0
ORD-202608-02037,Restaurantul Nostru,Ciorbă Rădăuțeană de Pui,Ciorbe & Supe,1,26.0,26.0
ORD-202608-02037,Restaurantul Nostru,Pachet Vinul Casei Fetească Regală 1L,Băuturi Alcoolice & Bere,1,55.0,55.0
ORD-202608-02038,Restaurantul Nostru,Frigărui de Berbecuț,Preparate la Grătar & Mici,1,58.0,58.0
ORD-202608-02038,Restaurantul Nostru,Cappuccino cu Spumă de Lapte,Băuturi Răcoritoare & Cafea,2,15.0,30.0
ORD-202608-02038,Restaurantul Nostru,Mici de Oaie și Vită (1 buc),Preparate la Grătar & Mici,1,8.5,8.5
ORD-202608-02039,Restaurantul Nostru,Pastramă de Oaie la Tigaie cu Mămăligă,Mâncăruri Gătite & Specialități,1,56.0,56.0
ORD-202608-02039,Restaurantul Nostru,Limonadă Proaspătă cu Miere și Mentă 0.5L,Băuturi Răcoritoare & Cafea,1,20.0,20.0
ORD-202608-02040,Restaurantul Nostru,Lava Cake cu Înghețată de Vanilie,Desert,1,28.0,28.0
ORD-202608-02040,Restaurantul Nostru,Ciorbă Rădăuțeană de Pui,Ciorbe & Supe,1,26.0,26.0
ORD-202608-02040,Restaurantul Nostru,Tochitură Moldovenească cu Mămăligă,Mâncăruri Gătite & Specialități,1,48.0,48.0
ORD-202608-02041,Restaurantul Nostru,Iahnie de Fasole cu Bacon,Garnituri,1,16.0,16.0
ORD-202608-02041,Restaurantul Nostru,Ciorbă de Burtiță Tradițională,Ciorbe & Supe,1,28.0,28.0
ORD-202608-02041,Restaurantul Nostru,Sarmale Românești în Foi de Varză (4 buc),Mâncăruri Gătite & Specialități,1,44.0,44.0
ORD-202608-02041,Restaurantul Nostru,Ciorbă de Perișoare,Ciorbe & Supe,1,24.0,24.0
ORD-202608-02041,Restaurantul Nostru,Ciorbă Rădăuțeană de Pui,Ciorbe & Supe,1,26.0,26.0
ORD-202608-02042,Restaurantul Nostru,Ciorbă Rădăuțeană de Pui,Ciorbe & Supe,1,26.0,26.0
ORD-202608-02042,Restaurantul Nostru,Coș de Pâine de Casă,Sosuri & Extra,1,7.0,7.0
ORD-202608-02042,Restaurantul Nostru,Apă Minerală / Plată Borsec 0.5L,Băuturi Răcoritoare & Cafea,3,10.0,30.0
ORD-202608-02042,Restaurantul Nostru,Salată Caesar cu Pui la Grătar,Salate,1,38.0,38.0
ORD-202608-02042,Restaurantul Nostru,Mici Românești de Vită-Porc (1 buc),Preparate la Grătar & Mici,1,7.5,7.5
ORD-202608-02043,Restaurantul Nostru,Clătite cu Finetti și Banane (2 buc),Desert,2,22.0,44.0
ORD-202608-02043,Restaurantul Nostru,Ciorbă de Perișoare,Ciorbe & Supe,1,24.0,24.0
ORD-202608-02043,Restaurantul Nostru,Ștrudel de Mere cu Sos de Vanilie,Desert,2,25.0,50.0
ORD-202608-02043,Restaurantul Nostru,Ciorbă de Burtiță Tradițională,Ciorbe & Supe,1,28.0,28.0
ORD-202608-02044,Restaurantul Nostru,Bere Heineken 0.33L,Băuturi Alcoolice & Bere,1,16.0,16.0
ORD-202608-02044,Restaurantul Nostru,Ștrudel de Mere cu Sos de Vanilie,Desert,1,25.0,25.0
ORD-202608-02045,Restaurantul Nostru,Iahnie de Fasole cu Bacon,Garnituri,1,16.0,16.0
ORD-202608-02045,Restaurantul Nostru,Salată Caesar cu Pui la Grătar,Salate,1,38.0,38.0
ORD-202608-02045,Restaurantul Nostru,Bere Ciuc Premium la Draught 0.4L,Băuturi Alcoolice & Bere,1,14.0,14.0
ORD-202608-02045,Restaurantul Nostru,Mici de Oaie și Vită (1 buc),Preparate la Grătar & Mici,1,8.5,8.5
ORD-202608-02045,Restaurantul Nostru,Limonadă Proaspătă cu Miere și Mentă 0.5L,Băuturi Răcoritoare & Cafea,2,20.0,40.0
ORD-202608-02046,Restaurantul Nostru,Ciorbă de Văcuță,Ciorbe & Supe,1,25.0,25.0
ORD-202608-02046,Restaurantul Nostru,Mămăliguță Caldă,Garnituri,1,8.0,8.0
ORD-202608-02046,Restaurantul Nostru,Mici de Oaie și Vită (1 buc),Preparate la Grătar & Mici,1,8.5,8.5
ORD-202608-02046,Restaurantul Nostru,Tochitură Moldovenească cu Mămăligă,Mâncăruri Gătite & Specialități,1,48.0,48.0
ORD-202608-02046,Restaurantul Nostru,Piept de Pui la Grătar,Preparate la Grătar & Mici,1,34.0,34.0
ORD-202608-02047,Restaurantul Nostru,Salată de Ardei Copți,Salate,1,16.0,16.0
ORD-202608-02047,Restaurantul Nostru,Platou Boieresc (2-3 persoane),Cârnați & Platouri,1,145.0,145.0
ORD-202608-02047,Restaurantul Nostru,Cartofi Prăjiți cu Usturoi și Parmezan,Garnituri,1,18.0,18.0
ORD-202608-02048,Restaurantul Nostru,Ștrudel de Mere cu Sos de Vanilie,Desert,3,25.0,75.0
ORD-202608-02048,Restaurantul Nostru,Bere Nepasteurizată Zăganu 0.5L,Băuturi Alcoolice & Bere,1,22.0,22.0
ORD-202608-02049,Restaurantul Nostru,Cappuccino cu Spumă de Lapte,Băuturi Răcoritoare & Cafea,1,15.0,15.0
ORD-202608-02049,Restaurantul Nostru,Burger Casei cu Cartofi Prăjiți,Mâncăruri Gătite & Specialități,1,49.0,49.0
ORD-202608-02050,Restaurantul Nostru,Frăție de Mici & Cârnați,Preparate la Grătar & Mici,1,54.0,54.0
ORD-202608-02050,Restaurantul Nostru,Ciorbă de Văcuță,Ciorbe & Supe,1,25.0,25.0
ORD-202608-02050,Restaurantul Nostru,Cartofi Prăjiți cu Usturoi și Parmezan,Garnituri,1,18.0,18.0
ORD-202608-02050,Restaurantul Nostru,Tochitură Moldovenească cu Mămăligă,Mâncăruri Gătite & Specialități,2,48.0,96.0
ORD-202608-02050,Restaurantul Nostru,Coca-Cola / Coca-Cola Zero 0.33L,Băuturi Răcoritoare & Cafea,1,12.0,12.0
ORD-202608-02051,Restaurantul Nostru,Salată de Vinete Coapte pe Plită,Aperitive & Gustări,1,24.0,24.0
ORD-202608-02051,Restaurantul Nostru,Burger Casei cu Cartofi Prăjiți,Mâncăruri Gătite & Specialități,1,49.0,49.0
ORD-202608-02051,Restaurantul Nostru,Mujdei de Usturoi Tradițional,Sosuri & Extra,2,5.0,10.0
ORD-202608-02051,Restaurantul Nostru,Espresso Scurt / Lung Julius Meinl,Băuturi Răcoritoare & Cafea,1,12.0,12.0
ORD-202608-02051,Restaurantul Nostru,Țuică de Prune Ardelenească 50ml,Băuturi Alcoolice & Bere,1,18.0,18.0
ORD-202608-02052,Restaurantul Nostru,Mici Românești de Vită-Porc (1 buc),Preparate la Grătar & Mici,1,7.5,7.5
ORD-202608-02052,Restaurantul Nostru,Frigărui de Berbecuț,Preparate la Grătar & Mici,1,58.0,58.0
ORD-202608-02053,Restaurantul Nostru,Lava Cake cu Înghețată de Vanilie,Desert,2,28.0,56.0
ORD-202608-02053,Restaurantul Nostru,Ciorbă de Văcuță,Ciorbe & Supe,1,25.0,25.0
ORD-202608-02054,Restaurantul Nostru,Frigărui de Berbecuț,Preparate la Grătar & Mici,1,58.0,58.0
ORD-202608-02054,Restaurantul Nostru,Papanași cu Smântână și Dulceață de Afine (2 buc),Desert,2,32.0,64.0
ORD-202608-02054,Restaurantul Nostru,Ceafă de Porc la Grătar,Preparate la Grătar & Mici,1,38.0,38.0
ORD-202608-02055,Restaurantul Nostru,Limonadă Proaspătă cu Miere și Mentă 0.5L,Băuturi Răcoritoare & Cafea,1,20.0,20.0
ORD-202608-02055,Restaurantul Nostru,Frigărui de Berbecuț,Preparate la Grătar & Mici,1,58.0,58.0
ORD-202608-02056,Restaurantul Nostru,Limonadă Proaspătă cu Miere și Mentă 0.5L,Băuturi Răcoritoare & Cafea,1,20.0,20.0
ORD-202608-02056,Restaurantul Nostru,Țuică de Prune Ardelenească 50ml,Băuturi Alcoolice & Bere,1,18.0,18.0
ORD-202608-02057,Restaurantul Nostru,Platou Cârnați Asortați,Cârnați & Platouri,1,95.0,95.0
ORD-202608-02057,Restaurantul Nostru,Bulz Ardelenesc la Grătar,Aperitive & Gustări,1,32.0,32.0
ORD-202608-02057,Restaurantul Nostru,Ciorbă Rădăuțeană de Pui,Ciorbe & Supe,1,26.0,26.0
ORD-202608-02057,Restaurantul Nostru,Mujdei de Usturoi Tradițional,Sosuri & Extra,1,5.0,5.0
ORD-202608-02058,Restaurantul Nostru,Burger Casei cu Cartofi Prăjiți,Mâncăruri Gătite & Specialități,1,49.0,49.0
ORD-202608-02058,Restaurantul Nostru,Cartofi Prăjiți cu Usturoi și Parmezan,Garnituri,2,18.0,36.0
ORD-202608-02058,Restaurantul Nostru,Frigărui de Berbecuț,Preparate la Grătar & Mici,1,58.0,58.0
ORD-202608-02058,Restaurantul Nostru,Mămăliguță Caldă,Garnituri,1,8.0,8.0
ORD-202608-02059,Restaurantul Nostru,Vin Purcari Rară Neagră Sticlă 0.75L,Băuturi Alcoolice & Bere,1,95.0,95.0
ORD-202608-02059,Restaurantul Nostru,Espresso Scurt / Lung Julius Meinl,Băuturi Răcoritoare & Cafea,1,12.0,12.0
ORD-202608-02059,Restaurantul Nostru,Bere Ciuc Premium la Draught 0.4L,Băuturi Alcoolice & Bere,1,14.0,14.0
ORD-202608-02060,Restaurantul Nostru,Sarmale Românești în Foi de Varză (4 buc),Mâncăruri Gătite & Specialități,1,44.0,44.0
ORD-202608-02060,Restaurantul Nostru,Burger Casei cu Cartofi Prăjiți,Mâncăruri Gătite & Specialități,1,49.0,49.0
ORD-202608-02060,Restaurantul Nostru,Papanași cu Smântână și Dulceață de Afine (2 buc),Desert,1,32.0,32.0
ORD-202608-02061,Restaurantul Nostru,Sarmale Românești în Foi de Varză (4 buc),Mâncăruri Gătite & Specialități,1,44.0,44.0
ORD-202608-02061,Restaurantul Nostru,Sos Barbeque,Sosuri & Extra,1,6.0,6.0
ORD-202608-02061,Restaurantul Nostru,Ciorbă de Văcuță,Ciorbe & Supe,1,25.0,25.0
ORD-202608-02062,Restaurantul Nostru,Bulz Ardelenesc la Grătar,Aperitive & Gustări,3,32.0,96.0
ORD-202608-02062,Restaurantul Nostru,Lava Cake cu Înghețată de Vanilie,Desert,1,28.0,28.0
ORD-202608-02062,Restaurantul Nostru,Șnițel Gigant de Pui Pane,Mâncăruri Gătite & Specialități,1,36.0,36.0
ORD-202608-02062,Restaurantul Nostru,Salată Grecească,Salate,1,34.0,34.0
ORD-202608-02063,Restaurantul Nostru,Platou Gustări Rece Tradiționale,Cârnați & Platouri,1,85.0,85.0
ORD-202608-02063,Restaurantul Nostru,Bere Nepasteurizată Zăganu 0.5L,Băuturi Alcoolice & Bere,1,22.0,22.0
ORD-202608-02064,Restaurantul Nostru,Sos Barbeque,Sosuri & Extra,1,6.0,6.0
ORD-202608-02064,Restaurantul Nostru,Țuică de Prune Ardelenească 50ml,Băuturi Alcoolice & Bere,1,18.0,18.0
ORD-202608-02064,Restaurantul Nostru,Fasole Bătută cu Ceapă Călită,Aperitive & Gustări,1,20.0,20.0
ORD-202608-02064,Restaurantul Nostru,Șnițel Gigant de Pui Pane,Mâncăruri Gătite & Specialități,3,36.0,108.0
ORD-202608-02065,Restaurantul Nostru,Burger Casei cu Cartofi Prăjiți,Mâncăruri Gătite & Specialități,1,49.0,49.0
ORD-202608-02065,Restaurantul Nostru,Supă Cremă de Legume cu Crutoane,Ciorbe & Supe,1,22.0,22.0
ORD-202608-02065,Restaurantul Nostru,Pastramă de Oaie la Tigaie cu Mămăligă,Mâncăruri Gătite & Specialități,1,56.0,56.0
ORD-202608-02065,Restaurantul Nostru,Mici de Oaie și Vită (1 buc),Preparate la Grătar & Mici,1,8.5,8.5
ORD-202608-02066,Restaurantul Nostru,Ciorbă Rădăuțeană de Pui,Ciorbe & Supe,1,26.0,26.0
ORD-202608-02066,Restaurantul Nostru,Ceafă de Porc la Grătar,Preparate la Grătar & Mici,1,38.0,38.0
ORD-202608-02066,Restaurantul Nostru,Smântână Proaspătă 20%,Sosuri & Extra,1,5.0,5.0
ORD-202608-02066,Restaurantul Nostru,Salată Grecească,Salate,1,34.0,34.0
ORD-202608-02067,Restaurantul Nostru,Pastramă de Oaie la Tigaie cu Mămăligă,Mâncăruri Gătite & Specialități,2,56.0,112.0
ORD-202608-02067,Restaurantul Nostru,Bere Heineken 0.33L,Băuturi Alcoolice & Bere,1,16.0,16.0
ORD-202608-02067,Restaurantul Nostru,Piure de Cartofi cu Unt,Garnituri,2,16.0,32.0
ORD-202608-02067,Restaurantul Nostru,Ciorbă de Burtiță Tradițională,Ciorbe & Supe,1,28.0,28.0
ORD-202608-02068,Restaurantul Nostru,Ciolan de Porc Rumexit la Cuptor,Mâncăruri Gătite & Specialități,1,78.0,78.0
ORD-202608-02068,Restaurantul Nostru,Piure de Cartofi cu Unt,Garnituri,1,16.0,16.0
ORD-202608-02068,Restaurantul Nostru,Salată de Vinete Coapte pe Plită,Aperitive & Gustări,1,24.0,24.0
ORD-202608-02069,Restaurantul Nostru,Platou Gustări Rece Tradiționale,Cârnați & Platouri,2,85.0,170.0
ORD-202608-02069,Restaurantul Nostru,Frăție de Mici & Cârnați,Preparate la Grătar & Mici,1,54.0,54.0
ORD-202608-02070,Restaurantul Nostru,Sos Barbeque,Sosuri & Extra,1,6.0,6.0
ORD-202608-02070,Restaurantul Nostru,Burger Casei cu Cartofi Prăjiți,Mâncăruri Gătite & Specialități,1,49.0,49.0
ORD-202608-02070,Restaurantul Nostru,Salată Caesar cu Pui la Grătar,Salate,1,38.0,38.0
ORD-202608-02070,Restaurantul Nostru,Șnițel Gigant de Pui Pane,Mâncăruri Gătite & Specialități,1,36.0,36.0
ORD-202608-02071,Restaurantul Nostru,Clătite cu Finetti și Banane (2 buc),Desert,3,22.0,66.0
ORD-202608-02071,Restaurantul Nostru,Platou Cârnați Asortați,Cârnați & Platouri,1,95.0,95.0
ORD-202608-02072,Restaurantul Nostru,Bulz Ardelenesc la Grătar,Aperitive & Gustări,1,32.0,32.0
ORD-202608-02072,Restaurantul Nostru,Fasole Bătută cu Ceapă Călită,Aperitive & Gustări,1,20.0,20.0
ORD-202608-02073,Restaurantul Nostru,Țuică de Prune Ardelenească 50ml,Băuturi Alcoolice & Bere,1,18.0,18.0
ORD-202608-02073,Restaurantul Nostru,Ciolan de Porc Rumexit la Cuptor,Mâncăruri Gătite & Specialități,1,78.0,78.0
ORD-202608-02073,Restaurantul Nostru,Piept de Pui la Grătar,Preparate la Grătar & Mici,1,34.0,34.0
ORD-202608-02073,Restaurantul Nostru,Iahnie de Fasole cu Bacon,Garnituri,1,16.0,16.0
ORD-202608-02074,Restaurantul Nostru,Salată de Ardei Copți,Salate,1,16.0,16.0
ORD-202608-02074,Restaurantul Nostru,Frigărui de Berbecuț,Preparate la Grătar & Mici,1,58.0,58.0
ORD-202608-02074,Restaurantul Nostru,Piept de Pui la Grătar,Preparate la Grătar & Mici,1,34.0,34.0
ORD-202608-02074,Restaurantul Nostru,Ciorbă de Perișoare,Ciorbe & Supe,1,24.0,24.0
ORD-202608-02075,Restaurantul Nostru,Salată Grecească,Salate,1,34.0,34.0
ORD-202608-02075,Restaurantul Nostru,Piept de Pui la Grătar,Preparate la Grătar & Mici,1,34.0,34.0
ORD-202608-02075,Restaurantul Nostru,Cârnați Picanți de Pleșcoi,Cârnați & Platouri,2,42.0,84.0
ORD-202608-02076,Restaurantul Nostru,Iahnie de Fasole cu Bacon,Garnituri,1,16.0,16.0
ORD-202608-02076,Restaurantul Nostru,Cartofi Prăjiți cu Usturoi și Parmezan,Garnituri,1,18.0,18.0
ORD-202608-02076,Restaurantul Nostru,Cappuccino cu Spumă de Lapte,Băuturi Răcoritoare & Cafea,1,15.0,15.0
ORD-202608-02076,Restaurantul Nostru,Pastramă de Oaie la Tigaie cu Mămăligă,Mâncăruri Gătite & Specialități,1,56.0,56.0
ORD-202608-02076,Restaurantul Nostru,Platou Gustări Rece Tradiționale,Cârnați & Platouri,2,85.0,170.0
ORD-202608-02077,Restaurantul Nostru,Salată Grecească,Salate,1,34.0,34.0
ORD-202608-02077,Restaurantul Nostru,Ciorbă Rădăuțeană de Pui,Ciorbe & Supe,2,26.0,52.0
ORD-202608-02077,Restaurantul Nostru,Cartofi Prăjiți cu Usturoi și Parmezan,Garnituri,3,18.0,54.0
ORD-202608-02077,Restaurantul Nostru,Frigărui de Berbecuț,Preparate la Grătar & Mici,1,58.0,58.0
ORD-202608-02078,Restaurantul Nostru,Ciorbă Rădăuțeană de Pui,Ciorbe & Supe,1,26.0,26.0
ORD-202608-02078,Restaurantul Nostru,Platou Gustări Rece Tradiționale,Cârnați & Platouri,1,85.0,85.0
ORD-202608-02078,Restaurantul Nostru,Ciorbă de Văcuță,Ciorbe & Supe,1,25.0,25.0
ORD-202608-02078,Restaurantul Nostru,Ciorbă de Burtiță Tradițională,Ciorbe & Supe,1,28.0,28.0
ORD-202608-02078,Restaurantul Nostru,Pastramă de Oaie la Tigaie cu Mămăligă,Mâncăruri Gătite & Specialități,1,56.0,56.0
ORD-202608-02079,Restaurantul Nostru,Salată de Murături Asortate,Salate,1,14.0,14.0
ORD-202608-02079,Restaurantul Nostru,Coca-Cola / Coca-Cola Zero 0.33L,Băuturi Răcoritoare & Cafea,1,12.0,12.0
ORD-202608-02079,Restaurantul Nostru,Ceafă de Porc la Grătar,Preparate la Grătar & Mici,1,38.0,38.0
ORD-202608-02080,Restaurantul Nostru,Coș de Pâine de Casă,Sosuri & Extra,2,7.0,14.0
ORD-202608-02080,Restaurantul Nostru,Smântână Proaspătă 20%,Sosuri & Extra,1,5.0,5.0
ORD-202608-02080,Restaurantul Nostru,Clătite cu Finetti și Banane (2 buc),Desert,1,22.0,22.0
ORD-202608-02081,Restaurantul Nostru,Burger Casei cu Cartofi Prăjiți,Mâncăruri Gătite & Specialități,1,49.0,49.0
ORD-202608-02081,Restaurantul Nostru,Bere Heineken 0.33L,Băuturi Alcoolice & Bere,1,16.0,16.0
ORD-202608-02081,Restaurantul Nostru,Papanași cu Smântână și Dulceață de Afine (2 buc),Desert,1,32.0,32.0
ORD-202608-02082,Restaurantul Nostru,Mici Românești de Vită-Porc (1 buc),Preparate la Grătar & Mici,1,7.5,7.5
ORD-202608-02082,Restaurantul Nostru,Apă Minerală / Plată Borsec 0.5L,Băuturi Răcoritoare & Cafea,1,10.0,10.0
ORD-202608-02082,Restaurantul Nostru,Mujdei de Usturoi Tradițional,Sosuri & Extra,1,5.0,5.0
ORD-202608-02083,Restaurantul Nostru,Supă Cremă de Legume cu Crutoane,Ciorbe & Supe,1,22.0,22.0
ORD-202608-02083,Restaurantul Nostru,Mici de Oaie și Vită (1 buc),Preparate la Grătar & Mici,1,8.5,8.5
ORD-202608-02084,Restaurantul Nostru,Apă Minerală / Plată Borsec 0.5L,Băuturi Răcoritoare & Cafea,1,10.0,10.0
ORD-202608-02084,Restaurantul Nostru,Cârnați Picanți de Pleșcoi,Cârnați & Platouri,2,42.0,84.0
ORD-202608-02085,Restaurantul Nostru,Cârnați Picanți de Pleșcoi,Cârnați & Platouri,1,42.0,42.0
ORD-202608-02085,Restaurantul Nostru,Salată de Murături Asortate,Salate,1,14.0,14.0
ORD-202608-02086,Restaurantul Nostru,Piure de Cartofi cu Unt,Garnituri,1,16.0,16.0
ORD-202608-02086,Restaurantul Nostru,Mici Românești de Vită-Porc (1 buc),Preparate la Grătar & Mici,1,7.5,7.5
ORD-202608-02086,Restaurantul Nostru,Apă Minerală / Plată Borsec 0.5L,Băuturi Răcoritoare & Cafea,1,10.0,10.0
ORD-202608-02086,Restaurantul Nostru,Țuică de Prune Ardelenească 50ml,Băuturi Alcoolice & Bere,1,18.0,18.0
ORD-202608-02087,Restaurantul Nostru,Mici Românești de Vită-Porc (1 buc),Preparate la Grătar & Mici,1,7.5,7.5
ORD-202608-02087,Restaurantul Nostru,Sos Barbeque,Sosuri & Extra,1,6.0,6.0
ORD-202608-02087,Restaurantul Nostru,Lava Cake cu Înghețată de Vanilie,Desert,1,28.0,28.0
ORD-202608-02088,Restaurantul Nostru,Ciorbă de Văcuță,Ciorbe & Supe,1,25.0,25.0
ORD-202608-02088,Restaurantul Nostru,Mici de Oaie și Vită (1 buc),Preparate la Grătar & Mici,1,8.5,8.5
ORD-202608-02088,Restaurantul Nostru,Ceafă de Porc la Grătar,Preparate la Grătar & Mici,1,38.0,38.0
ORD-202608-02088,Restaurantul Nostru,Cârnați Picanți de Pleșcoi,Cârnați & Platouri,1,42.0,42.0
ORD-202608-02088,Restaurantul Nostru,Varză Călită în Vin cu Chimen,Garnituri,1,15.0,15.0
ORD-202608-02089,Restaurantul Nostru,Platou Gustări Rece Tradiționale,Cârnați & Platouri,1,85.0,85.0
ORD-202608-02089,Restaurantul Nostru,Burger Casei cu Cartofi Prăjiți,Mâncăruri Gătite & Specialități,1,49.0,49.0
ORD-202608-02089,Restaurantul Nostru,Salată de Ardei Copți,Salate,1,16.0,16.0
ORD-202608-02089,Restaurantul Nostru,Platou Cârnați Asortați,Cârnați & Platouri,1,95.0,95.0
ORD-202608-02089,Restaurantul Nostru,Salată de Vinete Coapte pe Plită,Aperitive & Gustări,2,24.0,48.0
ORD-202608-02090,Restaurantul Nostru,Mujdei de Usturoi Tradițional,Sosuri & Extra,1,5.0,5.0
ORD-202608-02090,Restaurantul Nostru,Burger Casei cu Cartofi Prăjiți,Mâncăruri Gătite & Specialități,1,49.0,49.0
ORD-202608-02090,Restaurantul Nostru,Cappuccino cu Spumă de Lapte,Băuturi Răcoritoare & Cafea,2,15.0,30.0
ORD-202608-02090,Restaurantul Nostru,Pastramă de Oaie la Tigaie cu Mămăligă,Mâncăruri Gătite & Specialități,1,56.0,56.0
ORD-202608-02090,Restaurantul Nostru,Coș de Pâine de Casă,Sosuri & Extra,1,7.0,7.0
ORD-202608-02091,Restaurantul Nostru,Piept de Pui la Grătar,Preparate la Grătar & Mici,1,34.0,34.0
ORD-202608-02091,Restaurantul Nostru,Sos Barbeque,Sosuri & Extra,1,6.0,6.0
ORD-202608-02091,Restaurantul Nostru,Lava Cake cu Înghețată de Vanilie,Desert,1,28.0,28.0
ORD-202608-02092,Restaurantul Nostru,Platou Gustări Rece Tradiționale,Cârnați & Platouri,1,85.0,85.0
ORD-202608-02092,Restaurantul Nostru,Coca-Cola / Coca-Cola Zero 0.33L,Băuturi Răcoritoare & Cafea,1,12.0,12.0
ORD-202608-02092,Restaurantul Nostru,Smântână Proaspătă 20%,Sosuri & Extra,1,5.0,5.0
ORD-202608-02092,Restaurantul Nostru,Muștar Clasic,Sosuri & Extra,1,4.0,4.0
ORD-202608-02093,Restaurantul Nostru,Salată Grecească,Salate,1,34.0,34.0
ORD-202608-02093,Restaurantul Nostru,Pastramă de Oaie la Tigaie cu Mămăligă,Mâncăruri Gătite & Specialități,1,56.0,56.0
ORD-202608-02093,Restaurantul Nostru,Platou Gustări Rece Tradiționale,Cârnați & Platouri,1,85.0,85.0
ORD-202608-02093,Restaurantul Nostru,Clătite cu Finetti și Banane (2 buc),Desert,2,22.0,44.0
ORD-202608-02093,Restaurantul Nostru,Varză Călită în Vin cu Chimen,Garnituri,1,15.0,15.0
ORD-202608-02094,Restaurantul Nostru,Platou Gustări Rece Tradiționale,Cârnați & Platouri,3,85.0,255.0
ORD-202608-02094,Restaurantul Nostru,Cartofi Prăjiți cu Usturoi și Parmezan,Garnituri,1,18.0,18.0
ORD-202608-02094,Restaurantul Nostru,Supă Cremă de Legume cu Crutoane,Ciorbe & Supe,1,22.0,22.0
ORD-202608-02095,Restaurantul Nostru,Sos Barbeque,Sosuri & Extra,1,6.0,6.0
ORD-202608-02095,Restaurantul Nostru,Limonadă Proaspătă cu Miere și Mentă 0.5L,Băuturi Răcoritoare & Cafea,1,20.0,20.0
ORD-202608-02095,Restaurantul Nostru,Platou Boieresc (2-3 persoane),Cârnați & Platouri,1,145.0,145.0
ORD-202608-02096,Restaurantul Nostru,Ciorbă Rădăuțeană de Pui,Ciorbe & Supe,1,26.0,26.0
ORD-202608-02096,Restaurantul Nostru,Burger Casei cu Cartofi Prăjiți,Mâncăruri Gătite & Specialități,2,49.0,98.0
ORD-202608-02096,Restaurantul Nostru,Platou Gustări Rece Tradiționale,Cârnați & Platouri,1,85.0,85.0
ORD-202608-02096,Restaurantul Nostru,Piure de Cartofi cu Unt,Garnituri,3,16.0,48.0
ORD-202608-02096,Restaurantul Nostru,Tochitură Moldovenească cu Mămăligă,Mâncăruri Gătite & Specialități,1,48.0,48.0
ORD-202608-02097,Restaurantul Nostru,Papanași cu Smântână și Dulceață de Afine (2 buc),Desert,1,32.0,32.0
ORD-202608-02097,Restaurantul Nostru,Salată de Murături Asortate,Salate,1,14.0,14.0
ORD-202608-02097,Restaurantul Nostru,Mujdei de Usturoi Tradițional,Sosuri & Extra,1,5.0,5.0
ORD-202608-02098,Restaurantul Nostru,Muștar Clasic,Sosuri & Extra,1,4.0,4.0
ORD-202608-02098,Restaurantul Nostru,Cașcaval Pane Crocant,Aperitive & Gustări,1,28.0,28.0
ORD-202608-02098,Restaurantul Nostru,Sarmale Românești în Foi de Varză (4 buc),Mâncăruri Gătite & Specialități,3,44.0,132.0
ORD-202608-02098,Restaurantul Nostru,Clătite cu Finetti și Banane (2 buc),Desert,1,22.0,22.0
ORD-202608-02099,Restaurantul Nostru,Salată de Ardei Copți,Salate,1,16.0,16.0
ORD-202608-02099,Restaurantul Nostru,Sos Barbeque,Sosuri & Extra,1,6.0,6.0
ORD-202608-02100,Restaurantul Nostru,Cârnați Picanți de Pleșcoi,Cârnați & Platouri,1,42.0,42.0
ORD-202608-02100,Restaurantul Nostru,Burger Casei cu Cartofi Prăjiți,Mâncăruri Gătite & Specialități,1,49.0,49.0
ORD-202608-02101,Restaurantul Nostru,Salată Grecească,Salate,1,34.0,34.0
ORD-202608-02101,Restaurantul Nostru,Salată de Vinete Coapte pe Plită,Aperitive & Gustări,1,24.0,24.0
ORD-202608-02101,Restaurantul Nostru,Smântână Proaspătă 20%,Sosuri & Extra,3,5.0,15.0
ORD-202608-02101,Restaurantul Nostru,Supă Cremă de Legume cu Crutoane,Ciorbe & Supe,2,22.0,44.0
ORD-202608-02101,Restaurantul Nostru,Ciorbă Rădăuțeană de Pui,Ciorbe & Supe,1,26.0,26.0
ORD-202608-02102,Restaurantul Nostru,Varză Călită în Vin cu Chimen,Garnituri,1,15.0,15.0
ORD-202608-02102,Restaurantul Nostru,Pastramă de Oaie la Tigaie cu Mămăligă,Mâncăruri Gătite & Specialități,1,56.0,56.0
ORD-202608-02102,Restaurantul Nostru,Ciorbă Rădăuțeană de Pui,Ciorbe & Supe,1,26.0,26.0
ORD-202608-02103,Restaurantul Nostru,Platou Cârnați Asortați,Cârnați & Platouri,1,95.0,95.0
ORD-202608-02103,Restaurantul Nostru,Salată Grecească,Salate,1,34.0,34.0
ORD-202608-02103,Restaurantul Nostru,Fasole Bătută cu Ceapă Călită,Aperitive & Gustări,1,20.0,20.0
ORD-202608-02104,Restaurantul Nostru,Fasole Bătută cu Ceapă Călită,Aperitive & Gustări,1,20.0,20.0
ORD-202608-02104,Restaurantul Nostru,Sarmale Românești în Foi de Varză (4 buc),Mâncăruri Gătite & Specialități,1,44.0,44.0
ORD-202608-02104,Restaurantul Nostru,Ștrudel de Mere cu Sos de Vanilie,Desert,1,25.0,25.0
ORD-202608-02104,Restaurantul Nostru,Lava Cake cu Înghețată de Vanilie,Desert,1,28.0,28.0
ORD-202608-02105,Restaurantul Nostru,Ciorbă de Văcuță,Ciorbe & Supe,1,25.0,25.0
ORD-202608-02105,Restaurantul Nostru,Espresso Scurt / Lung Julius Meinl,Băuturi Răcoritoare & Cafea,1,12.0,12.0
ORD-202608-02105,Restaurantul Nostru,Șnițel Gigant de Pui Pane,Mâncăruri Gătite & Specialități,1,36.0,36.0
ORD-202608-02105,Restaurantul Nostru,Frăție de Mici & Cârnați,Preparate la Grătar & Mici,1,54.0,54.0
ORD-202608-02105,Restaurantul Nostru,Pachet Vinul Casei Fetească Regală 1L,Băuturi Alcoolice & Bere,1,55.0,55.0
ORD-202608-02106,Restaurantul Nostru,Ciorbă Rădăuțeană de Pui,Ciorbe & Supe,2,26.0,52.0
ORD-202608-02106,Restaurantul Nostru,Smântână Proaspătă 20%,Sosuri & Extra,1,5.0,5.0
ORD-202608-02106,Restaurantul Nostru,Salată de Vinete Coapte pe Plită,Aperitive & Gustări,1,24.0,24.0
ORD-202608-02107,Restaurantul Nostru,Ciorbă Rădăuțeană de Pui,Ciorbe & Supe,1,26.0,26.0
ORD-202608-02107,Restaurantul Nostru,Limonadă Proaspătă cu Miere și Mentă 0.5L,Băuturi Răcoritoare & Cafea,1,20.0,20.0
ORD-202608-02107,Restaurantul Nostru,Ciorbă de Văcuță,Ciorbe & Supe,1,25.0,25.0
ORD-202608-02107,Restaurantul Nostru,Platou Gustări Rece Tradiționale,Cârnați & Platouri,1,85.0,85.0
ORD-202608-02107,Restaurantul Nostru,Fasole Bătută cu Ceapă Călită,Aperitive & Gustări,1,20.0,20.0
ORD-202608-02108,Restaurantul Nostru,Ciorbă Rădăuțeană de Pui,Ciorbe & Supe,1,26.0,26.0
ORD-202608-02108,Restaurantul Nostru,Mămăliguță Caldă,Garnituri,2,8.0,16.0
ORD-202608-02108,Restaurantul Nostru,Coca-Cola / Coca-Cola Zero 0.33L,Băuturi Răcoritoare & Cafea,1,12.0,12.0
ORD-202608-02108,Restaurantul Nostru,Ciorbă de Văcuță,Ciorbe & Supe,1,25.0,25.0
ORD-202608-02108,Restaurantul Nostru,Bere Nepasteurizată Zăganu 0.5L,Băuturi Alcoolice & Bere,1,22.0,22.0
ORD-202608-02109,Restaurantul Nostru,Clătite cu Finetti și Banane (2 buc),Desert,1,22.0,22.0
ORD-202608-02109,Restaurantul Nostru,Muștar Clasic,Sosuri & Extra,2,4.0,8.0
ORD-202608-02110,Restaurantul Nostru,Ciorbă de Burtiță Tradițională,Ciorbe & Supe,2,28.0,56.0
ORD-202608-02110,Restaurantul Nostru,Bulz Ardelenesc la Grătar,Aperitive & Gustări,1,32.0,32.0
ORD-202608-02111,Restaurantul Nostru,Coș de Pâine de Casă,Sosuri & Extra,1,7.0,7.0
ORD-202608-02111,Restaurantul Nostru,Mămăliguță Caldă,Garnituri,3,8.0,24.0
ORD-202608-02111,Restaurantul Nostru,Clătite cu Finetti și Banane (2 buc),Desert,1,22.0,22.0
ORD-202608-02111,Restaurantul Nostru,Burger Casei cu Cartofi Prăjiți,Mâncăruri Gătite & Specialități,1,49.0,49.0
ORD-202608-02111,Restaurantul Nostru,Lava Cake cu Înghețată de Vanilie,Desert,1,28.0,28.0
ORD-202608-02112,Restaurantul Nostru,Șnițel Gigant de Pui Pane,Mâncăruri Gătite & Specialități,1,36.0,36.0
ORD-202608-02112,Restaurantul Nostru,Platou Boieresc (2-3 persoane),Cârnați & Platouri,2,145.0,290.0
ORD-202608-02112,Restaurantul Nostru,Bere Heineken 0.33L,Băuturi Alcoolice & Bere,1,16.0,16.0
ORD-202608-02112,Restaurantul Nostru,Pachet Vinul Casei Fetească Regală 1L,Băuturi Alcoolice & Bere,1,55.0,55.0
ORD-202608-02113,Restaurantul Nostru,Piept de Pui la Grătar,Preparate la Grătar & Mici,1,34.0,34.0
ORD-202608-02113,Restaurantul Nostru,Varză Călită în Vin cu Chimen,Garnituri,1,15.0,15.0
ORD-202608-02113,Restaurantul Nostru,Salată de Vinete Coapte pe Plită,Aperitive & Gustări,1,24.0,24.0
ORD-202608-02113,Restaurantul Nostru,Piure de Cartofi cu Unt,Garnituri,2,16.0,32.0
ORD-202608-02113,Restaurantul Nostru,Cappuccino cu Spumă de Lapte,Băuturi Răcoritoare & Cafea,1,15.0,15.0
ORD-202608-02114,Restaurantul Nostru,Sos Barbeque,Sosuri & Extra,2,6.0,12.0
ORD-202608-02114,Restaurantul Nostru,Supă Cremă de Legume cu Crutoane,Ciorbe & Supe,1,22.0,22.0
ORD-202608-02114,Restaurantul Nostru,Bere Nepasteurizată Zăganu 0.5L,Băuturi Alcoolice & Bere,2,22.0,44.0
ORD-202608-02114,Restaurantul Nostru,Cartofi Prăjiți cu Usturoi și Parmezan,Garnituri,2,18.0,36.0
ORD-202608-02114,Restaurantul Nostru,Iahnie de Fasole cu Bacon,Garnituri,1,16.0,16.0
ORD-202608-02115,Restaurantul Nostru,Supă Cremă de Legume cu Crutoane,Ciorbe & Supe,2,22.0,44.0
ORD-202608-02115,Restaurantul Nostru,Platou Boieresc (2-3 persoane),Cârnați & Platouri,1,145.0,145.0
ORD-202608-02115,Restaurantul Nostru,Ștrudel de Mere cu Sos de Vanilie,Desert,1,25.0,25.0
ORD-202608-02115,Restaurantul Nostru,Cartofi Prăjiți cu Usturoi și Parmezan,Garnituri,1,18.0,18.0
ORD-202608-02116,Restaurantul Nostru,Piure de Cartofi cu Unt,Garnituri,1,16.0,16.0
ORD-202608-02116,Restaurantul Nostru,Mici de Oaie și Vită (1 buc),Preparate la Grătar & Mici,1,8.5,8.5
ORD-202608-02116,Restaurantul Nostru,Fasole Bătută cu Ceapă Călită,Aperitive & Gustări,1,20.0,20.0
ORD-202608-02117,Restaurantul Nostru,Vin Purcari Rară Neagră Sticlă 0.75L,Băuturi Alcoolice & Bere,1,95.0,95.0
ORD-202608-02117,Restaurantul Nostru,Salată de Vinete Coapte pe Plită,Aperitive & Gustări,1,24.0,24.0
ORD-202608-02118,Restaurantul Nostru,Sos Barbeque,Sosuri & Extra,1,6.0,6.0
ORD-202608-02118,Restaurantul Nostru,Supă Cremă de Legume cu Crutoane,Ciorbe & Supe,1,22.0,22.0
ORD-202608-02118,Restaurantul Nostru,Smântână Proaspătă 20%,Sosuri & Extra,1,5.0,5.0
ORD-202608-02118,Restaurantul Nostru,Salată Grecească,Salate,1,34.0,34.0
ORD-202608-02119,Restaurantul Nostru,Frigărui de Berbecuț,Preparate la Grătar & Mici,2,58.0,116.0
ORD-202608-02119,Restaurantul Nostru,Supă Cremă de Legume cu Crutoane,Ciorbe & Supe,1,22.0,22.0
ORD-202608-02119,Restaurantul Nostru,Ciorbă de Văcuță,Ciorbe & Supe,1,25.0,25.0
ORD-202608-02119,Restaurantul Nostru,Sarmale Românești în Foi de Varză (4 buc),Mâncăruri Gătite & Specialități,2,44.0,88.0
ORD-202608-02120,Restaurantul Nostru,Ciorbă Rădăuțeană de Pui,Ciorbe & Supe,1,26.0,26.0
ORD-202608-02120,Restaurantul Nostru,Espresso Scurt / Lung Julius Meinl,Băuturi Răcoritoare & Cafea,1,12.0,12.0
ORD-202608-02120,Restaurantul Nostru,Frăție de Mici & Cârnați,Preparate la Grătar & Mici,1,54.0,54.0
ORD-202608-02120,Restaurantul Nostru,Pastramă de Oaie la Tigaie cu Mămăligă,Mâncăruri Gătite & Specialități,2,56.0,112.0
ORD-202608-02121,Restaurantul Nostru,Piept de Pui la Grătar,Preparate la Grătar & Mici,1,34.0,34.0
ORD-202608-02121,Restaurantul Nostru,Supă Cremă de Legume cu Crutoane,Ciorbe & Supe,1,22.0,22.0
ORD-202608-02122,Restaurantul Nostru,Ciorbă de Văcuță,Ciorbe & Supe,1,25.0,25.0
ORD-202608-02122,Restaurantul Nostru,Ciorbă Rădăuțeană de Pui,Ciorbe & Supe,1,26.0,26.0
ORD-202608-02122,Restaurantul Nostru,Clătite cu Finetti și Banane (2 buc),Desert,1,22.0,22.0
ORD-202608-02123,Restaurantul Nostru,Cașcaval Pane Crocant,Aperitive & Gustări,1,28.0,28.0
ORD-202608-02123,Restaurantul Nostru,Ciorbă de Perișoare,Ciorbe & Supe,1,24.0,24.0
ORD-202608-02124,Restaurantul Nostru,Salată Grecească,Salate,2,34.0,68.0
ORD-202608-02124,Restaurantul Nostru,Țuică de Prune Ardelenească 50ml,Băuturi Alcoolice & Bere,3,18.0,54.0
ORD-202608-02124,Restaurantul Nostru,Lava Cake cu Înghețată de Vanilie,Desert,1,28.0,28.0
ORD-202608-02124,Restaurantul Nostru,Mămăliguță Caldă,Garnituri,2,8.0,16.0
ORD-202608-02124,Restaurantul Nostru,Salată de Vinete Coapte pe Plită,Aperitive & Gustări,1,24.0,24.0
ORD-202608-02125,Restaurantul Nostru,Sos Barbeque,Sosuri & Extra,1,6.0,6.0
ORD-202608-02125,Restaurantul Nostru,Mici Românești de Vită-Porc (1 buc),Preparate la Grătar & Mici,1,7.5,7.5
ORD-202608-02126,Restaurantul Nostru,Varză Călită în Vin cu Chimen,Garnituri,1,15.0,15.0
ORD-202608-02126,Restaurantul Nostru,Mujdei de Usturoi Tradițional,Sosuri & Extra,1,5.0,5.0
ORD-202608-02126,Restaurantul Nostru,Pachet Vinul Casei Fetească Regală 1L,Băuturi Alcoolice & Bere,2,55.0,110.0
ORD-202608-02126,Restaurantul Nostru,Smântână Proaspătă 20%,Sosuri & Extra,1,5.0,5.0
ORD-202608-02126,Restaurantul Nostru,Platou Gustări Rece Tradiționale,Cârnați & Platouri,1,85.0,85.0
ORD-202608-02127,Restaurantul Nostru,Bulz Ardelenesc la Grătar,Aperitive & Gustări,1,32.0,32.0
ORD-202608-02127,Restaurantul Nostru,Bere Ciuc Premium la Draught 0.4L,Băuturi Alcoolice & Bere,1,14.0,14.0
ORD-202608-02127,Restaurantul Nostru,Tochitură Moldovenească cu Mămăligă,Mâncăruri Gătite & Specialități,1,48.0,48.0
ORD-202608-02127,Restaurantul Nostru,Muștar Clasic,Sosuri & Extra,1,4.0,4.0
ORD-202608-02128,Restaurantul Nostru,Bulz Ardelenesc la Grătar,Aperitive & Gustări,2,32.0,64.0
ORD-202608-02128,Restaurantul Nostru,Ciorbă Rădăuțeană de Pui,Ciorbe & Supe,1,26.0,26.0
ORD-202608-02128,Restaurantul Nostru,Frăție de Mici & Cârnați,Preparate la Grătar & Mici,1,54.0,54.0
ORD-202608-02129,Restaurantul Nostru,Ciorbă de Burtiță Tradițională,Ciorbe & Supe,1,28.0,28.0
ORD-202608-02129,Restaurantul Nostru,Cartofi Prăjiți cu Usturoi și Parmezan,Garnituri,1,18.0,18.0
ORD-202608-02130,Restaurantul Nostru,Pachet Vinul Casei Fetească Regală 1L,Băuturi Alcoolice & Bere,1,55.0,55.0
ORD-202608-02130,Restaurantul Nostru,Platou Cârnați Asortați,Cârnați & Platouri,1,95.0,95.0
ORD-202608-02130,Restaurantul Nostru,Salată de Ardei Copți,Salate,3,16.0,48.0
ORD-202608-02131,Restaurantul Nostru,Salată de Murături Asortate,Salate,3,14.0,42.0
ORD-202608-02131,Restaurantul Nostru,Ciorbă de Burtiță Tradițională,Ciorbe & Supe,1,28.0,28.0
ORD-202608-02132,Restaurantul Nostru,Bere Nepasteurizată Zăganu 0.5L,Băuturi Alcoolice & Bere,1,22.0,22.0
ORD-202608-02132,Restaurantul Nostru,Șnițel Gigant de Pui Pane,Mâncăruri Gătite & Specialități,2,36.0,72.0
ORD-202608-02132,Restaurantul Nostru,Salată de Ardei Copți,Salate,1,16.0,16.0
ORD-202608-02132,Restaurantul Nostru,Ștrudel de Mere cu Sos de Vanilie,Desert,1,25.0,25.0
ORD-202608-02133,Restaurantul Nostru,Burger Casei cu Cartofi Prăjiți,Mâncăruri Gătite & Specialități,1,49.0,49.0
ORD-202608-02133,Restaurantul Nostru,Supă Cremă de Legume cu Crutoane,Ciorbe & Supe,1,22.0,22.0
ORD-202608-02133,Restaurantul Nostru,Ceafă de Porc la Grătar,Preparate la Grătar & Mici,1,38.0,38.0
ORD-202608-02133,Restaurantul Nostru,Platou Gustări Rece Tradiționale,Cârnați & Platouri,1,85.0,85.0
ORD-202608-02134,Restaurantul Nostru,Cappuccino cu Spumă de Lapte,Băuturi Răcoritoare & Cafea,1,15.0,15.0
ORD-202608-02134,Restaurantul Nostru,Clătite cu Finetti și Banane (2 buc),Desert,2,22.0,44.0
ORD-202608-02134,Restaurantul Nostru,Salată de Murături Asortate,Salate,3,14.0,42.0
ORD-202608-02135,Restaurantul Nostru,Salată Grecească,Salate,1,34.0,34.0
ORD-202608-02135,Restaurantul Nostru,Șnițel Gigant de Pui Pane,Mâncăruri Gătite & Specialități,2,36.0,72.0
ORD-202608-02136,Restaurantul Nostru,Cașcaval Pane Crocant,Aperitive & Gustări,2,28.0,56.0
ORD-202608-02136,Restaurantul Nostru,Burger Casei cu Cartofi Prăjiți,Mâncăruri Gătite & Specialități,1,49.0,49.0
ORD-202608-02136,Restaurantul Nostru,Salată Caesar cu Pui la Grătar,Salate,1,38.0,38.0
ORD-202608-02137,Restaurantul Nostru,Bere Heineken 0.33L,Băuturi Alcoolice & Bere,1,16.0,16.0
ORD-202608-02137,Restaurantul Nostru,Ceafă de Porc la Grătar,Preparate la Grătar & Mici,1,38.0,38.0
ORD-202608-02137,Restaurantul Nostru,Frăție de Mici & Cârnați,Preparate la Grătar & Mici,1,54.0,54.0
ORD-202608-02138,Restaurantul Nostru,Burger Casei cu Cartofi Prăjiți,Mâncăruri Gătite & Specialități,1,49.0,49.0
ORD-202608-02138,Restaurantul Nostru,Șnițel Gigant de Pui Pane,Mâncăruri Gătite & Specialități,1,36.0,36.0
ORD-202608-02138,Restaurantul Nostru,Pastramă de Oaie la Tigaie cu Mămăligă,Mâncăruri Gătite & Specialități,1,56.0,56.0
ORD-202608-02139,Restaurantul Nostru,Platou Cârnați Asortați,Cârnați & Platouri,2,95.0,190.0
ORD-202608-02139,Restaurantul Nostru,Salată de Ardei Copți,Salate,1,16.0,16.0
ORD-202608-02139,Restaurantul Nostru,Supă Cremă de Legume cu Crutoane,Ciorbe & Supe,1,22.0,22.0
ORD-202608-02140,Restaurantul Nostru,Smântână Proaspătă 20%,Sosuri & Extra,1,5.0,5.0
ORD-202608-02140,Restaurantul Nostru,Bere Heineken 0.33L,Băuturi Alcoolice & Bere,1,16.0,16.0
ORD-202608-02140,Restaurantul Nostru,Cappuccino cu Spumă de Lapte,Băuturi Răcoritoare & Cafea,1,15.0,15.0
ORD-202608-02140,Restaurantul Nostru,Pachet Vinul Casei Fetească Regală 1L,Băuturi Alcoolice & Bere,1,55.0,55.0
ORD-202608-02140,Restaurantul Nostru,Iahnie de Fasole cu Bacon,Garnituri,1,16.0,16.0
ORD-202608-02141,Restaurantul Nostru,Pachet Vinul Casei Fetească Regală 1L,Băuturi Alcoolice & Bere,1,55.0,55.0
ORD-202608-02141,Restaurantul Nostru,Coca-Cola / Coca-Cola Zero 0.33L,Băuturi Răcoritoare & Cafea,2,12.0,24.0
ORD-202608-02142,Restaurantul Nostru,Coca-Cola / Coca-Cola Zero 0.33L,Băuturi Răcoritoare & Cafea,1,12.0,12.0
ORD-202608-02142,Restaurantul Nostru,Ciorbă de Perișoare,Ciorbe & Supe,3,24.0,72.0
ORD-202608-02143,Restaurantul Nostru,Mujdei de Usturoi Tradițional,Sosuri & Extra,2,5.0,10.0
ORD-202608-02143,Restaurantul Nostru,Platou Boieresc (2-3 persoane),Cârnați & Platouri,2,145.0,290.0
ORD-202608-02144,Restaurantul Nostru,Platou Gustări Rece Tradiționale,Cârnați & Platouri,1,85.0,85.0
ORD-202608-02144,Restaurantul Nostru,Salată Caesar cu Pui la Grătar,Salate,3,38.0,114.0
ORD-202608-02144,Restaurantul Nostru,Mujdei de Usturoi Tradițional,Sosuri & Extra,2,5.0,10.0
ORD-202608-02144,Restaurantul Nostru,Mici Românești de Vită-Porc (1 buc),Preparate la Grătar & Mici,1,7.5,7.5
ORD-202608-02144,Restaurantul Nostru,Iahnie de Fasole cu Bacon,Garnituri,2,16.0,32.0
ORD-202608-02145,Restaurantul Nostru,Cartofi Prăjiți cu Usturoi și Parmezan,Garnituri,1,18.0,18.0
ORD-202608-02145,Restaurantul Nostru,Șnițel Gigant de Pui Pane,Mâncăruri Gătite & Specialități,1,36.0,36.0
ORD-202608-02145,Restaurantul Nostru,Bulz Ardelenesc la Grătar,Aperitive & Gustări,1,32.0,32.0
ORD-202608-02145,Restaurantul Nostru,Limonadă Proaspătă cu Miere și Mentă 0.5L,Băuturi Răcoritoare & Cafea,1,20.0,20.0
ORD-202608-02146,Restaurantul Nostru,Salată de Murături Asortate,Salate,1,14.0,14.0
ORD-202608-02146,Restaurantul Nostru,Cartofi Prăjiți cu Usturoi și Parmezan,Garnituri,1,18.0,18.0
ORD-202608-02146,Restaurantul Nostru,Pachet Vinul Casei Fetească Regală 1L,Băuturi Alcoolice & Bere,1,55.0,55.0
ORD-202608-02147,Restaurantul Nostru,Salată de Ardei Copți,Salate,1,16.0,16.0
ORD-202608-02147,Restaurantul Nostru,Smântână Proaspătă 20%,Sosuri & Extra,1,5.0,5.0
ORD-202608-02147,Restaurantul Nostru,Cașcaval Pane Crocant,Aperitive & Gustări,1,28.0,28.0
ORD-202608-02147,Restaurantul Nostru,Ciorbă Rădăuțeană de Pui,Ciorbe & Supe,1,26.0,26.0
ORD-202608-02147,Restaurantul Nostru,Platou Gustări Rece Tradiționale,Cârnați & Platouri,1,85.0,85.0
ORD-202608-02148,Restaurantul Nostru,Apă Minerală / Plată Borsec 0.5L,Băuturi Răcoritoare & Cafea,1,10.0,10.0
ORD-202608-02148,Restaurantul Nostru,Platou Gustări Rece Tradiționale,Cârnați & Platouri,1,85.0,85.0
ORD-202608-02148,Restaurantul Nostru,Mici de Oaie și Vită (1 buc),Preparate la Grătar & Mici,1,8.5,8.5
ORD-202608-02149,Restaurantul Nostru,Ciorbă de Văcuță,Ciorbe & Supe,1,25.0,25.0
ORD-202608-02149,Restaurantul Nostru,Ceafă de Porc la Grătar,Preparate la Grătar & Mici,1,38.0,38.0
ORD-202608-02149,Restaurantul Nostru,Platou Cârnați Asortați,Cârnați & Platouri,2,95.0,190.0
ORD-202608-02149,Restaurantul Nostru,Frigărui de Berbecuț,Preparate la Grătar & Mici,2,58.0,116.0
ORD-202608-02150,Restaurantul Nostru,Mujdei de Usturoi Tradițional,Sosuri & Extra,1,5.0,5.0
ORD-202608-02150,Restaurantul Nostru,Sos Barbeque,Sosuri & Extra,1,6.0,6.0
ORD-202608-02151,Restaurantul Nostru,Salată Caesar cu Pui la Grătar,Salate,1,38.0,38.0
ORD-202608-02151,Restaurantul Nostru,Salată de Ardei Copți,Salate,1,16.0,16.0
ORD-202608-02152,Restaurantul Nostru,Salată de Ardei Copți,Salate,1,16.0,16.0
ORD-202608-02152,Restaurantul Nostru,Cârnați Picanți de Pleșcoi,Cârnați & Platouri,2,42.0,84.0
ORD-202608-02152,Restaurantul Nostru,Ciorbă de Văcuță,Ciorbe & Supe,1,25.0,25.0
ORD-202608-02153,Restaurantul Nostru,Salată de Vinete Coapte pe Plită,Aperitive & Gustări,1,24.0,24.0
ORD-202608-02153,Restaurantul Nostru,Papanași cu Smântână și Dulceață de Afine (2 buc),Desert,1,32.0,32.0
ORD-202608-02154,Restaurantul Nostru,Mămăliguță Caldă,Garnituri,1,8.0,8.0
ORD-202608-02154,Restaurantul Nostru,Sos Barbeque,Sosuri & Extra,1,6.0,6.0
ORD-202608-02154,Restaurantul Nostru,Salată de Ardei Copți,Salate,1,16.0,16.0
ORD-202608-02154,Restaurantul Nostru,Piure de Cartofi cu Unt,Garnituri,1,16.0,16.0
ORD-202608-02155,Restaurantul Nostru,Espresso Scurt / Lung Julius Meinl,Băuturi Răcoritoare & Cafea,1,12.0,12.0
ORD-202608-02155,Restaurantul Nostru,Sarmale Românești în Foi de Varză (4 buc),Mâncăruri Gătite & Specialități,1,44.0,44.0
ORD-202608-02155,Restaurantul Nostru,Ciorbă Rădăuțeană de Pui,Ciorbe & Supe,1,26.0,26.0
ORD-202608-02156,Restaurantul Nostru,Pachet Vinul Casei Fetească Regală 1L,Băuturi Alcoolice & Bere,1,55.0,55.0
ORD-202608-02156,Restaurantul Nostru,Piure de Cartofi cu Unt,Garnituri,1,16.0,16.0
ORD-202608-02156,Restaurantul Nostru,Șnițel Gigant de Pui Pane,Mâncăruri Gătite & Specialități,1,36.0,36.0
ORD-202608-02157,Restaurantul Nostru,Espresso Scurt / Lung Julius Meinl,Băuturi Răcoritoare & Cafea,1,12.0,12.0
ORD-202608-02157,Restaurantul Nostru,Clătite cu Finetti și Banane (2 buc),Desert,1,22.0,22.0
ORD-202608-02158,Restaurantul Nostru,Bere Ciuc Premium la Draught 0.4L,Băuturi Alcoolice & Bere,1,14.0,14.0
ORD-202608-02158,Restaurantul Nostru,Lava Cake cu Înghețată de Vanilie,Desert,1,28.0,28.0
ORD-202608-02159,Restaurantul Nostru,Cârnați Picanți de Pleșcoi,Cârnați & Platouri,1,42.0,42.0
ORD-202608-02159,Restaurantul Nostru,Frăție de Mici & Cârnați,Preparate la Grătar & Mici,1,54.0,54.0
ORD-202608-02159,Restaurantul Nostru,Papanași cu Smântână și Dulceață de Afine (2 buc),Desert,1,32.0,32.0
ORD-202608-02159,Restaurantul Nostru,Pastramă de Oaie la Tigaie cu Mămăligă,Mâncăruri Gătite & Specialități,1,56.0,56.0
ORD-202608-02160,Restaurantul Nostru,Pachet Vinul Casei Fetească Regală 1L,Băuturi Alcoolice & Bere,1,55.0,55.0
ORD-202608-02160,Restaurantul Nostru,Tochitură Moldovenească cu Mămăligă,Mâncăruri Gătite & Specialități,1,48.0,48.0
ORD-202608-02160,Restaurantul Nostru,Cașcaval Pane Crocant,Aperitive & Gustări,1,28.0,28.0
ORD-202608-02160,Restaurantul Nostru,Supă Cremă de Legume cu Crutoane,Ciorbe & Supe,1,22.0,22.0
ORD-202608-02161,Restaurantul Nostru,Șnițel Gigant de Pui Pane,Mâncăruri Gătite & Specialități,1,36.0,36.0
ORD-202608-02161,Restaurantul Nostru,Papanași cu Smântână și Dulceață de Afine (2 buc),Desert,2,32.0,64.0
ORD-202608-02161,Restaurantul Nostru,Clătite cu Finetti și Banane (2 buc),Desert,1,22.0,22.0
ORD-202608-02161,Restaurantul Nostru,Muștar Clasic,Sosuri & Extra,1,4.0,4.0
ORD-202608-02162,Restaurantul Nostru,Ciorbă de Văcuță,Ciorbe & Supe,1,25.0,25.0
ORD-202608-02162,Restaurantul Nostru,Ceafă de Porc la Grătar,Preparate la Grătar & Mici,1,38.0,38.0
ORD-202608-02162,Restaurantul Nostru,Piept de Pui la Grătar,Preparate la Grătar & Mici,1,34.0,34.0
ORD-202608-02162,Restaurantul Nostru,Vin Purcari Rară Neagră Sticlă 0.75L,Băuturi Alcoolice & Bere,1,95.0,95.0
ORD-202608-02162,Restaurantul Nostru,Bere Heineken 0.33L,Băuturi Alcoolice & Bere,3,16.0,48.0
ORD-202608-02163,Restaurantul Nostru,Burger Casei cu Cartofi Prăjiți,Mâncăruri Gătite & Specialități,1,49.0,49.0
ORD-202608-02163,Restaurantul Nostru,Ciorbă de Burtiță Tradițională,Ciorbe & Supe,1,28.0,28.0
ORD-202608-02163,Restaurantul Nostru,Limonadă Proaspătă cu Miere și Mentă 0.5L,Băuturi Răcoritoare & Cafea,1,20.0,20.0
ORD-202608-02163,Restaurantul Nostru,Apă Minerală / Plată Borsec 0.5L,Băuturi Răcoritoare & Cafea,1,10.0,10.0
ORD-202608-02164,Restaurantul Nostru,Salată de Ardei Copți,Salate,2,16.0,32.0
ORD-202608-02164,Restaurantul Nostru,Bere Nepasteurizată Zăganu 0.5L,Băuturi Alcoolice & Bere,1,22.0,22.0
ORD-202608-02164,Restaurantul Nostru,Lava Cake cu Înghețată de Vanilie,Desert,1,28.0,28.0
ORD-202608-02164,Restaurantul Nostru,Țuică de Prune Ardelenească 50ml,Băuturi Alcoolice & Bere,1,18.0,18.0
ORD-202608-02164,Restaurantul Nostru,Salată Caesar cu Pui la Grătar,Salate,1,38.0,38.0
ORD-202608-02165,Restaurantul Nostru,Bulz Ardelenesc la Grătar,Aperitive & Gustări,1,32.0,32.0
ORD-202608-02165,Restaurantul Nostru,Piure de Cartofi cu Unt,Garnituri,2,16.0,32.0
ORD-202608-02165,Restaurantul Nostru,Sos Barbeque,Sosuri & Extra,1,6.0,6.0
ORD-202608-02166,Restaurantul Nostru,Salată Caesar cu Pui la Grătar,Salate,1,38.0,38.0
ORD-202608-02166,Restaurantul Nostru,Vin Purcari Rară Neagră Sticlă 0.75L,Băuturi Alcoolice & Bere,1,95.0,95.0
ORD-202608-02166,Restaurantul Nostru,Salată de Vinete Coapte pe Plită,Aperitive & Gustări,1,24.0,24.0
ORD-202608-02166,Restaurantul Nostru,Bere Ciuc Premium la Draught 0.4L,Băuturi Alcoolice & Bere,1,14.0,14.0
ORD-202608-02167,Restaurantul Nostru,Ciolan de Porc Rumexit la Cuptor,Mâncăruri Gătite & Specialități,2,78.0,156.0
ORD-202608-02167,Restaurantul Nostru,Salată de Vinete Coapte pe Plită,Aperitive & Gustări,1,24.0,24.0
ORD-202608-02167,Restaurantul Nostru,Ceafă de Porc la Grătar,Preparate la Grătar & Mici,1,38.0,38.0
ORD-202608-02167,Restaurantul Nostru,Salată Caesar cu Pui la Grătar,Salate,2,38.0,76.0
ORD-202608-02167,Restaurantul Nostru,Frigărui de Berbecuț,Preparate la Grătar & Mici,2,58.0,116.0
ORD-202608-02168,Restaurantul Nostru,Vin Purcari Rară Neagră Sticlă 0.75L,Băuturi Alcoolice & Bere,1,95.0,95.0
ORD-202608-02168,Restaurantul Nostru,Lava Cake cu Înghețată de Vanilie,Desert,1,28.0,28.0
ORD-202608-02168,Restaurantul Nostru,Platou Boieresc (2-3 persoane),Cârnați & Platouri,2,145.0,290.0
ORD-202608-02168,Restaurantul Nostru,Coș de Pâine de Casă,Sosuri & Extra,1,7.0,7.0
ORD-202608-02169,Restaurantul Nostru,Ciorbă de Perișoare,Ciorbe & Supe,1,24.0,24.0
ORD-202608-02169,Restaurantul Nostru,Mujdei de Usturoi Tradițional,Sosuri & Extra,1,5.0,5.0
ORD-202608-02169,Restaurantul Nostru,Mămăliguță Caldă,Garnituri,3,8.0,24.0
ORD-202608-02169,Restaurantul Nostru,Cappuccino cu Spumă de Lapte,Băuturi Răcoritoare & Cafea,1,15.0,15.0
ORD-202608-02169,Restaurantul Nostru,Papanași cu Smântână și Dulceață de Afine (2 buc),Desert,1,32.0,32.0
ORD-202608-02170,Restaurantul Nostru,Pachet Vinul Casei Fetească Regală 1L,Băuturi Alcoolice & Bere,1,55.0,55.0
ORD-202608-02170,Restaurantul Nostru,Șnițel Gigant de Pui Pane,Mâncăruri Gătite & Specialități,1,36.0,36.0
ORD-202608-02170,Restaurantul Nostru,Coca-Cola / Coca-Cola Zero 0.33L,Băuturi Răcoritoare & Cafea,1,12.0,12.0
ORD-202608-02171,Restaurantul Nostru,Ciolan de Porc Rumexit la Cuptor,Mâncăruri Gătite & Specialități,1,78.0,78.0
ORD-202608-02171,Restaurantul Nostru,Supă Cremă de Legume cu Crutoane,Ciorbe & Supe,1,22.0,22.0
ORD-202608-02171,Restaurantul Nostru,Sos Barbeque,Sosuri & Extra,1,6.0,6.0
ORD-202608-02171,Restaurantul Nostru,Apă Minerală / Plată Borsec 0.5L,Băuturi Răcoritoare & Cafea,1,10.0,10.0
ORD-202608-02172,Restaurantul Nostru,Cartofi Prăjiți cu Usturoi și Parmezan,Garnituri,2,18.0,36.0
ORD-202608-02172,Restaurantul Nostru,Bere Heineken 0.33L,Băuturi Alcoolice & Bere,1,16.0,16.0
ORD-202608-02172,Restaurantul Nostru,Ciorbă de Perișoare,Ciorbe & Supe,1,24.0,24.0
ORD-202608-02172,Restaurantul Nostru,Țuică de Prune Ardelenească 50ml,Băuturi Alcoolice & Bere,1,18.0,18.0
ORD-202608-02173,Restaurantul Nostru,Coș de Pâine de Casă,Sosuri & Extra,2,7.0,14.0
ORD-202608-02173,Restaurantul Nostru,Sos Barbeque,Sosuri & Extra,1,6.0,6.0
ORD-202608-02174,Restaurantul Nostru,Ștrudel de Mere cu Sos de Vanilie,Desert,1,25.0,25.0
ORD-202608-02174,Restaurantul Nostru,Vin Purcari Rară Neagră Sticlă 0.75L,Băuturi Alcoolice & Bere,1,95.0,95.0
ORD-202608-02174,Restaurantul Nostru,Platou Boieresc (2-3 persoane),Cârnați & Platouri,1,145.0,145.0
ORD-202608-02174,Restaurantul Nostru,Iahnie de Fasole cu Bacon,Garnituri,1,16.0,16.0
ORD-202608-02175,Restaurantul Nostru,Clătite cu Finetti și Banane (2 buc),Desert,1,22.0,22.0
ORD-202608-02175,Restaurantul Nostru,Piept de Pui la Grătar,Preparate la Grătar & Mici,1,34.0,34.0
ORD-202608-02175,Restaurantul Nostru,Platou Boieresc (2-3 persoane),Cârnați & Platouri,1,145.0,145.0
ORD-202608-02175,Restaurantul Nostru,Limonadă Proaspătă cu Miere și Mentă 0.5L,Băuturi Răcoritoare & Cafea,1,20.0,20.0
ORD-202608-02175,Restaurantul Nostru,Fasole Bătută cu Ceapă Călită,Aperitive & Gustări,1,20.0,20.0
ORD-202608-02176,Restaurantul Nostru,Mici Românești de Vită-Porc (1 buc),Preparate la Grătar & Mici,1,7.5,7.5
ORD-202608-02176,Restaurantul Nostru,Cașcaval Pane Crocant,Aperitive & Gustări,1,28.0,28.0
ORD-202608-02177,Restaurantul Nostru,Mici de Oaie și Vită (1 buc),Preparate la Grătar & Mici,1,8.5,8.5
ORD-202608-02177,Restaurantul Nostru,Mămăliguță Caldă,Garnituri,1,8.0,8.0
ORD-202608-02178,Restaurantul Nostru,Salată Caesar cu Pui la Grătar,Salate,1,38.0,38.0
ORD-202608-02178,Restaurantul Nostru,Mămăliguță Caldă,Garnituri,3,8.0,24.0
ORD-202608-02178,Restaurantul Nostru,Ceafă de Porc la Grătar,Preparate la Grătar & Mici,2,38.0,76.0
ORD-202608-02179,Restaurantul Nostru,Bulz Ardelenesc la Grătar,Aperitive & Gustări,2,32.0,64.0
ORD-202608-02179,Restaurantul Nostru,Ștrudel de Mere cu Sos de Vanilie,Desert,2,25.0,50.0
ORD-202608-02180,Restaurantul Nostru,Cartofi Prăjiți cu Usturoi și Parmezan,Garnituri,2,18.0,36.0
ORD-202608-02180,Restaurantul Nostru,Salată Caesar cu Pui la Grătar,Salate,1,38.0,38.0
ORD-202608-02181,Restaurantul Nostru,Varză Călită în Vin cu Chimen,Garnituri,1,15.0,15.0
ORD-202608-02181,Restaurantul Nostru,Fasole Bătută cu Ceapă Călită,Aperitive & Gustări,1,20.0,20.0
ORD-202608-02182,Restaurantul Nostru,Ciorbă Rădăuțeană de Pui,Ciorbe & Supe,1,26.0,26.0
ORD-202608-02182,Restaurantul Nostru,Salată Caesar cu Pui la Grătar,Salate,1,38.0,38.0
ORD-202608-02182,Restaurantul Nostru,Ciorbă de Văcuță,Ciorbe & Supe,1,25.0,25.0
ORD-202608-02182,Restaurantul Nostru,Sos Barbeque,Sosuri & Extra,1,6.0,6.0
ORD-202608-02182,Restaurantul Nostru,Ciorbă de Perișoare,Ciorbe & Supe,1,24.0,24.0
ORD-202608-02183,Restaurantul Nostru,Platou Boieresc (2-3 persoane),Cârnați & Platouri,1,145.0,145.0
ORD-202608-02183,Restaurantul Nostru,Supă Cremă de Legume cu Crutoane,Ciorbe & Supe,1,22.0,22.0
ORD-202608-02183,Restaurantul Nostru,Sos Barbeque,Sosuri & Extra,1,6.0,6.0
ORD-202608-02184,Restaurantul Nostru,Varză Călită în Vin cu Chimen,Garnituri,2,15.0,30.0
ORD-202608-02184,Restaurantul Nostru,Salată de Murături Asortate,Salate,1,14.0,14.0
ORD-202608-02184,Restaurantul Nostru,Cappuccino cu Spumă de Lapte,Băuturi Răcoritoare & Cafea,1,15.0,15.0
ORD-202608-02184,Restaurantul Nostru,Limonadă Proaspătă cu Miere și Mentă 0.5L,Băuturi Răcoritoare & Cafea,1,20.0,20.0
ORD-202608-02184,Restaurantul Nostru,Coș de Pâine de Casă,Sosuri & Extra,1,7.0,7.0
ORD-202608-02185,Restaurantul Nostru,Pastramă de Oaie la Tigaie cu Mămăligă,Mâncăruri Gătite & Specialități,1,56.0,56.0
ORD-202608-02185,Restaurantul Nostru,Coca-Cola / Coca-Cola Zero 0.33L,Băuturi Răcoritoare & Cafea,1,12.0,12.0
ORD-202608-02186,Restaurantul Nostru,Mici Românești de Vită-Porc (1 buc),Preparate la Grătar & Mici,3,7.5,22.5
ORD-202608-02186,Restaurantul Nostru,Salată Caesar cu Pui la Grătar,Salate,1,38.0,38.0
ORD-202608-02186,Restaurantul Nostru,Papanași cu Smântână și Dulceață de Afine (2 buc),Desert,1,32.0,32.0
ORD-202608-02186,Restaurantul Nostru,Cartofi Prăjiți cu Usturoi și Parmezan,Garnituri,1,18.0,18.0
ORD-202608-02186,Restaurantul Nostru,Muștar Clasic,Sosuri & Extra,1,4.0,4.0
ORD-202608-02187,Restaurantul Nostru,Salată de Ardei Copți,Salate,2,16.0,32.0
ORD-202608-02187,Restaurantul Nostru,Lava Cake cu Înghețată de Vanilie,Desert,1,28.0,28.0
ORD-202608-02187,Restaurantul Nostru,Smântână Proaspătă 20%,Sosuri & Extra,1,5.0,5.0
ORD-202608-02187,Restaurantul Nostru,Pachet Vinul Casei Fetească Regală 1L,Băuturi Alcoolice & Bere,1,55.0,55.0
ORD-202608-02187,Restaurantul Nostru,Clătite cu Finetti și Banane (2 buc),Desert,1,22.0,22.0
ORD-202608-02188,Restaurantul Nostru,Apă Minerală / Plată Borsec 0.5L,Băuturi Răcoritoare & Cafea,1,10.0,10.0
ORD-202608-02188,Restaurantul Nostru,Ceafă de Porc la Grătar,Preparate la Grătar & Mici,1,38.0,38.0
ORD-202608-02188,Restaurantul Nostru,Fasole Bătută cu Ceapă Călită,Aperitive & Gustări,1,20.0,20.0
ORD-202608-02188,Restaurantul Nostru,Supă Cremă de Legume cu Crutoane,Ciorbe & Supe,1,22.0,22.0
ORD-202608-02189,Restaurantul Nostru,Mici de Oaie și Vită (1 buc),Preparate la Grătar & Mici,1,8.5,8.5
ORD-202608-02189,Restaurantul Nostru,Bulz Ardelenesc la Grătar,Aperitive & Gustări,1,32.0,32.0
ORD-202608-02189,Restaurantul Nostru,Ștrudel de Mere cu Sos de Vanilie,Desert,1,25.0,25.0
ORD-202608-02189,Restaurantul Nostru,Țuică de Prune Ardelenească 50ml,Băuturi Alcoolice & Bere,1,18.0,18.0
ORD-202608-02190,Restaurantul Nostru,Vin Purcari Rară Neagră Sticlă 0.75L,Băuturi Alcoolice & Bere,1,95.0,95.0
ORD-202608-02190,Restaurantul Nostru,Smântână Proaspătă 20%,Sosuri & Extra,1,5.0,5.0
ORD-202608-02190,Restaurantul Nostru,Sarmale Românești în Foi de Varză (4 buc),Mâncăruri Gătite & Specialități,1,44.0,44.0
ORD-202608-02190,Restaurantul Nostru,Coș de Pâine de Casă,Sosuri & Extra,1,7.0,7.0
ORD-202608-02190,Restaurantul Nostru,Frăție de Mici & Cârnați,Preparate la Grătar & Mici,2,54.0,108.0
ORD-202608-02191,Restaurantul Nostru,Ciorbă de Văcuță,Ciorbe & Supe,1,25.0,25.0
ORD-202608-02191,Restaurantul Nostru,Frigărui de Berbecuț,Preparate la Grătar & Mici,2,58.0,116.0
ORD-202608-02191,Restaurantul Nostru,Frăție de Mici & Cârnați,Preparate la Grătar & Mici,2,54.0,108.0
ORD-202608-02191,Restaurantul Nostru,Platou Boieresc (2-3 persoane),Cârnați & Platouri,1,145.0,145.0
ORD-202608-02191,Restaurantul Nostru,Fasole Bătută cu Ceapă Călită,Aperitive & Gustări,1,20.0,20.0
ORD-202608-02192,Restaurantul Nostru,Salată de Ardei Copți,Salate,1,16.0,16.0
ORD-202608-02192,Restaurantul Nostru,Salată de Murături Asortate,Salate,1,14.0,14.0
ORD-202608-02192,Restaurantul Nostru,Frăție de Mici & Cârnați,Preparate la Grătar & Mici,1,54.0,54.0
ORD-202608-02192,Restaurantul Nostru,Smântână Proaspătă 20%,Sosuri & Extra,3,5.0,15.0
ORD-202608-02192,Restaurantul Nostru,Sarmale Românești în Foi de Varză (4 buc),Mâncăruri Gătite & Specialități,2,44.0,88.0
ORD-202608-02193,Restaurantul Nostru,Mici Românești de Vită-Porc (1 buc),Preparate la Grătar & Mici,1,7.5,7.5
ORD-202608-02193,Restaurantul Nostru,Pastramă de Oaie la Tigaie cu Mămăligă,Mâncăruri Gătite & Specialități,1,56.0,56.0
ORD-202608-02193,Restaurantul Nostru,Bere Heineken 0.33L,Băuturi Alcoolice & Bere,1,16.0,16.0
ORD-202608-02193,Restaurantul Nostru,Salată de Vinete Coapte pe Plită,Aperitive & Gustări,1,24.0,24.0
ORD-202608-02194,Restaurantul Nostru,Coca-Cola / Coca-Cola Zero 0.33L,Băuturi Răcoritoare & Cafea,2,12.0,24.0
ORD-202608-02194,Restaurantul Nostru,Ciorbă Rădăuțeană de Pui,Ciorbe & Supe,1,26.0,26.0
ORD-202608-02194,Restaurantul Nostru,Bere Ciuc Premium la Draught 0.4L,Băuturi Alcoolice & Bere,1,14.0,14.0
ORD-202608-02195,Restaurantul Nostru,Iahnie de Fasole cu Bacon,Garnituri,1,16.0,16.0
ORD-202608-02195,Restaurantul Nostru,Pastramă de Oaie la Tigaie cu Mămăligă,Mâncăruri Gătite & Specialități,2,56.0,112.0
ORD-202608-02195,Restaurantul Nostru,Mujdei de Usturoi Tradițional,Sosuri & Extra,1,5.0,5.0
ORD-202608-02196,Restaurantul Nostru,Smântână Proaspătă 20%,Sosuri & Extra,2,5.0,10.0
ORD-202608-02196,Restaurantul Nostru,Platou Gustări Rece Tradiționale,Cârnați & Platouri,1,85.0,85.0
ORD-202608-02196,Restaurantul Nostru,Espresso Scurt / Lung Julius Meinl,Băuturi Răcoritoare & Cafea,1,12.0,12.0
ORD-202608-02196,Restaurantul Nostru,Ciorbă de Văcuță,Ciorbe & Supe,1,25.0,25.0
ORD-202608-02197,Restaurantul Nostru,Mujdei de Usturoi Tradițional,Sosuri & Extra,1,5.0,5.0
ORD-202608-02197,Restaurantul Nostru,Iahnie de Fasole cu Bacon,Garnituri,1,16.0,16.0
ORD-202608-02197,Restaurantul Nostru,Papanași cu Smântână și Dulceață de Afine (2 buc),Desert,1,32.0,32.0
ORD-202608-02197,Restaurantul Nostru,Coca-Cola / Coca-Cola Zero 0.33L,Băuturi Răcoritoare & Cafea,1,12.0,12.0
ORD-202608-02197,Restaurantul Nostru,Mămăliguță Caldă,Garnituri,1,8.0,8.0
ORD-202608-02198,Restaurantul Nostru,Salată de Vinete Coapte pe Plită,Aperitive & Gustări,1,24.0,24.0
ORD-202608-02198,Restaurantul Nostru,Sarmale Românești în Foi de Varză (4 buc),Mâncăruri Gătite & Specialități,1,44.0,44.0
ORD-202608-02198,Restaurantul Nostru,Ciolan de Porc Rumexit la Cuptor,Mâncăruri Gătite & Specialități,2,78.0,156.0
ORD-202608-02199,Restaurantul Nostru,Supă Cremă de Legume cu Crutoane,Ciorbe & Supe,1,22.0,22.0
ORD-202608-02199,Restaurantul Nostru,Mici Românești de Vită-Porc (1 buc),Preparate la Grătar & Mici,1,7.5,7.5
ORD-202608-02199,Restaurantul Nostru,Ciolan de Porc Rumexit la Cuptor,Mâncăruri Gătite & Specialități,1,78.0,78.0
ORD-202608-02200,Restaurantul Nostru,Ciorbă Rădăuțeană de Pui,Ciorbe & Supe,1,26.0,26.0
ORD-202608-02200,Restaurantul Nostru,Bulz Ardelenesc la Grătar,Aperitive & Gustări,1,32.0,32.0
ORD-202608-02200,Restaurantul Nostru,Salată de Ardei Copți,Salate,1,16.0,16.0
ORD-202608-02201,Restaurantul Nostru,Burger Casei cu Cartofi Prăjiți,Mâncăruri Gătite & Specialități,1,49.0,49.0
ORD-202608-02201,Restaurantul Nostru,Ciolan de Porc Rumexit la Cuptor,Mâncăruri Gătite & Specialități,1,78.0,78.0
ORD-202608-02201,Restaurantul Nostru,Țuică de Prune Ardelenească 50ml,Băuturi Alcoolice & Bere,2,18.0,36.0
ORD-202608-02202,Restaurantul Nostru,Muștar Clasic,Sosuri & Extra,3,4.0,12.0
ORD-202608-02202,Restaurantul Nostru,Ciorbă de Perișoare,Ciorbe & Supe,2,24.0,48.0
ORD-202608-02202,Restaurantul Nostru,Frigărui de Berbecuț,Preparate la Grătar & Mici,1,58.0,58.0
ORD-202608-02203,Restaurantul Nostru,Iahnie de Fasole cu Bacon,Garnituri,2,16.0,32.0
ORD-202608-02203,Restaurantul Nostru,Piept de Pui la Grătar,Preparate la Grătar & Mici,1,34.0,34.0
ORD-202608-02203,Restaurantul Nostru,Vin Purcari Rară Neagră Sticlă 0.75L,Băuturi Alcoolice & Bere,1,95.0,95.0
ORD-202608-02203,Restaurantul Nostru,Smântână Proaspătă 20%,Sosuri & Extra,1,5.0,5.0
ORD-202608-02203,Restaurantul Nostru,Salată de Murături Asortate,Salate,1,14.0,14.0
ORD-202608-02204,Restaurantul Nostru,Lava Cake cu Înghețată de Vanilie,Desert,1,28.0,28.0
ORD-202608-02204,Restaurantul Nostru,Platou Gustări Rece Tradiționale,Cârnați & Platouri,1,85.0,85.0
ORD-202608-02204,Restaurantul Nostru,Cârnați Picanți de Pleșcoi,Cârnați & Platouri,2,42.0,84.0
ORD-202608-02204,Restaurantul Nostru,Limonadă Proaspătă cu Miere și Mentă 0.5L,Băuturi Răcoritoare & Cafea,1,20.0,20.0
ORD-202608-02204,Restaurantul Nostru,Cașcaval Pane Crocant,Aperitive & Gustări,1,28.0,28.0
ORD-202608-02205,Restaurantul Nostru,Coș de Pâine de Casă,Sosuri & Extra,1,7.0,7.0
ORD-202608-02205,Restaurantul Nostru,Platou Gustări Rece Tradiționale,Cârnați & Platouri,2,85.0,170.0
ORD-202608-02206,Restaurantul Nostru,Smântână Proaspătă 20%,Sosuri & Extra,1,5.0,5.0
ORD-202608-02206,Restaurantul Nostru,Tochitură Moldovenească cu Mămăligă,Mâncăruri Gătite & Specialități,1,48.0,48.0
ORD-202608-02206,Restaurantul Nostru,Salată de Vinete Coapte pe Plită,Aperitive & Gustări,1,24.0,24.0
ORD-202608-02206,Restaurantul Nostru,Apă Minerală / Plată Borsec 0.5L,Băuturi Răcoritoare & Cafea,1,10.0,10.0
ORD-202608-02206,Restaurantul Nostru,Vin Purcari Rară Neagră Sticlă 0.75L,Băuturi Alcoolice & Bere,2,95.0,190.0
ORD-202608-02207,Restaurantul Nostru,Salată de Ardei Copți,Salate,1,16.0,16.0
ORD-202608-02207,Restaurantul Nostru,Coca-Cola / Coca-Cola Zero 0.33L,Băuturi Răcoritoare & Cafea,1,12.0,12.0
ORD-202608-02207,Restaurantul Nostru,Varză Călită în Vin cu Chimen,Garnituri,1,15.0,15.0
ORD-202608-02208,Restaurantul Nostru,Platou Boieresc (2-3 persoane),Cârnați & Platouri,1,145.0,145.0
ORD-202608-02208,Restaurantul Nostru,Bulz Ardelenesc la Grătar,Aperitive & Gustări,2,32.0,64.0
ORD-202608-02208,Restaurantul Nostru,Platou Gustări Rece Tradiționale,Cârnați & Platouri,2,85.0,170.0
ORD-202608-02208,Restaurantul Nostru,Mujdei de Usturoi Tradițional,Sosuri & Extra,1,5.0,5.0
ORD-202608-02208,Restaurantul Nostru,Cartofi Prăjiți cu Usturoi și Parmezan,Garnituri,1,18.0,18.0
ORD-202608-02209,Restaurantul Nostru,Salată Grecească,Salate,1,34.0,34.0
ORD-202608-02209,Restaurantul Nostru,Coș de Pâine de Casă,Sosuri & Extra,1,7.0,7.0
ORD-202608-02209,Restaurantul Nostru,Papanași cu Smântână și Dulceață de Afine (2 buc),Desert,1,32.0,32.0
ORD-202608-02209,Restaurantul Nostru,Iahnie de Fasole cu Bacon,Garnituri,1,16.0,16.0
ORD-202608-02210,Restaurantul Nostru,Salată Caesar cu Pui la Grătar,Salate,1,38.0,38.0
ORD-202608-02210,Restaurantul Nostru,Ciorbă de Burtiță Tradițională,Ciorbe & Supe,1,28.0,28.0
ORD-202608-02210,Restaurantul Nostru,Muștar Clasic,Sosuri & Extra,1,4.0,4.0
ORD-202608-02210,Restaurantul Nostru,Piept de Pui la Grătar,Preparate la Grătar & Mici,2,34.0,68.0
ORD-202608-02210,Restaurantul Nostru,Pachet Vinul Casei Fetească Regală 1L,Băuturi Alcoolice & Bere,1,55.0,55.0
ORD-202608-02211,Restaurantul Nostru,Pastramă de Oaie la Tigaie cu Mămăligă,Mâncăruri Gătite & Specialități,1,56.0,56.0
ORD-202608-02211,Restaurantul Nostru,Frăție de Mici & Cârnați,Preparate la Grătar & Mici,1,54.0,54.0
ORD-202608-02212,Restaurantul Nostru,Mici Românești de Vită-Porc (1 buc),Preparate la Grătar & Mici,1,7.5,7.5
ORD-202608-02212,Restaurantul Nostru,Ciorbă de Văcuță,Ciorbe & Supe,1,25.0,25.0
ORD-202608-02212,Restaurantul Nostru,Espresso Scurt / Lung Julius Meinl,Băuturi Răcoritoare & Cafea,2,12.0,24.0
ORD-202608-02213,Restaurantul Nostru,Ciorbă Rădăuțeană de Pui,Ciorbe & Supe,1,26.0,26.0
ORD-202608-02213,Restaurantul Nostru,Pachet Vinul Casei Fetească Regală 1L,Băuturi Alcoolice & Bere,1,55.0,55.0
ORD-202608-02213,Restaurantul Nostru,Burger Casei cu Cartofi Prăjiți,Mâncăruri Gătite & Specialități,1,49.0,49.0
ORD-202608-02213,Restaurantul Nostru,Mici de Oaie și Vită (1 buc),Preparate la Grătar & Mici,1,8.5,8.5
ORD-202608-02214,Restaurantul Nostru,Platou Cârnați Asortați,Cârnați & Platouri,2,95.0,190.0
ORD-202608-02214,Restaurantul Nostru,Cappuccino cu Spumă de Lapte,Băuturi Răcoritoare & Cafea,2,15.0,30.0
ORD-202608-02214,Restaurantul Nostru,Sos Barbeque,Sosuri & Extra,1,6.0,6.0
ORD-202608-02214,Restaurantul Nostru,Coca-Cola / Coca-Cola Zero 0.33L,Băuturi Răcoritoare & Cafea,3,12.0,36.0
ORD-202608-02214,Restaurantul Nostru,Pachet Vinul Casei Fetească Regală 1L,Băuturi Alcoolice & Bere,1,55.0,55.0
ORD-202608-02215,Restaurantul Nostru,Cappuccino cu Spumă de Lapte,Băuturi Răcoritoare & Cafea,2,15.0,30.0
ORD-202608-02215,Restaurantul Nostru,Mici Românești de Vită-Porc (1 buc),Preparate la Grătar & Mici,1,7.5,7.5
ORD-202608-02215,Restaurantul Nostru,Cașcaval Pane Crocant,Aperitive & Gustări,1,28.0,28.0
ORD-202608-02216,Restaurantul Nostru,Ciorbă de Văcuță,Ciorbe & Supe,1,25.0,25.0
ORD-202608-02216,Restaurantul Nostru,Coș de Pâine de Casă,Sosuri & Extra,1,7.0,7.0
ORD-202608-02216,Restaurantul Nostru,Espresso Scurt / Lung Julius Meinl,Băuturi Răcoritoare & Cafea,1,12.0,12.0
ORD-202608-02217,Restaurantul Nostru,Bere Ciuc Premium la Draught 0.4L,Băuturi Alcoolice & Bere,1,14.0,14.0
ORD-202608-02217,Restaurantul Nostru,Fasole Bătută cu Ceapă Călită,Aperitive & Gustări,1,20.0,20.0
ORD-202608-02218,Restaurantul Nostru,Muștar Clasic,Sosuri & Extra,1,4.0,4.0
ORD-202608-02218,Restaurantul Nostru,Ștrudel de Mere cu Sos de Vanilie,Desert,1,25.0,25.0
ORD-202608-02218,Restaurantul Nostru,Platou Boieresc (2-3 persoane),Cârnați & Platouri,1,145.0,145.0
ORD-202608-02219,Restaurantul Nostru,Bere Ciuc Premium la Draught 0.4L,Băuturi Alcoolice & Bere,1,14.0,14.0
ORD-202608-02219,Restaurantul Nostru,Frigărui de Berbecuț,Preparate la Grătar & Mici,1,58.0,58.0
ORD-202608-02219,Restaurantul Nostru,Țuică de Prune Ardelenească 50ml,Băuturi Alcoolice & Bere,1,18.0,18.0
ORD-202608-02219,Restaurantul Nostru,Salată de Vinete Coapte pe Plită,Aperitive & Gustări,1,24.0,24.0
ORD-202608-02220,Restaurantul Nostru,Salată Caesar cu Pui la Grătar,Salate,2,38.0,76.0
ORD-202608-02220,Restaurantul Nostru,Platou Gustări Rece Tradiționale,Cârnați & Platouri,1,85.0,85.0
ORD-202608-02220,Restaurantul Nostru,Platou Cârnați Asortați,Cârnați & Platouri,1,95.0,95.0
ORD-202608-02220,Restaurantul Nostru,Papanași cu Smântână și Dulceață de Afine (2 buc),Desert,2,32.0,64.0
ORD-202608-02220,Restaurantul Nostru,Salată Grecească,Salate,2,34.0,68.0
ORD-202608-02221,Restaurantul Nostru,Piure de Cartofi cu Unt,Garnituri,1,16.0,16.0
ORD-202608-02221,Restaurantul Nostru,Ciorbă Rădăuțeană de Pui,Ciorbe & Supe,2,26.0,52.0
ORD-202608-02222,Restaurantul Nostru,Cappuccino cu Spumă de Lapte,Băuturi Răcoritoare & Cafea,1,15.0,15.0
ORD-202608-02222,Restaurantul Nostru,Pastramă de Oaie la Tigaie cu Mămăligă,Mâncăruri Gătite & Specialități,1,56.0,56.0
ORD-202608-02222,Restaurantul Nostru,Limonadă Proaspătă cu Miere și Mentă 0.5L,Băuturi Răcoritoare & Cafea,1,20.0,20.0
ORD-202608-02222,Restaurantul Nostru,Mujdei de Usturoi Tradițional,Sosuri & Extra,1,5.0,5.0
ORD-202608-02223,Restaurantul Nostru,Platou Gustări Rece Tradiționale,Cârnați & Platouri,1,85.0,85.0
ORD-202608-02223,Restaurantul Nostru,Burger Casei cu Cartofi Prăjiți,Mâncăruri Gătite & Specialități,1,49.0,49.0
ORD-202608-02224,Restaurantul Nostru,Ciorbă Rădăuțeană de Pui,Ciorbe & Supe,1,26.0,26.0
ORD-202608-02224,Restaurantul Nostru,Ciolan de Porc Rumexit la Cuptor,Mâncăruri Gătite & Specialități,1,78.0,78.0
ORD-202608-02224,Restaurantul Nostru,Bere Nepasteurizată Zăganu 0.5L,Băuturi Alcoolice & Bere,1,22.0,22.0
ORD-202608-02224,Restaurantul Nostru,Sos Barbeque,Sosuri & Extra,1,6.0,6.0
ORD-202608-02225,Restaurantul Nostru,Limonadă Proaspătă cu Miere și Mentă 0.5L,Băuturi Răcoritoare & Cafea,1,20.0,20.0
ORD-202608-02225,Restaurantul Nostru,Țuică de Prune Ardelenească 50ml,Băuturi Alcoolice & Bere,1,18.0,18.0
ORD-202608-02225,Restaurantul Nostru,Salată Caesar cu Pui la Grătar,Salate,1,38.0,38.0
ORD-202608-02225,Restaurantul Nostru,Ciorbă de Văcuță,Ciorbe & Supe,1,25.0,25.0
ORD-202608-02226,Restaurantul Nostru,Ștrudel de Mere cu Sos de Vanilie,Desert,1,25.0,25.0
ORD-202608-02226,Restaurantul Nostru,Frigărui de Berbecuț,Preparate la Grătar & Mici,2,58.0,116.0
ORD-202608-02226,Restaurantul Nostru,Burger Casei cu Cartofi Prăjiți,Mâncăruri Gătite & Specialități,2,49.0,98.0
ORD-202608-02226,Restaurantul Nostru,Piept de Pui la Grătar,Preparate la Grătar & Mici,1,34.0,34.0
ORD-202608-02226,Restaurantul Nostru,Sos Barbeque,Sosuri & Extra,1,6.0,6.0
ORD-202608-02227,Restaurantul Nostru,Ciorbă de Burtiță Tradițională,Ciorbe & Supe,1,28.0,28.0
ORD-202608-02227,Restaurantul Nostru,Sos Barbeque,Sosuri & Extra,1,6.0,6.0
ORD-202608-02227,Restaurantul Nostru,Platou Boieresc (2-3 persoane),Cârnați & Platouri,2,145.0,290.0
ORD-202608-02227,Restaurantul Nostru,Apă Minerală / Plată Borsec 0.5L,Băuturi Răcoritoare & Cafea,1,10.0,10.0
ORD-202608-02227,Restaurantul Nostru,Iahnie de Fasole cu Bacon,Garnituri,1,16.0,16.0
ORD-202608-02228,Restaurantul Nostru,Varză Călită în Vin cu Chimen,Garnituri,1,15.0,15.0
ORD-202608-02228,Restaurantul Nostru,Iahnie de Fasole cu Bacon,Garnituri,1,16.0,16.0
ORD-202608-02228,Restaurantul Nostru,Clătite cu Finetti și Banane (2 buc),Desert,1,22.0,22.0
ORD-202608-02229,Restaurantul Nostru,Varză Călită în Vin cu Chimen,Garnituri,1,15.0,15.0
ORD-202608-02229,Restaurantul Nostru,Smântână Proaspătă 20%,Sosuri & Extra,1,5.0,5.0
ORD-202608-02229,Restaurantul Nostru,Muștar Clasic,Sosuri & Extra,1,4.0,4.0
ORD-202608-02229,Restaurantul Nostru,Bere Heineken 0.33L,Băuturi Alcoolice & Bere,1,16.0,16.0
ORD-202608-02229,Restaurantul Nostru,Fasole Bătută cu Ceapă Călită,Aperitive & Gustări,2,20.0,40.0
ORD-202608-02230,Restaurantul Nostru,Clătite cu Finetti și Banane (2 buc),Desert,1,22.0,22.0
ORD-202608-02230,Restaurantul Nostru,Pastramă de Oaie la Tigaie cu Mămăligă,Mâncăruri Gătite & Specialități,1,56.0,56.0
ORD-202608-02231,Restaurantul Nostru,Varză Călită în Vin cu Chimen,Garnituri,1,15.0,15.0
ORD-202608-02231,Restaurantul Nostru,Apă Minerală / Plată Borsec 0.5L,Băuturi Răcoritoare & Cafea,1,10.0,10.0
ORD-202608-02231,Restaurantul Nostru,Bere Heineken 0.33L,Băuturi Alcoolice & Bere,1,16.0,16.0
ORD-202608-02231,Restaurantul Nostru,Cârnați Picanți de Pleșcoi,Cârnați & Platouri,1,42.0,42.0
ORD-202608-02232,Restaurantul Nostru,Frigărui de Berbecuț,Preparate la Grătar & Mici,1,58.0,58.0
ORD-202608-02232,Restaurantul Nostru,Cârnați Picanți de Pleșcoi,Cârnați & Platouri,1,42.0,42.0
ORD-202608-02232,Restaurantul Nostru,Lava Cake cu Înghețată de Vanilie,Desert,2,28.0,56.0
ORD-202608-02233,Restaurantul Nostru,Ștrudel de Mere cu Sos de Vanilie,Desert,1,25.0,25.0
ORD-202608-02233,Restaurantul Nostru,Cappuccino cu Spumă de Lapte,Băuturi Răcoritoare & Cafea,1,15.0,15.0
ORD-202608-02233,Restaurantul Nostru,Ceafă de Porc la Grătar,Preparate la Grătar & Mici,1,38.0,38.0
ORD-202608-02233,Restaurantul Nostru,Cârnați Picanți de Pleșcoi,Cârnați & Platouri,1,42.0,42.0
ORD-202608-02234,Restaurantul Nostru,Piept de Pui la Grătar,Preparate la Grătar & Mici,1,34.0,34.0
ORD-202608-02234,Restaurantul Nostru,Limonadă Proaspătă cu Miere și Mentă 0.5L,Băuturi Răcoritoare & Cafea,2,20.0,40.0
ORD-202608-02234,Restaurantul Nostru,Muștar Clasic,Sosuri & Extra,1,4.0,4.0
ORD-202608-02234,Restaurantul Nostru,Cartofi Prăjiți cu Usturoi și Parmezan,Garnituri,1,18.0,18.0
ORD-202608-02235,Restaurantul Nostru,Piure de Cartofi cu Unt,Garnituri,1,16.0,16.0
ORD-202608-02235,Restaurantul Nostru,Țuică de Prune Ardelenească 50ml,Băuturi Alcoolice & Bere,1,18.0,18.0
ORD-202608-02235,Restaurantul Nostru,Vin Purcari Rară Neagră Sticlă 0.75L,Băuturi Alcoolice & Bere,1,95.0,95.0
ORD-202608-02235,Restaurantul Nostru,Mujdei de Usturoi Tradițional,Sosuri & Extra,1,5.0,5.0
ORD-202608-02236,Restaurantul Nostru,Mujdei de Usturoi Tradițional,Sosuri & Extra,1,5.0,5.0
ORD-202608-02236,Restaurantul Nostru,Mici de Oaie și Vită (1 buc),Preparate la Grătar & Mici,1,8.5,8.5
ORD-202608-02236,Restaurantul Nostru,Limonadă Proaspătă cu Miere și Mentă 0.5L,Băuturi Răcoritoare & Cafea,1,20.0,20.0
ORD-202608-02236,Restaurantul Nostru,Frăție de Mici & Cârnați,Preparate la Grătar & Mici,1,54.0,54.0
ORD-202608-02237,Restaurantul Nostru,Ciolan de Porc Rumexit la Cuptor,Mâncăruri Gătite & Specialități,1,78.0,78.0
ORD-202608-02237,Restaurantul Nostru,Cârnați Picanți de Pleșcoi,Cârnați & Platouri,1,42.0,42.0
ORD-202608-02237,Restaurantul Nostru,Mici Românești de Vită-Porc (1 buc),Preparate la Grătar & Mici,1,7.5,7.5
ORD-202608-02237,Restaurantul Nostru,Platou Cârnați Asortați,Cârnați & Platouri,1,95.0,95.0
ORD-202608-02237,Restaurantul Nostru,Salată Caesar cu Pui la Grătar,Salate,1,38.0,38.0
ORD-202608-02238,Restaurantul Nostru,Frăție de Mici & Cârnați,Preparate la Grătar & Mici,1,54.0,54.0
ORD-202608-02238,Restaurantul Nostru,Tochitură Moldovenească cu Mămăligă,Mâncăruri Gătite & Specialități,1,48.0,48.0
ORD-202608-02238,Restaurantul Nostru,Bere Nepasteurizată Zăganu 0.5L,Băuturi Alcoolice & Bere,1,22.0,22.0
ORD-202608-02238,Restaurantul Nostru,Lava Cake cu Înghețată de Vanilie,Desert,2,28.0,56.0
ORD-202608-02238,Restaurantul Nostru,Coca-Cola / Coca-Cola Zero 0.33L,Băuturi Răcoritoare & Cafea,1,12.0,12.0
ORD-202608-02239,Restaurantul Nostru,Coca-Cola / Coca-Cola Zero 0.33L,Băuturi Răcoritoare & Cafea,2,12.0,24.0
ORD-202608-02239,Restaurantul Nostru,Apă Minerală / Plată Borsec 0.5L,Băuturi Răcoritoare & Cafea,1,10.0,10.0
ORD-202608-02239,Restaurantul Nostru,Mujdei de Usturoi Tradițional,Sosuri & Extra,1,5.0,5.0
ORD-202608-02240,Restaurantul Nostru,Platou Boieresc (2-3 persoane),Cârnați & Platouri,1,145.0,145.0
ORD-202608-02240,Restaurantul Nostru,Bulz Ardelenesc la Grătar,Aperitive & Gustări,1,32.0,32.0
ORD-202608-02240,Restaurantul Nostru,Burger Casei cu Cartofi Prăjiți,Mâncăruri Gătite & Specialități,2,49.0,98.0
ORD-202608-02240,Restaurantul Nostru,Espresso Scurt / Lung Julius Meinl,Băuturi Răcoritoare & Cafea,2,12.0,24.0
ORD-202608-02241,Restaurantul Nostru,Salată de Ardei Copți,Salate,1,16.0,16.0
ORD-202608-02241,Restaurantul Nostru,Smântână Proaspătă 20%,Sosuri & Extra,1,5.0,5.0
ORD-202608-02241,Restaurantul Nostru,Coș de Pâine de Casă,Sosuri & Extra,1,7.0,7.0
ORD-202608-02242,Restaurantul Nostru,Cartofi Prăjiți cu Usturoi și Parmezan,Garnituri,1,18.0,18.0
ORD-202608-02242,Restaurantul Nostru,Tochitură Moldovenească cu Mămăligă,Mâncăruri Gătite & Specialități,1,48.0,48.0
ORD-202608-02242,Restaurantul Nostru,Pachet Vinul Casei Fetească Regală 1L,Băuturi Alcoolice & Bere,2,55.0,110.0
ORD-202608-02242,Restaurantul Nostru,Piept de Pui la Grătar,Preparate la Grătar & Mici,1,34.0,34.0
ORD-202608-02243,Restaurantul Nostru,Țuică de Prune Ardelenească 50ml,Băuturi Alcoolice & Bere,1,18.0,18.0
ORD-202608-02243,Restaurantul Nostru,Pachet Vinul Casei Fetească Regală 1L,Băuturi Alcoolice & Bere,1,55.0,55.0
ORD-202608-02243,Restaurantul Nostru,Mici de Oaie și Vită (1 buc),Preparate la Grătar & Mici,3,8.5,25.5
ORD-202608-02243,Restaurantul Nostru,Ciorbă de Burtiță Tradițională,Ciorbe & Supe,1,28.0,28.0
ORD-202608-02243,Restaurantul Nostru,Platou Gustări Rece Tradiționale,Cârnați & Platouri,1,85.0,85.0
ORD-202608-02244,Restaurantul Nostru,Ștrudel de Mere cu Sos de Vanilie,Desert,2,25.0,50.0
ORD-202608-02244,Restaurantul Nostru,Bere Nepasteurizată Zăganu 0.5L,Băuturi Alcoolice & Bere,1,22.0,22.0
ORD-202608-02244,Restaurantul Nostru,Iahnie de Fasole cu Bacon,Garnituri,1,16.0,16.0
ORD-202608-02245,Restaurantul Nostru,Papanași cu Smântână și Dulceață de Afine (2 buc),Desert,2,32.0,64.0
ORD-202608-02245,Restaurantul Nostru,Apă Minerală / Plată Borsec 0.5L,Băuturi Răcoritoare & Cafea,1,10.0,10.0
ORD-202608-02246,Restaurantul Nostru,Mujdei de Usturoi Tradițional,Sosuri & Extra,1,5.0,5.0
ORD-202608-02246,Restaurantul Nostru,Cașcaval Pane Crocant,Aperitive & Gustări,3,28.0,84.0
ORD-202608-02246,Restaurantul Nostru,Salată Grecească,Salate,1,34.0,34.0
ORD-202608-02247,Restaurantul Nostru,Cartofi Prăjiți cu Usturoi și Parmezan,Garnituri,1,18.0,18.0
ORD-202608-02247,Restaurantul Nostru,Fasole Bătută cu Ceapă Călită,Aperitive & Gustări,1,20.0,20.0
ORD-202608-02247,Restaurantul Nostru,Frăție de Mici & Cârnați,Preparate la Grătar & Mici,2,54.0,108.0
ORD-202608-02247,Restaurantul Nostru,Papanași cu Smântână și Dulceață de Afine (2 buc),Desert,1,32.0,32.0
ORD-202608-02247,Restaurantul Nostru,Salată Caesar cu Pui la Grătar,Salate,1,38.0,38.0
ORD-202608-02248,Restaurantul Nostru,Ciorbă de Văcuță,Ciorbe & Supe,2,25.0,50.0
ORD-202608-02248,Restaurantul Nostru,Mici Românești de Vită-Porc (1 buc),Preparate la Grătar & Mici,1,7.5,7.5
ORD-202608-02248,Restaurantul Nostru,Cașcaval Pane Crocant,Aperitive & Gustări,1,28.0,28.0
ORD-202608-02248,Restaurantul Nostru,Ceafă de Porc la Grătar,Preparate la Grătar & Mici,1,38.0,38.0
ORD-202608-02249,Restaurantul Nostru,Smântână Proaspătă 20%,Sosuri & Extra,1,5.0,5.0
ORD-202608-02249,Restaurantul Nostru,Pastramă de Oaie la Tigaie cu Mămăligă,Mâncăruri Gătite & Specialități,1,56.0,56.0
ORD-202608-02250,Restaurantul Nostru,Muștar Clasic,Sosuri & Extra,2,4.0,8.0
ORD-202608-02250,Restaurantul Nostru,Salată de Murături Asortate,Salate,1,14.0,14.0
ORD-202608-02250,Restaurantul Nostru,Platou Boieresc (2-3 persoane),Cârnați & Platouri,1,145.0,145.0
ORD-202608-02250,Restaurantul Nostru,Frăție de Mici & Cârnați,Preparate la Grătar & Mici,1,54.0,54.0
ORD-202608-02250,Restaurantul Nostru,Fasole Bătută cu Ceapă Călită,Aperitive & Gustări,2,20.0,40.0
ORD-202608-02251,Restaurantul Nostru,Frăție de Mici & Cârnați,Preparate la Grătar & Mici,1,54.0,54.0
ORD-202608-02251,Restaurantul Nostru,Espresso Scurt / Lung Julius Meinl,Băuturi Răcoritoare & Cafea,2,12.0,24.0
ORD-202608-02252,Restaurantul Nostru,Ciolan de Porc Rumexit la Cuptor,Mâncăruri Gătite & Specialități,1,78.0,78.0
ORD-202608-02252,Restaurantul Nostru,Fasole Bătută cu Ceapă Călită,Aperitive & Gustări,1,20.0,20.0
ORD-202608-02253,Restaurantul Nostru,Coca-Cola / Coca-Cola Zero 0.33L,Băuturi Răcoritoare & Cafea,1,12.0,12.0
ORD-202608-02253,Restaurantul Nostru,Salată de Ardei Copți,Salate,1,16.0,16.0
ORD-202608-02253,Restaurantul Nostru,Bere Heineken 0.33L,Băuturi Alcoolice & Bere,1,16.0,16.0
ORD-202608-02253,Restaurantul Nostru,Mujdei de Usturoi Tradițional,Sosuri & Extra,1,5.0,5.0
ORD-202608-02253,Restaurantul Nostru,Sarmale Românești în Foi de Varză (4 buc),Mâncăruri Gătite & Specialități,1,44.0,44.0
ORD-202608-02254,Restaurantul Nostru,Varză Călită în Vin cu Chimen,Garnituri,1,15.0,15.0
ORD-202608-02254,Restaurantul Nostru,Coca-Cola / Coca-Cola Zero 0.33L,Băuturi Răcoritoare & Cafea,1,12.0,12.0
ORD-202608-02254,Restaurantul Nostru,Sos Barbeque,Sosuri & Extra,1,6.0,6.0
ORD-202608-02254,Restaurantul Nostru,Burger Casei cu Cartofi Prăjiți,Mâncăruri Gătite & Specialități,1,49.0,49.0
ORD-202608-02254,Restaurantul Nostru,Cașcaval Pane Crocant,Aperitive & Gustări,1,28.0,28.0
ORD-202608-02255,Restaurantul Nostru,Salată Grecească,Salate,1,34.0,34.0
ORD-202608-02255,Restaurantul Nostru,Frăție de Mici & Cârnați,Preparate la Grătar & Mici,1,54.0,54.0
ORD-202608-02255,Restaurantul Nostru,Frigărui de Berbecuț,Preparate la Grătar & Mici,1,58.0,58.0
ORD-202608-02255,Restaurantul Nostru,Piure de Cartofi cu Unt,Garnituri,1,16.0,16.0
ORD-202608-02256,Restaurantul Nostru,Pachet Vinul Casei Fetească Regală 1L,Băuturi Alcoolice & Bere,2,55.0,110.0
ORD-202608-02256,Restaurantul Nostru,Pastramă de Oaie la Tigaie cu Mămăligă,Mâncăruri Gătite & Specialități,1,56.0,56.0
ORD-202608-02256,Restaurantul Nostru,Salată Caesar cu Pui la Grătar,Salate,1,38.0,38.0
ORD-202608-02256,Restaurantul Nostru,Șnițel Gigant de Pui Pane,Mâncăruri Gătite & Specialități,1,36.0,36.0
ORD-202608-02256,Restaurantul Nostru,Coș de Pâine de Casă,Sosuri & Extra,1,7.0,7.0
ORD-202608-02257,Restaurantul Nostru,Pachet Vinul Casei Fetească Regală 1L,Băuturi Alcoolice & Bere,1,55.0,55.0
ORD-202608-02257,Restaurantul Nostru,Ciorbă de Văcuță,Ciorbe & Supe,1,25.0,25.0
ORD-202608-02257,Restaurantul Nostru,Salată de Murături Asortate,Salate,1,14.0,14.0
ORD-202608-02257,Restaurantul Nostru,Bere Heineken 0.33L,Băuturi Alcoolice & Bere,1,16.0,16.0
ORD-202608-02257,Restaurantul Nostru,Cappuccino cu Spumă de Lapte,Băuturi Răcoritoare & Cafea,2,15.0,30.0
ORD-202608-02258,Restaurantul Nostru,Salată Caesar cu Pui la Grătar,Salate,1,38.0,38.0
ORD-202608-02258,Restaurantul Nostru,Mici Românești de Vită-Porc (1 buc),Preparate la Grătar & Mici,1,7.5,7.5
ORD-202608-02258,Restaurantul Nostru,Ceafă de Porc la Grătar,Preparate la Grătar & Mici,1,38.0,38.0
ORD-202608-02258,Restaurantul Nostru,Smântână Proaspătă 20%,Sosuri & Extra,1,5.0,5.0
ORD-202608-02258,Restaurantul Nostru,Fasole Bătută cu Ceapă Călită,Aperitive & Gustări,1,20.0,20.0
ORD-202608-02259,Restaurantul Nostru,Coca-Cola / Coca-Cola Zero 0.33L,Băuturi Răcoritoare & Cafea,1,12.0,12.0
ORD-202608-02259,Restaurantul Nostru,Mici de Oaie și Vită (1 buc),Preparate la Grătar & Mici,2,8.5,17.0
ORD-202608-02259,Restaurantul Nostru,Frigărui de Berbecuț,Preparate la Grătar & Mici,1,58.0,58.0
ORD-202608-02259,Restaurantul Nostru,Bere Ciuc Premium la Draught 0.4L,Băuturi Alcoolice & Bere,1,14.0,14.0
ORD-202608-02259,Restaurantul Nostru,Cappuccino cu Spumă de Lapte,Băuturi Răcoritoare & Cafea,1,15.0,15.0
ORD-202608-02260,Restaurantul Nostru,Coș de Pâine de Casă,Sosuri & Extra,1,7.0,7.0
ORD-202608-02260,Restaurantul Nostru,Piept de Pui la Grătar,Preparate la Grătar & Mici,3,34.0,102.0
ORD-202608-02260,Restaurantul Nostru,Platou Boieresc (2-3 persoane),Cârnați & Platouri,1,145.0,145.0
ORD-202608-02260,Restaurantul Nostru,Varză Călită în Vin cu Chimen,Garnituri,1,15.0,15.0
ORD-202608-02261,Restaurantul Nostru,Espresso Scurt / Lung Julius Meinl,Băuturi Răcoritoare & Cafea,1,12.0,12.0
ORD-202608-02261,Restaurantul Nostru,Ciorbă de Burtiță Tradițională,Ciorbe & Supe,1,28.0,28.0
ORD-202608-02262,Restaurantul Nostru,Salată de Murături Asortate,Salate,1,14.0,14.0
ORD-202608-02262,Restaurantul Nostru,Burger Casei cu Cartofi Prăjiți,Mâncăruri Gătite & Specialități,1,49.0,49.0
ORD-202608-02262,Restaurantul Nostru,Bere Ciuc Premium la Draught 0.4L,Băuturi Alcoolice & Bere,1,14.0,14.0
ORD-202608-02263,Restaurantul Nostru,Salată Grecească,Salate,1,34.0,34.0
ORD-202608-02263,Restaurantul Nostru,Supă Cremă de Legume cu Crutoane,Ciorbe & Supe,1,22.0,22.0
ORD-202608-02264,Restaurantul Nostru,Mici Românești de Vită-Porc (1 buc),Preparate la Grătar & Mici,1,7.5,7.5
ORD-202608-02264,Restaurantul Nostru,Platou Cârnați Asortați,Cârnați & Platouri,1,95.0,95.0
ORD-202608-02264,Restaurantul Nostru,Clătite cu Finetti și Banane (2 buc),Desert,1,22.0,22.0
ORD-202608-02264,Restaurantul Nostru,Bere Heineken 0.33L,Băuturi Alcoolice & Bere,1,16.0,16.0
ORD-202608-02264,Restaurantul Nostru,Frigărui de Berbecuț,Preparate la Grătar & Mici,1,58.0,58.0
ORD-202608-02265,Restaurantul Nostru,Salată de Ardei Copți,Salate,1,16.0,16.0
ORD-202608-02265,Restaurantul Nostru,Coca-Cola / Coca-Cola Zero 0.33L,Băuturi Răcoritoare & Cafea,1,12.0,12.0
ORD-202608-02265,Restaurantul Nostru,Cappuccino cu Spumă de Lapte,Băuturi Răcoritoare & Cafea,1,15.0,15.0
ORD-202608-02266,Restaurantul Nostru,Bere Heineken 0.33L,Băuturi Alcoolice & Bere,1,16.0,16.0
ORD-202608-02266,Restaurantul Nostru,Salată Caesar cu Pui la Grătar,Salate,1,38.0,38.0
ORD-202608-02266,Restaurantul Nostru,Mămăliguță Caldă,Garnituri,1,8.0,8.0
ORD-202608-02266,Restaurantul Nostru,Frăție de Mici & Cârnați,Preparate la Grătar & Mici,1,54.0,54.0
ORD-202608-02266,Restaurantul Nostru,Bulz Ardelenesc la Grătar,Aperitive & Gustări,1,32.0,32.0
ORD-202608-02267,Restaurantul Nostru,Mici Românești de Vită-Porc (1 buc),Preparate la Grătar & Mici,3,7.5,22.5
ORD-202608-02267,Restaurantul Nostru,Cartofi Prăjiți cu Usturoi și Parmezan,Garnituri,1,18.0,18.0
ORD-202608-02268,Restaurantul Nostru,Mujdei de Usturoi Tradițional,Sosuri & Extra,2,5.0,10.0
ORD-202608-02268,Restaurantul Nostru,Platou Gustări Rece Tradiționale,Cârnați & Platouri,1,85.0,85.0
ORD-202608-02269,Restaurantul Nostru,Piept de Pui la Grătar,Preparate la Grătar & Mici,1,34.0,34.0
ORD-202608-02269,Restaurantul Nostru,Mămăliguță Caldă,Garnituri,1,8.0,8.0
ORD-202608-02269,Restaurantul Nostru,Supă Cremă de Legume cu Crutoane,Ciorbe & Supe,1,22.0,22.0
ORD-202608-02269,Restaurantul Nostru,Ceafă de Porc la Grătar,Preparate la Grătar & Mici,2,38.0,76.0
ORD-202608-02270,Restaurantul Nostru,Țuică de Prune Ardelenească 50ml,Băuturi Alcoolice & Bere,1,18.0,18.0
ORD-202608-02270,Restaurantul Nostru,Cârnați Picanți de Pleșcoi,Cârnați & Platouri,1,42.0,42.0
ORD-202608-02270,Restaurantul Nostru,Cappuccino cu Spumă de Lapte,Băuturi Răcoritoare & Cafea,2,15.0,30.0
ORD-202608-02271,Restaurantul Nostru,Țuică de Prune Ardelenească 50ml,Băuturi Alcoolice & Bere,1,18.0,18.0
ORD-202608-02271,Restaurantul Nostru,Platou Cârnați Asortați,Cârnați & Platouri,1,95.0,95.0
ORD-202608-02272,Restaurantul Nostru,Piept de Pui la Grătar,Preparate la Grătar & Mici,1,34.0,34.0
ORD-202608-02272,Restaurantul Nostru,Mămăliguță Caldă,Garnituri,2,8.0,16.0
ORD-202608-02272,Restaurantul Nostru,Salată Caesar cu Pui la Grătar,Salate,1,38.0,38.0
ORD-202608-02273,Restaurantul Nostru,Tochitură Moldovenească cu Mămăligă,Mâncăruri Gătite & Specialități,1,48.0,48.0
ORD-202608-02273,Restaurantul Nostru,Salată de Murături Asortate,Salate,1,14.0,14.0
ORD-202608-02274,Restaurantul Nostru,Cârnați Picanți de Pleșcoi,Cârnați & Platouri,1,42.0,42.0
ORD-202608-02274,Restaurantul Nostru,Ceafă de Porc la Grătar,Preparate la Grătar & Mici,2,38.0,76.0
ORD-202608-02274,Restaurantul Nostru,Ciorbă de Perișoare,Ciorbe & Supe,1,24.0,24.0
ORD-202608-02275,Restaurantul Nostru,Cappuccino cu Spumă de Lapte,Băuturi Răcoritoare & Cafea,1,15.0,15.0
ORD-202608-02275,Restaurantul Nostru,Salată Caesar cu Pui la Grătar,Salate,1,38.0,38.0
ORD-202608-02275,Restaurantul Nostru,Bere Nepasteurizată Zăganu 0.5L,Băuturi Alcoolice & Bere,1,22.0,22.0
ORD-202608-02275,Restaurantul Nostru,Clătite cu Finetti și Banane (2 buc),Desert,1,22.0,22.0
ORD-202608-02276,Restaurantul Nostru,Piure de Cartofi cu Unt,Garnituri,1,16.0,16.0
ORD-202608-02276,Restaurantul Nostru,Bere Heineken 0.33L,Băuturi Alcoolice & Bere,1,16.0,16.0
ORD-202608-02276,Restaurantul Nostru,Mici Românești de Vită-Porc (1 buc),Preparate la Grătar & Mici,1,7.5,7.5
ORD-202608-02277,Restaurantul Nostru,Bulz Ardelenesc la Grătar,Aperitive & Gustări,1,32.0,32.0
ORD-202608-02277,Restaurantul Nostru,Ciorbă Rădăuțeană de Pui,Ciorbe & Supe,1,26.0,26.0
ORD-202608-02277,Restaurantul Nostru,Mici de Oaie și Vită (1 buc),Preparate la Grătar & Mici,2,8.5,17.0
ORD-202608-02278,Restaurantul Nostru,Mămăliguță Caldă,Garnituri,1,8.0,8.0
ORD-202608-02278,Restaurantul Nostru,Supă Cremă de Legume cu Crutoane,Ciorbe & Supe,1,22.0,22.0
ORD-202608-02279,Restaurantul Nostru,Sos Barbeque,Sosuri & Extra,1,6.0,6.0
ORD-202608-02279,Restaurantul Nostru,Platou Gustări Rece Tradiționale,Cârnați & Platouri,1,85.0,85.0
ORD-202608-02279,Restaurantul Nostru,Bere Heineken 0.33L,Băuturi Alcoolice & Bere,1,16.0,16.0
ORD-202608-02279,Restaurantul Nostru,Cartofi Prăjiți cu Usturoi și Parmezan,Garnituri,1,18.0,18.0
ORD-202608-02280,Restaurantul Nostru,Ciorbă Rădăuțeană de Pui,Ciorbe & Supe,1,26.0,26.0
ORD-202608-02280,Restaurantul Nostru,Mici de Oaie și Vită (1 buc),Preparate la Grătar & Mici,1,8.5,8.5
ORD-202608-02281,Restaurantul Nostru,Cappuccino cu Spumă de Lapte,Băuturi Răcoritoare & Cafea,2,15.0,30.0
ORD-202608-02281,Restaurantul Nostru,Sos Barbeque,Sosuri & Extra,1,6.0,6.0
ORD-202608-02281,Restaurantul Nostru,Pachet Vinul Casei Fetească Regală 1L,Băuturi Alcoolice & Bere,1,55.0,55.0
ORD-202608-02281,Restaurantul Nostru,Mămăliguță Caldă,Garnituri,1,8.0,8.0
ORD-202608-02281,Restaurantul Nostru,Espresso Scurt / Lung Julius Meinl,Băuturi Răcoritoare & Cafea,1,12.0,12.0
ORD-202608-02282,Restaurantul Nostru,Piept de Pui la Grătar,Preparate la Grătar & Mici,1,34.0,34.0
ORD-202608-02282,Restaurantul Nostru,Ceafă de Porc la Grătar,Preparate la Grătar & Mici,1,38.0,38.0
ORD-202608-02282,Restaurantul Nostru,Tochitură Moldovenească cu Mămăligă,Mâncăruri Gătite & Specialități,1,48.0,48.0
ORD-202608-02283,Restaurantul Nostru,Salată Grecească,Salate,2,34.0,68.0
ORD-202608-02283,Restaurantul Nostru,Cappuccino cu Spumă de Lapte,Băuturi Răcoritoare & Cafea,1,15.0,15.0
ORD-202608-02283,Restaurantul Nostru,Ceafă de Porc la Grătar,Preparate la Grătar & Mici,1,38.0,38.0
ORD-202608-02284,Restaurantul Nostru,Piure de Cartofi cu Unt,Garnituri,1,16.0,16.0
ORD-202608-02284,Restaurantul Nostru,Ciorbă de Văcuță,Ciorbe & Supe,1,25.0,25.0
ORD-202608-02285,Restaurantul Nostru,Cartofi Prăjiți cu Usturoi și Parmezan,Garnituri,1,18.0,18.0
ORD-202608-02285,Restaurantul Nostru,Ciorbă de Perișoare,Ciorbe & Supe,2,24.0,48.0
ORD-202608-02285,Restaurantul Nostru,Țuică de Prune Ardelenească 50ml,Băuturi Alcoolice & Bere,2,18.0,36.0
ORD-202608-02286,Restaurantul Nostru,Salată de Murături Asortate,Salate,1,14.0,14.0
ORD-202608-02286,Restaurantul Nostru,Vin Purcari Rară Neagră Sticlă 0.75L,Băuturi Alcoolice & Bere,1,95.0,95.0
ORD-202608-02287,Restaurantul Nostru,Coca-Cola / Coca-Cola Zero 0.33L,Băuturi Răcoritoare & Cafea,1,12.0,12.0
ORD-202608-02287,Restaurantul Nostru,Ceafă de Porc la Grătar,Preparate la Grătar & Mici,1,38.0,38.0
ORD-202608-02287,Restaurantul Nostru,Piure de Cartofi cu Unt,Garnituri,1,16.0,16.0
ORD-202608-02288,Restaurantul Nostru,Bere Nepasteurizată Zăganu 0.5L,Băuturi Alcoolice & Bere,1,22.0,22.0
ORD-202608-02288,Restaurantul Nostru,Platou Boieresc (2-3 persoane),Cârnați & Platouri,1,145.0,145.0
ORD-202608-02288,Restaurantul Nostru,Sos Barbeque,Sosuri & Extra,1,6.0,6.0
ORD-202608-02289,Restaurantul Nostru,Espresso Scurt / Lung Julius Meinl,Băuturi Răcoritoare & Cafea,2,12.0,24.0
ORD-202608-02289,Restaurantul Nostru,Șnițel Gigant de Pui Pane,Mâncăruri Gătite & Specialități,1,36.0,36.0
ORD-202608-02289,Restaurantul Nostru,Platou Cârnați Asortați,Cârnați & Platouri,1,95.0,95.0
ORD-202608-02289,Restaurantul Nostru,Salată Caesar cu Pui la Grătar,Salate,1,38.0,38.0
ORD-202608-02290,Restaurantul Nostru,Pachet Vinul Casei Fetească Regală 1L,Băuturi Alcoolice & Bere,2,55.0,110.0
ORD-202608-02290,Restaurantul Nostru,Bere Heineken 0.33L,Băuturi Alcoolice & Bere,1,16.0,16.0
ORD-202608-02290,Restaurantul Nostru,Ciorbă de Burtiță Tradițională,Ciorbe & Supe,1,28.0,28.0
ORD-202608-02290,Restaurantul Nostru,Ciolan de Porc Rumexit la Cuptor,Mâncăruri Gătite & Specialități,2,78.0,156.0
ORD-202608-02290,Restaurantul Nostru,Sarmale Românești în Foi de Varză (4 buc),Mâncăruri Gătite & Specialități,1,44.0,44.0
ORD-202608-02291,Restaurantul Nostru,Salată de Ardei Copți,Salate,1,16.0,16.0
ORD-202608-02291,Restaurantul Nostru,Frigărui de Berbecuț,Preparate la Grătar & Mici,2,58.0,116.0
ORD-202608-02291,Restaurantul Nostru,Țuică de Prune Ardelenească 50ml,Băuturi Alcoolice & Bere,1,18.0,18.0
ORD-202608-02291,Restaurantul Nostru,Pastramă de Oaie la Tigaie cu Mămăligă,Mâncăruri Gătite & Specialități,1,56.0,56.0
ORD-202608-02292,Restaurantul Nostru,Iahnie de Fasole cu Bacon,Garnituri,1,16.0,16.0
ORD-202608-02292,Restaurantul Nostru,Sos Barbeque,Sosuri & Extra,1,6.0,6.0
ORD-202608-02292,Restaurantul Nostru,Țuică de Prune Ardelenească 50ml,Băuturi Alcoolice & Bere,2,18.0,36.0
ORD-202608-02292,Restaurantul Nostru,Smântână Proaspătă 20%,Sosuri & Extra,2,5.0,10.0
ORD-202608-02293,Restaurantul Nostru,Lava Cake cu Înghețată de Vanilie,Desert,1,28.0,28.0
ORD-202608-02293,Restaurantul Nostru,Pastramă de Oaie la Tigaie cu Mămăligă,Mâncăruri Gătite & Specialități,1,56.0,56.0
ORD-202608-02293,Restaurantul Nostru,Mici de Oaie și Vită (1 buc),Preparate la Grătar & Mici,1,8.5,8.5
ORD-202608-02294,Restaurantul Nostru,Coș de Pâine de Casă,Sosuri & Extra,1,7.0,7.0
ORD-202608-02294,Restaurantul Nostru,Bere Ciuc Premium la Draught 0.4L,Băuturi Alcoolice & Bere,1,14.0,14.0
ORD-202608-02294,Restaurantul Nostru,Espresso Scurt / Lung Julius Meinl,Băuturi Răcoritoare & Cafea,1,12.0,12.0
ORD-202608-02295,Restaurantul Nostru,Lava Cake cu Înghețată de Vanilie,Desert,1,28.0,28.0
ORD-202608-02295,Restaurantul Nostru,Ciorbă Rădăuțeană de Pui,Ciorbe & Supe,1,26.0,26.0
ORD-202608-02295,Restaurantul Nostru,Salată Caesar cu Pui la Grătar,Salate,1,38.0,38.0
ORD-202608-02296,Restaurantul Nostru,Muștar Clasic,Sosuri & Extra,1,4.0,4.0
ORD-202608-02296,Restaurantul Nostru,Fasole Bătută cu Ceapă Călită,Aperitive & Gustări,1,20.0,20.0
ORD-202608-02297,Restaurantul Nostru,Țuică de Prune Ardelenească 50ml,Băuturi Alcoolice & Bere,2,18.0,36.0
ORD-202608-02297,Restaurantul Nostru,Salată de Vinete Coapte pe Plită,Aperitive & Gustări,2,24.0,48.0
ORD-202608-02297,Restaurantul Nostru,Smântână Proaspătă 20%,Sosuri & Extra,2,5.0,10.0
ORD-202608-02297,Restaurantul Nostru,Bere Nepasteurizată Zăganu 0.5L,Băuturi Alcoolice & Bere,1,22.0,22.0
ORD-202608-02297,Restaurantul Nostru,Espresso Scurt / Lung Julius Meinl,Băuturi Răcoritoare & Cafea,1,12.0,12.0
ORD-202608-02298,Restaurantul Nostru,Fasole Bătută cu Ceapă Călită,Aperitive & Gustări,1,20.0,20.0
ORD-202608-02298,Restaurantul Nostru,Șnițel Gigant de Pui Pane,Mâncăruri Gătite & Specialități,2,36.0,72.0
ORD-202608-02299,Restaurantul Nostru,Smântână Proaspătă 20%,Sosuri & Extra,1,5.0,5.0
ORD-202608-02299,Restaurantul Nostru,Ciorbă de Văcuță,Ciorbe & Supe,1,25.0,25.0
ORD-202608-02299,Restaurantul Nostru,Cârnați Picanți de Pleșcoi,Cârnați & Platouri,1,42.0,42.0
ORD-202608-02299,Restaurantul Nostru,Pachet Vinul Casei Fetească Regală 1L,Băuturi Alcoolice & Bere,1,55.0,55.0
ORD-202608-02299,Restaurantul Nostru,Bere Heineken 0.33L,Băuturi Alcoolice & Bere,2,16.0,32.0
ORD-202608-02300,Restaurantul Nostru,Țuică de Prune Ardelenească 50ml,Băuturi Alcoolice & Bere,2,18.0,36.0
ORD-202608-02300,Restaurantul Nostru,Platou Cârnați Asortați,Cârnați & Platouri,1,95.0,95.0
ORD-202608-02301,Restaurantul Nostru,Mămăliguță Caldă,Garnituri,1,8.0,8.0
ORD-202608-02301,Restaurantul Nostru,Coș de Pâine de Casă,Sosuri & Extra,1,7.0,7.0
ORD-202608-02302,Restaurantul Nostru,Ciorbă de Văcuță,Ciorbe & Supe,1,25.0,25.0
ORD-202608-02302,Restaurantul Nostru,Mici Românești de Vită-Porc (1 buc),Preparate la Grătar & Mici,1,7.5,7.5
ORD-202608-02302,Restaurantul Nostru,Cappuccino cu Spumă de Lapte,Băuturi Răcoritoare & Cafea,2,15.0,30.0
ORD-202608-02302,Restaurantul Nostru,Piure de Cartofi cu Unt,Garnituri,1,16.0,16.0
ORD-202608-02303,Restaurantul Nostru,Bulz Ardelenesc la Grătar,Aperitive & Gustări,1,32.0,32.0
ORD-202608-02303,Restaurantul Nostru,Apă Minerală / Plată Borsec 0.5L,Băuturi Răcoritoare & Cafea,1,10.0,10.0
ORD-202608-02303,Restaurantul Nostru,Piure de Cartofi cu Unt,Garnituri,1,16.0,16.0
ORD-202608-02304,Restaurantul Nostru,Cașcaval Pane Crocant,Aperitive & Gustări,1,28.0,28.0
ORD-202608-02304,Restaurantul Nostru,Cartofi Prăjiți cu Usturoi și Parmezan,Garnituri,1,18.0,18.0
ORD-202608-02304,Restaurantul Nostru,Cappuccino cu Spumă de Lapte,Băuturi Răcoritoare & Cafea,2,15.0,30.0
ORD-202608-02304,Restaurantul Nostru,Salată de Murături Asortate,Salate,2,14.0,28.0
ORD-202608-02304,Restaurantul Nostru,Papanași cu Smântână și Dulceață de Afine (2 buc),Desert,1,32.0,32.0
ORD-202608-02305,Restaurantul Nostru,Supă Cremă de Legume cu Crutoane,Ciorbe & Supe,1,22.0,22.0
ORD-202608-02305,Restaurantul Nostru,Burger Casei cu Cartofi Prăjiți,Mâncăruri Gătite & Specialități,1,49.0,49.0
ORD-202608-02305,Restaurantul Nostru,Limonadă Proaspătă cu Miere și Mentă 0.5L,Băuturi Răcoritoare & Cafea,1,20.0,20.0
ORD-202608-02306,Restaurantul Nostru,Bulz Ardelenesc la Grătar,Aperitive & Gustări,1,32.0,32.0
ORD-202608-02306,Restaurantul Nostru,Platou Gustări Rece Tradiționale,Cârnați & Platouri,1,85.0,85.0
ORD-202608-02306,Restaurantul Nostru,Salată de Ardei Copți,Salate,1,16.0,16.0
ORD-202608-02306,Restaurantul Nostru,Salată Grecească,Salate,1,34.0,34.0
ORD-202608-02306,Restaurantul Nostru,Muștar Clasic,Sosuri & Extra,1,4.0,4.0
ORD-202608-02307,Restaurantul Nostru,Mujdei de Usturoi Tradițional,Sosuri & Extra,2,5.0,10.0
ORD-202608-02307,Restaurantul Nostru,Ceafă de Porc la Grătar,Preparate la Grătar & Mici,2,38.0,76.0
ORD-202608-02307,Restaurantul Nostru,Platou Cârnați Asortați,Cârnați & Platouri,1,95.0,95.0
ORD-202608-02307,Restaurantul Nostru,Ciolan de Porc Rumexit la Cuptor,Mâncăruri Gătite & Specialități,1,78.0,78.0
ORD-202608-02308,Restaurantul Nostru,Ciorbă de Perișoare,Ciorbe & Supe,1,24.0,24.0
ORD-202608-02308,Restaurantul Nostru,Coca-Cola / Coca-Cola Zero 0.33L,Băuturi Răcoritoare & Cafea,1,12.0,12.0
ORD-202608-02308,Restaurantul Nostru,Fasole Bătută cu Ceapă Călită,Aperitive & Gustări,1,20.0,20.0
ORD-202608-02308,Restaurantul Nostru,Apă Minerală / Plată Borsec 0.5L,Băuturi Răcoritoare & Cafea,3,10.0,30.0
ORD-202608-02309,Restaurantul Nostru,Piept de Pui la Grătar,Preparate la Grătar & Mici,1,34.0,34.0
ORD-202608-02309,Restaurantul Nostru,Ciolan de Porc Rumexit la Cuptor,Mâncăruri Gătite & Specialități,1,78.0,78.0
ORD-202608-02309,Restaurantul Nostru,Smântână Proaspătă 20%,Sosuri & Extra,1,5.0,5.0
ORD-202608-02310,Restaurantul Nostru,Coș de Pâine de Casă,Sosuri & Extra,3,7.0,21.0
ORD-202608-02310,Restaurantul Nostru,Platou Gustări Rece Tradiționale,Cârnați & Platouri,2,85.0,170.0
ORD-202608-02311,Restaurantul Nostru,Varză Călită în Vin cu Chimen,Garnituri,2,15.0,30.0
ORD-202608-02311,Restaurantul Nostru,Salată de Vinete Coapte pe Plită,Aperitive & Gustări,2,24.0,48.0
ORD-202608-02311,Restaurantul Nostru,Bere Nepasteurizată Zăganu 0.5L,Băuturi Alcoolice & Bere,1,22.0,22.0
ORD-202608-02311,Restaurantul Nostru,Bere Heineken 0.33L,Băuturi Alcoolice & Bere,2,16.0,32.0
ORD-202608-02311,Restaurantul Nostru,Sos Barbeque,Sosuri & Extra,1,6.0,6.0
ORD-202608-02312,Restaurantul Nostru,Apă Minerală / Plată Borsec 0.5L,Băuturi Răcoritoare & Cafea,1,10.0,10.0
ORD-202608-02312,Restaurantul Nostru,Pachet Vinul Casei Fetească Regală 1L,Băuturi Alcoolice & Bere,2,55.0,110.0
ORD-202608-02313,Restaurantul Nostru,Iahnie de Fasole cu Bacon,Garnituri,3,16.0,48.0
ORD-202608-02313,Restaurantul Nostru,Tochitură Moldovenească cu Mămăligă,Mâncăruri Gătite & Specialități,2,48.0,96.0
ORD-202608-02313,Restaurantul Nostru,Ciorbă de Perișoare,Ciorbe & Supe,1,24.0,24.0
ORD-202608-02313,Restaurantul Nostru,Papanași cu Smântână și Dulceață de Afine (2 buc),Desert,1,32.0,32.0
ORD-202608-02314,Restaurantul Nostru,Varză Călită în Vin cu Chimen,Garnituri,1,15.0,15.0
ORD-202608-02314,Restaurantul Nostru,Bere Nepasteurizată Zăganu 0.5L,Băuturi Alcoolice & Bere,1,22.0,22.0
ORD-202608-02315,Restaurantul Nostru,Salată de Ardei Copți,Salate,1,16.0,16.0
ORD-202608-02315,Restaurantul Nostru,Espresso Scurt / Lung Julius Meinl,Băuturi Răcoritoare & Cafea,1,12.0,12.0
ORD-202608-02315,Restaurantul Nostru,Burger Casei cu Cartofi Prăjiți,Mâncăruri Gătite & Specialități,1,49.0,49.0
ORD-202608-02315,Restaurantul Nostru,Sarmale Românești în Foi de Varză (4 buc),Mâncăruri Gătite & Specialități,1,44.0,44.0
ORD-202608-02316,Restaurantul Nostru,Iahnie de Fasole cu Bacon,Garnituri,1,16.0,16.0
ORD-202608-02316,Restaurantul Nostru,Coca-Cola / Coca-Cola Zero 0.33L,Băuturi Răcoritoare & Cafea,1,12.0,12.0
ORD-202608-02316,Restaurantul Nostru,Coș de Pâine de Casă,Sosuri & Extra,1,7.0,7.0
ORD-202608-02316,Restaurantul Nostru,Cappuccino cu Spumă de Lapte,Băuturi Răcoritoare & Cafea,1,15.0,15.0
ORD-202608-02316,Restaurantul Nostru,Supă Cremă de Legume cu Crutoane,Ciorbe & Supe,1,22.0,22.0
ORD-202608-02317,Restaurantul Nostru,Platou Gustări Rece Tradiționale,Cârnați & Platouri,1,85.0,85.0
ORD-202608-02317,Restaurantul Nostru,Muștar Clasic,Sosuri & Extra,1,4.0,4.0
ORD-202608-02318,Restaurantul Nostru,Platou Gustări Rece Tradiționale,Cârnați & Platouri,1,85.0,85.0
ORD-202608-02318,Restaurantul Nostru,Sos Barbeque,Sosuri & Extra,1,6.0,6.0
ORD-202608-02318,Restaurantul Nostru,Sarmale Românești în Foi de Varză (4 buc),Mâncăruri Gătite & Specialități,1,44.0,44.0
ORD-202608-02318,Restaurantul Nostru,Espresso Scurt / Lung Julius Meinl,Băuturi Răcoritoare & Cafea,2,12.0,24.0
ORD-202608-02318,Restaurantul Nostru,Supă Cremă de Legume cu Crutoane,Ciorbe & Supe,1,22.0,22.0
ORD-202608-02319,Restaurantul Nostru,Sos Barbeque,Sosuri & Extra,1,6.0,6.0
ORD-202608-02319,Restaurantul Nostru,Piure de Cartofi cu Unt,Garnituri,1,16.0,16.0
ORD-202608-02319,Restaurantul Nostru,Salată Grecească,Salate,1,34.0,34.0
ORD-202608-02319,Restaurantul Nostru,Coș de Pâine de Casă,Sosuri & Extra,1,7.0,7.0
ORD-202608-02320,Restaurantul Nostru,Coca-Cola / Coca-Cola Zero 0.33L,Băuturi Răcoritoare & Cafea,2,12.0,24.0
ORD-202608-02320,Restaurantul Nostru,Limonadă Proaspătă cu Miere și Mentă 0.5L,Băuturi Răcoritoare & Cafea,2,20.0,40.0
ORD-202608-02320,Restaurantul Nostru,Șnițel Gigant de Pui Pane,Mâncăruri Gătite & Specialități,1,36.0,36.0
ORD-202608-02320,Restaurantul Nostru,Piept de Pui la Grătar,Preparate la Grătar & Mici,2,34.0,68.0
ORD-202608-02321,Restaurantul Nostru,Mujdei de Usturoi Tradițional,Sosuri & Extra,1,5.0,5.0
ORD-202608-02321,Restaurantul Nostru,Coș de Pâine de Casă,Sosuri & Extra,1,7.0,7.0
ORD-202608-02322,Restaurantul Nostru,Varză Călită în Vin cu Chimen,Garnituri,2,15.0,30.0
ORD-202608-02322,Restaurantul Nostru,Burger Casei cu Cartofi Prăjiți,Mâncăruri Gătite & Specialități,1,49.0,49.0
ORD-202608-02322,Restaurantul Nostru,Ciolan de Porc Rumexit la Cuptor,Mâncăruri Gătite & Specialități,1,78.0,78.0
ORD-202608-02322,Restaurantul Nostru,Bere Ciuc Premium la Draught 0.4L,Băuturi Alcoolice & Bere,1,14.0,14.0
ORD-202608-02323,Restaurantul Nostru,Salată de Vinete Coapte pe Plită,Aperitive & Gustări,1,24.0,24.0
ORD-202608-02323,Restaurantul Nostru,Cappuccino cu Spumă de Lapte,Băuturi Răcoritoare & Cafea,1,15.0,15.0
ORD-202608-02323,Restaurantul Nostru,Apă Minerală / Plată Borsec 0.5L,Băuturi Răcoritoare & Cafea,1,10.0,10.0
ORD-202608-02323,Restaurantul Nostru,Ciorbă Rădăuțeană de Pui,Ciorbe & Supe,1,26.0,26.0
ORD-202608-02323,Restaurantul Nostru,Bulz Ardelenesc la Grătar,Aperitive & Gustări,1,32.0,32.0
ORD-202608-02324,Restaurantul Nostru,Vin Purcari Rară Neagră Sticlă 0.75L,Băuturi Alcoolice & Bere,1,95.0,95.0
ORD-202608-02324,Restaurantul Nostru,Mămăliguță Caldă,Garnituri,1,8.0,8.0
ORD-202608-02324,Restaurantul Nostru,Bere Nepasteurizată Zăganu 0.5L,Băuturi Alcoolice & Bere,1,22.0,22.0
ORD-202608-02324,Restaurantul Nostru,Ciorbă de Văcuță,Ciorbe & Supe,2,25.0,50.0
ORD-202608-02324,Restaurantul Nostru,Burger Casei cu Cartofi Prăjiți,Mâncăruri Gătite & Specialități,1,49.0,49.0
ORD-202608-02325,Restaurantul Nostru,Bere Ciuc Premium la Draught 0.4L,Băuturi Alcoolice & Bere,1,14.0,14.0
ORD-202608-02325,Restaurantul Nostru,Limonadă Proaspătă cu Miere și Mentă 0.5L,Băuturi Răcoritoare & Cafea,1,20.0,20.0
ORD-202608-02326,Restaurantul Nostru,Fasole Bătută cu Ceapă Călită,Aperitive & Gustări,3,20.0,60.0
ORD-202608-02326,Restaurantul Nostru,Platou Cârnați Asortați,Cârnați & Platouri,1,95.0,95.0
ORD-202608-02326,Restaurantul Nostru,Ciorbă de Perișoare,Ciorbe & Supe,1,24.0,24.0
ORD-202608-02327,Restaurantul Nostru,Tochitură Moldovenească cu Mămăligă,Mâncăruri Gătite & Specialități,1,48.0,48.0
ORD-202608-02327,Restaurantul Nostru,Salată de Murături Asortate,Salate,1,14.0,14.0
ORD-202608-02327,Restaurantul Nostru,Clătite cu Finetti și Banane (2 buc),Desert,1,22.0,22.0
ORD-202608-02327,Restaurantul Nostru,Smântână Proaspătă 20%,Sosuri & Extra,3,5.0,15.0
ORD-202608-02328,Restaurantul Nostru,Pastramă de Oaie la Tigaie cu Mămăligă,Mâncăruri Gătite & Specialități,1,56.0,56.0
ORD-202608-02328,Restaurantul Nostru,Varză Călită în Vin cu Chimen,Garnituri,1,15.0,15.0
ORD-202608-02328,Restaurantul Nostru,Coș de Pâine de Casă,Sosuri & Extra,1,7.0,7.0
ORD-202608-02329,Restaurantul Nostru,Burger Casei cu Cartofi Prăjiți,Mâncăruri Gătite & Specialități,1,49.0,49.0
ORD-202608-02329,Restaurantul Nostru,Cârnați Picanți de Pleșcoi,Cârnați & Platouri,1,42.0,42.0
ORD-202608-02329,Restaurantul Nostru,Muștar Clasic,Sosuri & Extra,1,4.0,4.0
ORD-202608-02329,Restaurantul Nostru,Sarmale Românești în Foi de Varză (4 buc),Mâncăruri Gătite & Specialități,1,44.0,44.0
ORD-202608-02330,Restaurantul Nostru,Salată Caesar cu Pui la Grătar,Salate,1,38.0,38.0
ORD-202608-02330,Restaurantul Nostru,Platou Boieresc (2-3 persoane),Cârnați & Platouri,1,145.0,145.0
ORD-202608-02331,Restaurantul Nostru,Varză Călită în Vin cu Chimen,Garnituri,1,15.0,15.0
ORD-202608-02331,Restaurantul Nostru,Salată de Vinete Coapte pe Plită,Aperitive & Gustări,2,24.0,48.0
ORD-202608-02331,Restaurantul Nostru,Vin Purcari Rară Neagră Sticlă 0.75L,Băuturi Alcoolice & Bere,1,95.0,95.0
ORD-202608-02331,Restaurantul Nostru,Cartofi Prăjiți cu Usturoi și Parmezan,Garnituri,1,18.0,18.0
ORD-202608-02331,Restaurantul Nostru,Mici de Oaie și Vită (1 buc),Preparate la Grătar & Mici,1,8.5,8.5
ORD-202608-02332,Restaurantul Nostru,Mujdei de Usturoi Tradițional,Sosuri & Extra,1,5.0,5.0
ORD-202608-02332,Restaurantul Nostru,Salată de Ardei Copți,Salate,1,16.0,16.0
ORD-202608-02332,Restaurantul Nostru,Salată de Murături Asortate,Salate,1,14.0,14.0
ORD-202608-02332,Restaurantul Nostru,Supă Cremă de Legume cu Crutoane,Ciorbe & Supe,2,22.0,44.0
ORD-202608-02333,Restaurantul Nostru,Mămăliguță Caldă,Garnituri,1,8.0,8.0
ORD-202608-02333,Restaurantul Nostru,Platou Cârnați Asortați,Cârnați & Platouri,1,95.0,95.0
ORD-202608-02333,Restaurantul Nostru,Ceafă de Porc la Grătar,Preparate la Grătar & Mici,1,38.0,38.0
ORD-202608-02334,Restaurantul Nostru,Salată Caesar cu Pui la Grătar,Salate,1,38.0,38.0
ORD-202608-02334,Restaurantul Nostru,Cârnați Picanți de Pleșcoi,Cârnați & Platouri,3,42.0,126.0
ORD-202608-02334,Restaurantul Nostru,Piure de Cartofi cu Unt,Garnituri,1,16.0,16.0
ORD-202608-02335,Restaurantul Nostru,Bere Heineken 0.33L,Băuturi Alcoolice & Bere,2,16.0,32.0
ORD-202608-02335,Restaurantul Nostru,Muștar Clasic,Sosuri & Extra,3,4.0,12.0
ORD-202608-02335,Restaurantul Nostru,Cappuccino cu Spumă de Lapte,Băuturi Răcoritoare & Cafea,1,15.0,15.0
ORD-202608-02336,Restaurantul Nostru,Supă Cremă de Legume cu Crutoane,Ciorbe & Supe,1,22.0,22.0
ORD-202608-02336,Restaurantul Nostru,Papanași cu Smântână și Dulceață de Afine (2 buc),Desert,2,32.0,64.0
ORD-202608-02336,Restaurantul Nostru,Fasole Bătută cu Ceapă Călită,Aperitive & Gustări,2,20.0,40.0
ORD-202608-02336,Restaurantul Nostru,Iahnie de Fasole cu Bacon,Garnituri,1,16.0,16.0
ORD-202608-02336,Restaurantul Nostru,Espresso Scurt / Lung Julius Meinl,Băuturi Răcoritoare & Cafea,1,12.0,12.0
ORD-202608-02337,Restaurantul Nostru,Fasole Bătută cu Ceapă Călită,Aperitive & Gustări,1,20.0,20.0
ORD-202608-02337,Restaurantul Nostru,Ciorbă Rădăuțeană de Pui,Ciorbe & Supe,1,26.0,26.0
ORD-202608-02337,Restaurantul Nostru,Espresso Scurt / Lung Julius Meinl,Băuturi Răcoritoare & Cafea,1,12.0,12.0
ORD-202608-02338,Restaurantul Nostru,Sos Barbeque,Sosuri & Extra,1,6.0,6.0
ORD-202608-02338,Restaurantul Nostru,Frăție de Mici & Cârnați,Preparate la Grătar & Mici,1,54.0,54.0
ORD-202608-02338,Restaurantul Nostru,Mici de Oaie și Vită (1 buc),Preparate la Grătar & Mici,1,8.5,8.5
ORD-202608-02338,Restaurantul Nostru,Bere Heineken 0.33L,Băuturi Alcoolice & Bere,1,16.0,16.0
ORD-202608-02338,Restaurantul Nostru,Șnițel Gigant de Pui Pane,Mâncăruri Gătite & Specialități,1,36.0,36.0
ORD-202608-02339,Restaurantul Nostru,Coș de Pâine de Casă,Sosuri & Extra,2,7.0,14.0
ORD-202608-02339,Restaurantul Nostru,Platou Boieresc (2-3 persoane),Cârnați & Platouri,2,145.0,290.0
ORD-202608-02339,Restaurantul Nostru,Piept de Pui la Grătar,Preparate la Grătar & Mici,1,34.0,34.0
ORD-202608-02339,Restaurantul Nostru,Burger Casei cu Cartofi Prăjiți,Mâncăruri Gătite & Specialități,1,49.0,49.0
ORD-202608-02340,Restaurantul Nostru,Apă Minerală / Plată Borsec 0.5L,Băuturi Răcoritoare & Cafea,1,10.0,10.0
ORD-202608-02340,Restaurantul Nostru,Cappuccino cu Spumă de Lapte,Băuturi Răcoritoare & Cafea,2,15.0,30.0
ORD-202608-02340,Restaurantul Nostru,Salată Grecească,Salate,1,34.0,34.0
ORD-202608-02340,Restaurantul Nostru,Clătite cu Finetti și Banane (2 buc),Desert,1,22.0,22.0
ORD-202608-02341,Restaurantul Nostru,Sarmale Românești în Foi de Varză (4 buc),Mâncăruri Gătite & Specialități,1,44.0,44.0
ORD-202608-02341,Restaurantul Nostru,Platou Cârnați Asortați,Cârnați & Platouri,1,95.0,95.0
ORD-202608-02341,Restaurantul Nostru,Salată Caesar cu Pui la Grătar,Salate,2,38.0,76.0
ORD-202608-02342,Restaurantul Nostru,Ciorbă de Văcuță,Ciorbe & Supe,1,25.0,25.0
ORD-202608-02342,Restaurantul Nostru,Vin Purcari Rară Neagră Sticlă 0.75L,Băuturi Alcoolice & Bere,1,95.0,95.0
ORD-202608-02343,Restaurantul Nostru,Platou Cârnați Asortați,Cârnați & Platouri,2,95.0,190.0
ORD-202608-02343,Restaurantul Nostru,Salată de Murături Asortate,Salate,2,14.0,28.0
ORD-202608-02343,Restaurantul Nostru,Muștar Clasic,Sosuri & Extra,1,4.0,4.0
ORD-202608-02343,Restaurantul Nostru,Ciorbă de Văcuță,Ciorbe & Supe,1,25.0,25.0
ORD-202608-02344,Restaurantul Nostru,Salată de Vinete Coapte pe Plită,Aperitive & Gustări,1,24.0,24.0
ORD-202608-02344,Restaurantul Nostru,Ceafă de Porc la Grătar,Preparate la Grătar & Mici,3,38.0,114.0
ORD-202608-02344,Restaurantul Nostru,Papanași cu Smântână și Dulceață de Afine (2 buc),Desert,1,32.0,32.0
ORD-202608-02344,Restaurantul Nostru,Mămăliguță Caldă,Garnituri,1,8.0,8.0
ORD-202608-02345,Restaurantul Nostru,Burger Casei cu Cartofi Prăjiți,Mâncăruri Gătite & Specialități,1,49.0,49.0
ORD-202608-02345,Restaurantul Nostru,Cașcaval Pane Crocant,Aperitive & Gustări,3,28.0,84.0
ORD-202608-02345,Restaurantul Nostru,Ciorbă de Perișoare,Ciorbe & Supe,1,24.0,24.0
ORD-202608-02345,Restaurantul Nostru,Cartofi Prăjiți cu Usturoi și Parmezan,Garnituri,1,18.0,18.0
ORD-202608-02346,Restaurantul Nostru,Bere Heineken 0.33L,Băuturi Alcoolice & Bere,2,16.0,32.0
ORD-202608-02346,Restaurantul Nostru,Țuică de Prune Ardelenească 50ml,Băuturi Alcoolice & Bere,2,18.0,36.0
ORD-202608-02346,Restaurantul Nostru,Frăție de Mici & Cârnați,Preparate la Grătar & Mici,2,54.0,108.0
ORD-202608-02347,Restaurantul Nostru,Coș de Pâine de Casă,Sosuri & Extra,1,7.0,7.0
ORD-202608-02347,Restaurantul Nostru,Ciorbă de Burtiță Tradițională,Ciorbe & Supe,1,28.0,28.0
ORD-202608-02347,Restaurantul Nostru,Salată Caesar cu Pui la Grătar,Salate,1,38.0,38.0
ORD-202608-02347,Restaurantul Nostru,Iahnie de Fasole cu Bacon,Garnituri,2,16.0,32.0
ORD-202608-02348,Restaurantul Nostru,Bere Heineken 0.33L,Băuturi Alcoolice & Bere,1,16.0,16.0
ORD-202608-02348,Restaurantul Nostru,Pastramă de Oaie la Tigaie cu Mămăligă,Mâncăruri Gătite & Specialități,1,56.0,56.0
ORD-202608-02349,Restaurantul Nostru,Bere Heineken 0.33L,Băuturi Alcoolice & Bere,1,16.0,16.0
ORD-202608-02349,Restaurantul Nostru,Burger Casei cu Cartofi Prăjiți,Mâncăruri Gătite & Specialități,1,49.0,49.0
ORD-202608-02349,Restaurantul Nostru,Clătite cu Finetti și Banane (2 buc),Desert,1,22.0,22.0
ORD-202608-02349,Restaurantul Nostru,Platou Boieresc (2-3 persoane),Cârnați & Platouri,1,145.0,145.0
ORD-202608-02350,Restaurantul Nostru,Platou Gustări Rece Tradiționale,Cârnați & Platouri,1,85.0,85.0
ORD-202608-02350,Restaurantul Nostru,Ștrudel de Mere cu Sos de Vanilie,Desert,1,25.0,25.0
ORD-202608-02350,Restaurantul Nostru,Platou Cârnați Asortați,Cârnați & Platouri,1,95.0,95.0
ORD-202608-02351,Restaurantul Nostru,Sarmale Românești în Foi de Varză (4 buc),Mâncăruri Gătite & Specialități,1,44.0,44.0
ORD-202608-02351,Restaurantul Nostru,Clătite cu Finetti și Banane (2 buc),Desert,1,22.0,22.0
ORD-202608-02351,Restaurantul Nostru,Burger Casei cu Cartofi Prăjiți,Mâncăruri Gătite & Specialități,1,49.0,49.0
ORD-202608-02351,Restaurantul Nostru,Ciolan de Porc Rumexit la Cuptor,Mâncăruri Gătite & Specialități,1,78.0,78.0
ORD-202608-02351,Restaurantul Nostru,Iahnie de Fasole cu Bacon,Garnituri,1,16.0,16.0
ORD-202608-02352,Restaurantul Nostru,Smântână Proaspătă 20%,Sosuri & Extra,1,5.0,5.0
ORD-202608-02352,Restaurantul Nostru,Ciorbă de Perișoare,Ciorbe & Supe,1,24.0,24.0
ORD-202608-02352,Restaurantul Nostru,Bere Ciuc Premium la Draught 0.4L,Băuturi Alcoolice & Bere,1,14.0,14.0
ORD-202608-02352,Restaurantul Nostru,Limonadă Proaspătă cu Miere și Mentă 0.5L,Băuturi Răcoritoare & Cafea,1,20.0,20.0
ORD-202608-02353,Restaurantul Nostru,Espresso Scurt / Lung Julius Meinl,Băuturi Răcoritoare & Cafea,1,12.0,12.0
ORD-202608-02353,Restaurantul Nostru,Mujdei de Usturoi Tradițional,Sosuri & Extra,1,5.0,5.0
ORD-202608-02353,Restaurantul Nostru,Frigărui de Berbecuț,Preparate la Grătar & Mici,1,58.0,58.0
ORD-202608-02354,Restaurantul Nostru,Cappuccino cu Spumă de Lapte,Băuturi Răcoritoare & Cafea,1,15.0,15.0
ORD-202608-02354,Restaurantul Nostru,Piept de Pui la Grătar,Preparate la Grătar & Mici,1,34.0,34.0
ORD-202608-02355,Restaurantul Nostru,Smântână Proaspătă 20%,Sosuri & Extra,2,5.0,10.0
ORD-202608-02355,Restaurantul Nostru,Pachet Vinul Casei Fetească Regală 1L,Băuturi Alcoolice & Bere,1,55.0,55.0
ORD-202608-02355,Restaurantul Nostru,Salată de Ardei Copți,Salate,1,16.0,16.0
ORD-202608-02355,Restaurantul Nostru,Limonadă Proaspătă cu Miere și Mentă 0.5L,Băuturi Răcoritoare & Cafea,2,20.0,40.0
ORD-202608-02355,Restaurantul Nostru,Ciorbă Rădăuțeană de Pui,Ciorbe & Supe,1,26.0,26.0
ORD-202608-02356,Restaurantul Nostru,Vin Purcari Rară Neagră Sticlă 0.75L,Băuturi Alcoolice & Bere,1,95.0,95.0
ORD-202608-02356,Restaurantul Nostru,Bere Ciuc Premium la Draught 0.4L,Băuturi Alcoolice & Bere,2,14.0,28.0
ORD-202608-02357,Restaurantul Nostru,Platou Cârnați Asortați,Cârnați & Platouri,1,95.0,95.0
ORD-202608-02357,Restaurantul Nostru,Țuică de Prune Ardelenească 50ml,Băuturi Alcoolice & Bere,2,18.0,36.0
ORD-202608-02357,Restaurantul Nostru,Supă Cremă de Legume cu Crutoane,Ciorbe & Supe,1,22.0,22.0
ORD-202608-02357,Restaurantul Nostru,Piure de Cartofi cu Unt,Garnituri,1,16.0,16.0
ORD-202608-02358,Restaurantul Nostru,Salată de Ardei Copți,Salate,1,16.0,16.0
ORD-202608-02358,Restaurantul Nostru,Ștrudel de Mere cu Sos de Vanilie,Desert,1,25.0,25.0
ORD-202608-02358,Restaurantul Nostru,Mămăliguță Caldă,Garnituri,1,8.0,8.0
ORD-202608-02358,Restaurantul Nostru,Cartofi Prăjiți cu Usturoi și Parmezan,Garnituri,1,18.0,18.0
ORD-202608-02359,Restaurantul Nostru,Burger Casei cu Cartofi Prăjiți,Mâncăruri Gătite & Specialități,2,49.0,98.0
ORD-202608-02359,Restaurantul Nostru,Muștar Clasic,Sosuri & Extra,1,4.0,4.0
ORD-202608-02360,Restaurantul Nostru,Ciorbă Rădăuțeană de Pui,Ciorbe & Supe,1,26.0,26.0
ORD-202608-02360,Restaurantul Nostru,Șnițel Gigant de Pui Pane,Mâncăruri Gătite & Specialități,2,36.0,72.0
ORD-202608-02361,Restaurantul Nostru,Coca-Cola / Coca-Cola Zero 0.33L,Băuturi Răcoritoare & Cafea,2,12.0,24.0
ORD-202608-02361,Restaurantul Nostru,Ștrudel de Mere cu Sos de Vanilie,Desert,1,25.0,25.0
ORD-202608-02362,Restaurantul Nostru,Coca-Cola / Coca-Cola Zero 0.33L,Băuturi Răcoritoare & Cafea,1,12.0,12.0
ORD-202608-02362,Restaurantul Nostru,Cappuccino cu Spumă de Lapte,Băuturi Răcoritoare & Cafea,1,15.0,15.0
ORD-202608-02363,Restaurantul Nostru,Ciorbă de Perișoare,Ciorbe & Supe,2,24.0,48.0
ORD-202608-02363,Restaurantul Nostru,Cappuccino cu Spumă de Lapte,Băuturi Răcoritoare & Cafea,1,15.0,15.0
ORD-202608-02363,Restaurantul Nostru,Salată Grecească,Salate,1,34.0,34.0
ORD-202608-02364,Restaurantul Nostru,Platou Gustări Rece Tradiționale,Cârnați & Platouri,2,85.0,170.0
ORD-202608-02364,Restaurantul Nostru,Mămăliguță Caldă,Garnituri,2,8.0,16.0
ORD-202608-02364,Restaurantul Nostru,Iahnie de Fasole cu Bacon,Garnituri,1,16.0,16.0
ORD-202608-02364,Restaurantul Nostru,Muștar Clasic,Sosuri & Extra,1,4.0,4.0
ORD-202608-02364,Restaurantul Nostru,Ștrudel de Mere cu Sos de Vanilie,Desert,2,25.0,50.0
ORD-202608-02365,Restaurantul Nostru,Bere Ciuc Premium la Draught 0.4L,Băuturi Alcoolice & Bere,1,14.0,14.0
ORD-202608-02365,Restaurantul Nostru,Ștrudel de Mere cu Sos de Vanilie,Desert,1,25.0,25.0
ORD-202608-02366,Restaurantul Nostru,Țuică de Prune Ardelenească 50ml,Băuturi Alcoolice & Bere,1,18.0,18.0
ORD-202608-02366,Restaurantul Nostru,Vin Purcari Rară Neagră Sticlă 0.75L,Băuturi Alcoolice & Bere,1,95.0,95.0
ORD-202608-02366,Restaurantul Nostru,Varză Călită în Vin cu Chimen,Garnituri,1,15.0,15.0
ORD-202608-02366,Restaurantul Nostru,Cartofi Prăjiți cu Usturoi și Parmezan,Garnituri,1,18.0,18.0
ORD-202608-02366,Restaurantul Nostru,Salată Grecească,Salate,2,34.0,68.0
ORD-202608-02367,Restaurantul Nostru,Salată Caesar cu Pui la Grătar,Salate,1,38.0,38.0
ORD-202608-02367,Restaurantul Nostru,Clătite cu Finetti și Banane (2 buc),Desert,1,22.0,22.0
ORD-202608-02368,Restaurantul Nostru,Țuică de Prune Ardelenească 50ml,Băuturi Alcoolice & Bere,2,18.0,36.0
ORD-202608-02368,Restaurantul Nostru,Mujdei de Usturoi Tradițional,Sosuri & Extra,1,5.0,5.0
ORD-202608-02368,Restaurantul Nostru,Platou Gustări Rece Tradiționale,Cârnați & Platouri,1,85.0,85.0
ORD-202608-02368,Restaurantul Nostru,Șnițel Gigant de Pui Pane,Mâncăruri Gătite & Specialități,1,36.0,36.0
ORD-202608-02368,Restaurantul Nostru,Bere Nepasteurizată Zăganu 0.5L,Băuturi Alcoolice & Bere,1,22.0,22.0
ORD-202608-02369,Restaurantul Nostru,Apă Minerală / Plată Borsec 0.5L,Băuturi Răcoritoare & Cafea,1,10.0,10.0
ORD-202608-02369,Restaurantul Nostru,Ceafă de Porc la Grătar,Preparate la Grătar & Mici,1,38.0,38.0
ORD-202608-02369,Restaurantul Nostru,Ciorbă de Văcuță,Ciorbe & Supe,1,25.0,25.0
ORD-202608-02369,Restaurantul Nostru,Varză Călită în Vin cu Chimen,Garnituri,1,15.0,15.0
ORD-202608-02369,Restaurantul Nostru,Bulz Ardelenesc la Grătar,Aperitive & Gustări,1,32.0,32.0
ORD-202608-02370,Restaurantul Nostru,Platou Cârnați Asortați,Cârnați & Platouri,1,95.0,95.0
ORD-202608-02370,Restaurantul Nostru,Espresso Scurt / Lung Julius Meinl,Băuturi Răcoritoare & Cafea,2,12.0,24.0
ORD-202608-02370,Restaurantul Nostru,Iahnie de Fasole cu Bacon,Garnituri,1,16.0,16.0
ORD-202608-02370,Restaurantul Nostru,Platou Boieresc (2-3 persoane),Cârnați & Platouri,1,145.0,145.0
ORD-202608-02370,Restaurantul Nostru,Sos Barbeque,Sosuri & Extra,1,6.0,6.0
ORD-202608-02371,Restaurantul Nostru,Bere Ciuc Premium la Draught 0.4L,Băuturi Alcoolice & Bere,2,14.0,28.0
ORD-202608-02371,Restaurantul Nostru,Salată de Murături Asortate,Salate,1,14.0,14.0
ORD-202608-02371,Restaurantul Nostru,Cașcaval Pane Crocant,Aperitive & Gustări,1,28.0,28.0
ORD-202608-02371,Restaurantul Nostru,Mici de Oaie și Vită (1 buc),Preparate la Grătar & Mici,1,8.5,8.5
ORD-202608-02372,Restaurantul Nostru,Ciolan de Porc Rumexit la Cuptor,Mâncăruri Gătite & Specialități,1,78.0,78.0
ORD-202608-02372,Restaurantul Nostru,Platou Cârnați Asortați,Cârnați & Platouri,1,95.0,95.0
ORD-202608-02372,Restaurantul Nostru,Ștrudel de Mere cu Sos de Vanilie,Desert,1,25.0,25.0
ORD-202608-02372,Restaurantul Nostru,Limonadă Proaspătă cu Miere și Mentă 0.5L,Băuturi Răcoritoare & Cafea,1,20.0,20.0
ORD-202608-02373,Restaurantul Nostru,Mici Românești de Vită-Porc (1 buc),Preparate la Grătar & Mici,3,7.5,22.5
ORD-202608-02373,Restaurantul Nostru,Smântână Proaspătă 20%,Sosuri & Extra,1,5.0,5.0
ORD-202608-02373,Restaurantul Nostru,Ștrudel de Mere cu Sos de Vanilie,Desert,2,25.0,50.0
ORD-202608-02374,Restaurantul Nostru,Frigărui de Berbecuț,Preparate la Grătar & Mici,1,58.0,58.0
ORD-202608-02374,Restaurantul Nostru,Papanași cu Smântână și Dulceață de Afine (2 buc),Desert,1,32.0,32.0
ORD-202608-02374,Restaurantul Nostru,Clătite cu Finetti și Banane (2 buc),Desert,1,22.0,22.0
ORD-202608-02375,Restaurantul Nostru,Cartofi Prăjiți cu Usturoi și Parmezan,Garnituri,1,18.0,18.0
ORD-202608-02375,Restaurantul Nostru,Salată Caesar cu Pui la Grătar,Salate,1,38.0,38.0
ORD-202608-02375,Restaurantul Nostru,Ciorbă de Văcuță,Ciorbe & Supe,1,25.0,25.0
ORD-202608-02375,Restaurantul Nostru,Salată de Murături Asortate,Salate,1,14.0,14.0
ORD-202608-02375,Restaurantul Nostru,Ștrudel de Mere cu Sos de Vanilie,Desert,1,25.0,25.0
ORD-202608-02376,Restaurantul Nostru,Salată de Vinete Coapte pe Plită,Aperitive & Gustări,1,24.0,24.0
ORD-202608-02376,Restaurantul Nostru,Tochitură Moldovenească cu Mămăligă,Mâncăruri Gătite & Specialități,1,48.0,48.0
ORD-202608-02376,Restaurantul Nostru,Salată Grecească,Salate,1,34.0,34.0
ORD-202608-02377,Restaurantul Nostru,Ciorbă de Burtiță Tradițională,Ciorbe & Supe,1,28.0,28.0
ORD-202608-02377,Restaurantul Nostru,Ciolan de Porc Rumexit la Cuptor,Mâncăruri Gătite & Specialități,3,78.0,234.0
ORD-202608-02377,Restaurantul Nostru,Salată Caesar cu Pui la Grătar,Salate,3,38.0,114.0
ORD-202608-02377,Restaurantul Nostru,Lava Cake cu Înghețată de Vanilie,Desert,2,28.0,56.0
ORD-202608-02377,Restaurantul Nostru,Coca-Cola / Coca-Cola Zero 0.33L,Băuturi Răcoritoare & Cafea,1,12.0,12.0
ORD-202608-02378,Restaurantul Nostru,Salată Grecească,Salate,1,34.0,34.0
ORD-202608-02378,Restaurantul Nostru,Ștrudel de Mere cu Sos de Vanilie,Desert,1,25.0,25.0
ORD-202608-02379,Restaurantul Nostru,Iahnie de Fasole cu Bacon,Garnituri,1,16.0,16.0
ORD-202608-02379,Restaurantul Nostru,Muștar Clasic,Sosuri & Extra,2,4.0,8.0
ORD-202608-02379,Restaurantul Nostru,Pachet Vinul Casei Fetească Regală 1L,Băuturi Alcoolice & Bere,1,55.0,55.0
ORD-202608-02379,Restaurantul Nostru,Sarmale Românești în Foi de Varză (4 buc),Mâncăruri Gătite & Specialități,1,44.0,44.0
ORD-202608-02380,Restaurantul Nostru,Bere Ciuc Premium la Draught 0.4L,Băuturi Alcoolice & Bere,1,14.0,14.0
ORD-202608-02380,Restaurantul Nostru,Salată Grecească,Salate,1,34.0,34.0
ORD-202608-02381,Restaurantul Nostru,Salată de Murături Asortate,Salate,1,14.0,14.0
ORD-202608-02381,Restaurantul Nostru,Șnițel Gigant de Pui Pane,Mâncăruri Gătite & Specialități,1,36.0,36.0
ORD-202608-02381,Restaurantul Nostru,Platou Boieresc (2-3 persoane),Cârnați & Platouri,1,145.0,145.0
ORD-202608-02381,Restaurantul Nostru,Papanași cu Smântână și Dulceață de Afine (2 buc),Desert,1,32.0,32.0
ORD-202608-02381,Restaurantul Nostru,Platou Cârnați Asortați,Cârnați & Platouri,1,95.0,95.0
ORD-202608-02382,Restaurantul Nostru,Frigărui de Berbecuț,Preparate la Grătar & Mici,1,58.0,58.0
ORD-202608-02382,Restaurantul Nostru,Bere Heineken 0.33L,Băuturi Alcoolice & Bere,1,16.0,16.0
ORD-202608-02382,Restaurantul Nostru,Bere Ciuc Premium la Draught 0.4L,Băuturi Alcoolice & Bere,2,14.0,28.0
ORD-202608-02382,Restaurantul Nostru,Salată Grecească,Salate,1,34.0,34.0
ORD-202608-02383,Restaurantul Nostru,Ștrudel de Mere cu Sos de Vanilie,Desert,1,25.0,25.0
ORD-202608-02383,Restaurantul Nostru,Salată de Murături Asortate,Salate,1,14.0,14.0
ORD-202608-02383,Restaurantul Nostru,Cartofi Prăjiți cu Usturoi și Parmezan,Garnituri,1,18.0,18.0
ORD-202608-02384,Restaurantul Nostru,Țuică de Prune Ardelenească 50ml,Băuturi Alcoolice & Bere,1,18.0,18.0
ORD-202608-02384,Restaurantul Nostru,Apă Minerală / Plată Borsec 0.5L,Băuturi Răcoritoare & Cafea,2,10.0,20.0
ORD-202608-02384,Restaurantul Nostru,Mujdei de Usturoi Tradițional,Sosuri & Extra,2,5.0,10.0
ORD-202608-02384,Restaurantul Nostru,Mici de Oaie și Vită (1 buc),Preparate la Grătar & Mici,1,8.5,8.5
ORD-202608-02385,Restaurantul Nostru,Sarmale Românești în Foi de Varză (4 buc),Mâncăruri Gătite & Specialități,2,44.0,88.0
ORD-202608-02385,Restaurantul Nostru,Coș de Pâine de Casă,Sosuri & Extra,1,7.0,7.0
ORD-202608-02386,Restaurantul Nostru,Ciorbă de Perișoare,Ciorbe & Supe,1,24.0,24.0
ORD-202608-02386,Restaurantul Nostru,Pastramă de Oaie la Tigaie cu Mămăligă,Mâncăruri Gătite & Specialități,1,56.0,56.0
ORD-202608-02387,Restaurantul Nostru,Coca-Cola / Coca-Cola Zero 0.33L,Băuturi Răcoritoare & Cafea,2,12.0,24.0
ORD-202608-02387,Restaurantul Nostru,Clătite cu Finetti și Banane (2 buc),Desert,1,22.0,22.0
ORD-202608-02387,Restaurantul Nostru,Bere Ciuc Premium la Draught 0.4L,Băuturi Alcoolice & Bere,2,14.0,28.0
ORD-202608-02388,Restaurantul Nostru,Varză Călită în Vin cu Chimen,Garnituri,1,15.0,15.0
ORD-202608-02388,Restaurantul Nostru,Salată Grecească,Salate,1,34.0,34.0
ORD-202608-02388,Restaurantul Nostru,Salată de Ardei Copți,Salate,1,16.0,16.0
ORD-202608-02388,Restaurantul Nostru,Coca-Cola / Coca-Cola Zero 0.33L,Băuturi Răcoritoare & Cafea,1,12.0,12.0
ORD-202608-02389,Restaurantul Nostru,Lava Cake cu Înghețată de Vanilie,Desert,1,28.0,28.0
ORD-202608-02389,Restaurantul Nostru,Bere Ciuc Premium la Draught 0.4L,Băuturi Alcoolice & Bere,1,14.0,14.0
ORD-202608-02390,Restaurantul Nostru,Sos Barbeque,Sosuri & Extra,2,6.0,12.0
ORD-202608-02390,Restaurantul Nostru,Mujdei de Usturoi Tradițional,Sosuri & Extra,1,5.0,5.0
ORD-202608-02391,Restaurantul Nostru,Salată Grecească,Salate,1,34.0,34.0
ORD-202608-02391,Restaurantul Nostru,Sarmale Românești în Foi de Varză (4 buc),Mâncăruri Gătite & Specialități,2,44.0,88.0
ORD-202608-02391,Restaurantul Nostru,Supă Cremă de Legume cu Crutoane,Ciorbe & Supe,1,22.0,22.0
ORD-202608-02391,Restaurantul Nostru,Ceafă de Porc la Grătar,Preparate la Grătar & Mici,2,38.0,76.0
ORD-202608-02392,Restaurantul Nostru,Varză Călită în Vin cu Chimen,Garnituri,1,15.0,15.0
ORD-202608-02392,Restaurantul Nostru,Salată de Vinete Coapte pe Plită,Aperitive & Gustări,1,24.0,24.0
ORD-202608-02393,Restaurantul Nostru,Ciorbă Rădăuțeană de Pui,Ciorbe & Supe,1,26.0,26.0
ORD-202608-02393,Restaurantul Nostru,Burger Casei cu Cartofi Prăjiți,Mâncăruri Gătite & Specialități,1,49.0,49.0
ORD-202608-02393,Restaurantul Nostru,Coca-Cola / Coca-Cola Zero 0.33L,Băuturi Răcoritoare & Cafea,1,12.0,12.0
ORD-202608-02394,Restaurantul Nostru,Salată Grecească,Salate,1,34.0,34.0
ORD-202608-02394,Restaurantul Nostru,Ciorbă de Perișoare,Ciorbe & Supe,1,24.0,24.0
ORD-202608-02394,Restaurantul Nostru,Salată de Ardei Copți,Salate,1,16.0,16.0
ORD-202608-02394,Restaurantul Nostru,Platou Boieresc (2-3 persoane),Cârnați & Platouri,1,145.0,145.0
ORD-202608-02395,Restaurantul Nostru,Coș de Pâine de Casă,Sosuri & Extra,2,7.0,14.0
ORD-202608-02395,Restaurantul Nostru,Ciolan de Porc Rumexit la Cuptor,Mâncăruri Gătite & Specialități,1,78.0,78.0
ORD-202608-02395,Restaurantul Nostru,Platou Cârnați Asortați,Cârnați & Platouri,1,95.0,95.0
ORD-202608-02395,Restaurantul Nostru,Cârnați Picanți de Pleșcoi,Cârnați & Platouri,1,42.0,42.0
ORD-202608-02396,Restaurantul Nostru,Piure de Cartofi cu Unt,Garnituri,1,16.0,16.0
ORD-202608-02396,Restaurantul Nostru,Clătite cu Finetti și Banane (2 buc),Desert,1,22.0,22.0
ORD-202608-02396,Restaurantul Nostru,Sos Barbeque,Sosuri & Extra,2,6.0,12.0
ORD-202608-02396,Restaurantul Nostru,Mici Românești de Vită-Porc (1 buc),Preparate la Grătar & Mici,1,7.5,7.5
ORD-202608-02397,Restaurantul Nostru,Salată Caesar cu Pui la Grătar,Salate,1,38.0,38.0
ORD-202608-02397,Restaurantul Nostru,Bere Heineken 0.33L,Băuturi Alcoolice & Bere,1,16.0,16.0
ORD-202608-02397,Restaurantul Nostru,Coș de Pâine de Casă,Sosuri & Extra,1,7.0,7.0
ORD-202608-02397,Restaurantul Nostru,Vin Purcari Rară Neagră Sticlă 0.75L,Băuturi Alcoolice & Bere,1,95.0,95.0
ORD-202608-02397,Restaurantul Nostru,Cartofi Prăjiți cu Usturoi și Parmezan,Garnituri,1,18.0,18.0
ORD-202608-02398,Restaurantul Nostru,Pastramă de Oaie la Tigaie cu Mămăligă,Mâncăruri Gătite & Specialități,1,56.0,56.0
ORD-202608-02398,Restaurantul Nostru,Salată de Vinete Coapte pe Plită,Aperitive & Gustări,2,24.0,48.0
ORD-202608-02398,Restaurantul Nostru,Sarmale Românești în Foi de Varză (4 buc),Mâncăruri Gătite & Specialități,2,44.0,88.0
ORD-202608-02398,Restaurantul Nostru,Lava Cake cu Înghețată de Vanilie,Desert,1,28.0,28.0
ORD-202608-02399,Restaurantul Nostru,Salată de Ardei Copți,Salate,1,16.0,16.0
ORD-202608-02399,Restaurantul Nostru,Ceafă de Porc la Grătar,Preparate la Grătar & Mici,1,38.0,38.0
ORD-202608-02399,Restaurantul Nostru,Espresso Scurt / Lung Julius Meinl,Băuturi Răcoritoare & Cafea,1,12.0,12.0
ORD-202608-02400,Restaurantul Nostru,Frăție de Mici & Cârnați,Preparate la Grătar & Mici,1,54.0,54.0
ORD-202608-02400,Restaurantul Nostru,Cârnați Picanți de Pleșcoi,Cârnați & Platouri,1,42.0,42.0
ORD-202608-02401,Restaurantul Nostru,Frigărui de Berbecuț,Preparate la Grătar & Mici,1,58.0,58.0
ORD-202608-02401,Restaurantul Nostru,Mămăliguță Caldă,Garnituri,1,8.0,8.0
ORD-202608-02402,Restaurantul Nostru,Limonadă Proaspătă cu Miere și Mentă 0.5L,Băuturi Răcoritoare & Cafea,1,20.0,20.0
ORD-202608-02402,Restaurantul Nostru,Supă Cremă de Legume cu Crutoane,Ciorbe & Supe,3,22.0,66.0
ORD-202608-02402,Restaurantul Nostru,Țuică de Prune Ardelenească 50ml,Băuturi Alcoolice & Bere,1,18.0,18.0
ORD-202608-02402,Restaurantul Nostru,Coș de Pâine de Casă,Sosuri & Extra,1,7.0,7.0
ORD-202608-02402,Restaurantul Nostru,Ștrudel de Mere cu Sos de Vanilie,Desert,1,25.0,25.0
ORD-202608-02403,Restaurantul Nostru,Tochitură Moldovenească cu Mămăligă,Mâncăruri Gătite & Specialități,1,48.0,48.0
ORD-202608-02403,Restaurantul Nostru,Pastramă de Oaie la Tigaie cu Mămăligă,Mâncăruri Gătite & Specialități,1,56.0,56.0
ORD-202608-02403,Restaurantul Nostru,Ciorbă de Burtiță Tradițională,Ciorbe & Supe,1,28.0,28.0
ORD-202608-02403,Restaurantul Nostru,Smântână Proaspătă 20%,Sosuri & Extra,1,5.0,5.0
ORD-202608-02404,Restaurantul Nostru,Bere Ciuc Premium la Draught 0.4L,Băuturi Alcoolice & Bere,2,14.0,28.0
ORD-202608-02404,Restaurantul Nostru,Pastramă de Oaie la Tigaie cu Mămăligă,Mâncăruri Gătite & Specialități,1,56.0,56.0
ORD-202608-02404,Restaurantul Nostru,Bulz Ardelenesc la Grătar,Aperitive & Gustări,1,32.0,32.0
ORD-202608-02404,Restaurantul Nostru,Fasole Bătută cu Ceapă Călită,Aperitive & Gustări,1,20.0,20.0
ORD-202608-02405,Restaurantul Nostru,Bulz Ardelenesc la Grătar,Aperitive & Gustări,1,32.0,32.0
ORD-202608-02405,Restaurantul Nostru,Frigărui de Berbecuț,Preparate la Grătar & Mici,1,58.0,58.0
ORD-202608-02405,Restaurantul Nostru,Ciorbă de Văcuță,Ciorbe & Supe,1,25.0,25.0
ORD-202608-02405,Restaurantul Nostru,Muștar Clasic,Sosuri & Extra,2,4.0,8.0
ORD-202608-02405,Restaurantul Nostru,Ceafă de Porc la Grătar,Preparate la Grătar & Mici,1,38.0,38.0
ORD-202608-02406,Restaurantul Nostru,Mujdei de Usturoi Tradițional,Sosuri & Extra,1,5.0,5.0
ORD-202608-02406,Restaurantul Nostru,Salată de Ardei Copți,Salate,1,16.0,16.0
ORD-202608-02406,Restaurantul Nostru,Burger Casei cu Cartofi Prăjiți,Mâncăruri Gătite & Specialități,1,49.0,49.0
ORD-202608-02407,Restaurantul Nostru,Mici de Oaie și Vită (1 buc),Preparate la Grătar & Mici,2,8.5,17.0
ORD-202608-02407,Restaurantul Nostru,Cașcaval Pane Crocant,Aperitive & Gustări,1,28.0,28.0
ORD-202608-02407,Restaurantul Nostru,Frăție de Mici & Cârnați,Preparate la Grătar & Mici,1,54.0,54.0
ORD-202608-02407,Restaurantul Nostru,Salată Caesar cu Pui la Grătar,Salate,1,38.0,38.0
ORD-202608-02408,Restaurantul Nostru,Vin Purcari Rară Neagră Sticlă 0.75L,Băuturi Alcoolice & Bere,1,95.0,95.0
ORD-202608-02408,Restaurantul Nostru,Platou Gustări Rece Tradiționale,Cârnați & Platouri,2,85.0,170.0
ORD-202608-02408,Restaurantul Nostru,Espresso Scurt / Lung Julius Meinl,Băuturi Răcoritoare & Cafea,1,12.0,12.0
ORD-202608-02408,Restaurantul Nostru,Varză Călită în Vin cu Chimen,Garnituri,2,15.0,30.0
ORD-202608-02409,Restaurantul Nostru,Cappuccino cu Spumă de Lapte,Băuturi Răcoritoare & Cafea,1,15.0,15.0
ORD-202608-02409,Restaurantul Nostru,Piure de Cartofi cu Unt,Garnituri,1,16.0,16.0
ORD-202608-02410,Restaurantul Nostru,Platou Boieresc (2-3 persoane),Cârnați & Platouri,1,145.0,145.0
ORD-202608-02410,Restaurantul Nostru,Bere Heineken 0.33L,Băuturi Alcoolice & Bere,1,16.0,16.0
ORD-202608-02410,Restaurantul Nostru,Sos Barbeque,Sosuri & Extra,1,6.0,6.0
ORD-202608-02410,Restaurantul Nostru,Cartofi Prăjiți cu Usturoi și Parmezan,Garnituri,1,18.0,18.0
ORD-202608-02410,Restaurantul Nostru,Iahnie de Fasole cu Bacon,Garnituri,2,16.0,32.0
ORD-202608-02411,Restaurantul Nostru,Salată de Ardei Copți,Salate,2,16.0,32.0
ORD-202608-02411,Restaurantul Nostru,Ștrudel de Mere cu Sos de Vanilie,Desert,1,25.0,25.0
ORD-202608-02411,Restaurantul Nostru,Lava Cake cu Înghețată de Vanilie,Desert,2,28.0,56.0
ORD-202608-02411,Restaurantul Nostru,Limonadă Proaspătă cu Miere și Mentă 0.5L,Băuturi Răcoritoare & Cafea,1,20.0,20.0
ORD-202608-02412,Restaurantul Nostru,Frăție de Mici & Cârnați,Preparate la Grătar & Mici,1,54.0,54.0
ORD-202608-02412,Restaurantul Nostru,Vin Purcari Rară Neagră Sticlă 0.75L,Băuturi Alcoolice & Bere,2,95.0,190.0
ORD-202608-02412,Restaurantul Nostru,Bulz Ardelenesc la Grătar,Aperitive & Gustări,2,32.0,64.0
ORD-202608-02412,Restaurantul Nostru,Tochitură Moldovenească cu Mămăligă,Mâncăruri Gătite & Specialități,1,48.0,48.0
ORD-202608-02413,Restaurantul Nostru,Cârnați Picanți de Pleșcoi,Cârnați & Platouri,1,42.0,42.0
ORD-202608-02413,Restaurantul Nostru,Frăție de Mici & Cârnați,Preparate la Grătar & Mici,1,54.0,54.0
ORD-202608-02413,Restaurantul Nostru,Salată Grecească,Salate,3,34.0,102.0
ORD-202608-02413,Restaurantul Nostru,Mujdei de Usturoi Tradițional,Sosuri & Extra,1,5.0,5.0
ORD-202608-02414,Restaurantul Nostru,Clătite cu Finetti și Banane (2 buc),Desert,1,22.0,22.0
ORD-202608-02414,Restaurantul Nostru,Apă Minerală / Plată Borsec 0.5L,Băuturi Răcoritoare & Cafea,1,10.0,10.0
ORD-202608-02414,Restaurantul Nostru,Bere Ciuc Premium la Draught 0.4L,Băuturi Alcoolice & Bere,1,14.0,14.0
ORD-202608-02414,Restaurantul Nostru,Sarmale Românești în Foi de Varză (4 buc),Mâncăruri Gătite & Specialități,2,44.0,88.0
ORD-202608-02415,Restaurantul Nostru,Tochitură Moldovenească cu Mămăligă,Mâncăruri Gătite & Specialități,1,48.0,48.0
ORD-202608-02415,Restaurantul Nostru,Vin Purcari Rară Neagră Sticlă 0.75L,Băuturi Alcoolice & Bere,1,95.0,95.0
ORD-202608-02415,Restaurantul Nostru,Cașcaval Pane Crocant,Aperitive & Gustări,1,28.0,28.0
ORD-202608-02415,Restaurantul Nostru,Ciorbă de Văcuță,Ciorbe & Supe,1,25.0,25.0
ORD-202608-02416,Restaurantul Nostru,Țuică de Prune Ardelenească 50ml,Băuturi Alcoolice & Bere,1,18.0,18.0
ORD-202608-02416,Restaurantul Nostru,Limonadă Proaspătă cu Miere și Mentă 0.5L,Băuturi Răcoritoare & Cafea,1,20.0,20.0
ORD-202608-02416,Restaurantul Nostru,Cașcaval Pane Crocant,Aperitive & Gustări,2,28.0,56.0
ORD-202608-02416,Restaurantul Nostru,Cartofi Prăjiți cu Usturoi și Parmezan,Garnituri,2,18.0,36.0
ORD-202608-02416,Restaurantul Nostru,Salată Grecească,Salate,1,34.0,34.0
ORD-202608-02417,Restaurantul Nostru,Bere Nepasteurizată Zăganu 0.5L,Băuturi Alcoolice & Bere,1,22.0,22.0
ORD-202608-02417,Restaurantul Nostru,Burger Casei cu Cartofi Prăjiți,Mâncăruri Gătite & Specialități,1,49.0,49.0
ORD-202608-02417,Restaurantul Nostru,Mici de Oaie și Vită (1 buc),Preparate la Grătar & Mici,1,8.5,8.5
ORD-202608-02418,Restaurantul Nostru,Mămăliguță Caldă,Garnituri,1,8.0,8.0
ORD-202608-02418,Restaurantul Nostru,Platou Boieresc (2-3 persoane),Cârnați & Platouri,1,145.0,145.0
ORD-202608-02418,Restaurantul Nostru,Supă Cremă de Legume cu Crutoane,Ciorbe & Supe,1,22.0,22.0
ORD-202608-02418,Restaurantul Nostru,Ciorbă Rădăuțeană de Pui,Ciorbe & Supe,1,26.0,26.0
ORD-202608-02418,Restaurantul Nostru,Coca-Cola / Coca-Cola Zero 0.33L,Băuturi Răcoritoare & Cafea,1,12.0,12.0
ORD-202608-02419,Restaurantul Nostru,Platou Gustări Rece Tradiționale,Cârnați & Platouri,1,85.0,85.0
ORD-202608-02419,Restaurantul Nostru,Papanași cu Smântână și Dulceață de Afine (2 buc),Desert,1,32.0,32.0
ORD-202608-02419,Restaurantul Nostru,Salată Grecească,Salate,1,34.0,34.0
ORD-202608-02419,Restaurantul Nostru,Muștar Clasic,Sosuri & Extra,1,4.0,4.0
ORD-202608-02420,Restaurantul Nostru,Smântână Proaspătă 20%,Sosuri & Extra,1,5.0,5.0
ORD-202608-02420,Restaurantul Nostru,Clătite cu Finetti și Banane (2 buc),Desert,2,22.0,44.0
ORD-202608-02420,Restaurantul Nostru,Fasole Bătută cu Ceapă Călită,Aperitive & Gustări,1,20.0,20.0
ORD-202608-02420,Restaurantul Nostru,Sarmale Românești în Foi de Varză (4 buc),Mâncăruri Gătite & Specialități,2,44.0,88.0
ORD-202608-02420,Restaurantul Nostru,Mici de Oaie și Vită (1 buc),Preparate la Grătar & Mici,1,8.5,8.5
ORD-202608-02421,Restaurantul Nostru,Coca-Cola / Coca-Cola Zero 0.33L,Băuturi Răcoritoare & Cafea,1,12.0,12.0
ORD-202608-02421,Restaurantul Nostru,Mămăliguță Caldă,Garnituri,2,8.0,16.0
ORD-202608-02422,Restaurantul Nostru,Cârnați Picanți de Pleșcoi,Cârnați & Platouri,2,42.0,84.0
ORD-202608-02422,Restaurantul Nostru,Șnițel Gigant de Pui Pane,Mâncăruri Gătite & Specialități,1,36.0,36.0
ORD-202608-02422,Restaurantul Nostru,Apă Minerală / Plată Borsec 0.5L,Băuturi Răcoritoare & Cafea,1,10.0,10.0
ORD-202608-02422,Restaurantul Nostru,Bulz Ardelenesc la Grătar,Aperitive & Gustări,1,32.0,32.0
ORD-202608-02422,Restaurantul Nostru,Iahnie de Fasole cu Bacon,Garnituri,3,16.0,48.0
ORD-202608-02423,Restaurantul Nostru,Mămăliguță Caldă,Garnituri,1,8.0,8.0
ORD-202608-02423,Restaurantul Nostru,Ceafă de Porc la Grătar,Preparate la Grătar & Mici,2,38.0,76.0
ORD-202608-02423,Restaurantul Nostru,Iahnie de Fasole cu Bacon,Garnituri,2,16.0,32.0
ORD-202608-02424,Restaurantul Nostru,Tochitură Moldovenească cu Mămăligă,Mâncăruri Gătite & Specialități,2,48.0,96.0
ORD-202608-02424,Restaurantul Nostru,Mujdei de Usturoi Tradițional,Sosuri & Extra,1,5.0,5.0
ORD-202608-02425,Restaurantul Nostru,Sos Barbeque,Sosuri & Extra,1,6.0,6.0
ORD-202608-02425,Restaurantul Nostru,Coș de Pâine de Casă,Sosuri & Extra,1,7.0,7.0
ORD-202608-02425,Restaurantul Nostru,Salată Grecească,Salate,1,34.0,34.0
ORD-202608-02426,Restaurantul Nostru,Platou Boieresc (2-3 persoane),Cârnați & Platouri,2,145.0,290.0
ORD-202608-02426,Restaurantul Nostru,Lava Cake cu Înghețată de Vanilie,Desert,1,28.0,28.0
ORD-202608-02426,Restaurantul Nostru,Coș de Pâine de Casă,Sosuri & Extra,1,7.0,7.0
ORD-202608-02426,Restaurantul Nostru,Cappuccino cu Spumă de Lapte,Băuturi Răcoritoare & Cafea,1,15.0,15.0
ORD-202608-02426,Restaurantul Nostru,Ciorbă de Burtiță Tradițională,Ciorbe & Supe,1,28.0,28.0
ORD-202608-02427,Restaurantul Nostru,Platou Cârnați Asortați,Cârnați & Platouri,1,95.0,95.0
ORD-202608-02427,Restaurantul Nostru,Salată de Murături Asortate,Salate,1,14.0,14.0
ORD-202608-02427,Restaurantul Nostru,Apă Minerală / Plată Borsec 0.5L,Băuturi Răcoritoare & Cafea,1,10.0,10.0
ORD-202608-02427,Restaurantul Nostru,Espresso Scurt / Lung Julius Meinl,Băuturi Răcoritoare & Cafea,2,12.0,24.0
ORD-202608-02427,Restaurantul Nostru,Bere Ciuc Premium la Draught 0.4L,Băuturi Alcoolice & Bere,1,14.0,14.0
ORD-202608-02428,Restaurantul Nostru,Sarmale Românești în Foi de Varză (4 buc),Mâncăruri Gătite & Specialități,1,44.0,44.0
ORD-202608-02428,Restaurantul Nostru,Ceafă de Porc la Grătar,Preparate la Grătar & Mici,1,38.0,38.0
ORD-202608-02429,Restaurantul Nostru,Ciorbă Rădăuțeană de Pui,Ciorbe & Supe,1,26.0,26.0
ORD-202608-02429,Restaurantul Nostru,Salată de Murături Asortate,Salate,1,14.0,14.0
ORD-202608-02430,Restaurantul Nostru,Espresso Scurt / Lung Julius Meinl,Băuturi Răcoritoare & Cafea,1,12.0,12.0
ORD-202608-02430,Restaurantul Nostru,Bulz Ardelenesc la Grătar,Aperitive & Gustări,2,32.0,64.0
ORD-202608-02431,Restaurantul Nostru,Ciorbă de Văcuță,Ciorbe & Supe,2,25.0,50.0
ORD-202608-02431,Restaurantul Nostru,Mămăliguță Caldă,Garnituri,1,8.0,8.0
ORD-202608-02431,Restaurantul Nostru,Salată de Murături Asortate,Salate,1,14.0,14.0
ORD-202608-02432,Restaurantul Nostru,Țuică de Prune Ardelenească 50ml,Băuturi Alcoolice & Bere,2,18.0,36.0
ORD-202608-02432,Restaurantul Nostru,Limonadă Proaspătă cu Miere și Mentă 0.5L,Băuturi Răcoritoare & Cafea,1,20.0,20.0
ORD-202608-02432,Restaurantul Nostru,Pachet Vinul Casei Fetească Regală 1L,Băuturi Alcoolice & Bere,1,55.0,55.0
ORD-202608-02433,Restaurantul Nostru,Piept de Pui la Grătar,Preparate la Grătar & Mici,1,34.0,34.0
ORD-202608-02433,Restaurantul Nostru,Muștar Clasic,Sosuri & Extra,1,4.0,4.0
ORD-202608-02433,Restaurantul Nostru,Mici de Oaie și Vită (1 buc),Preparate la Grătar & Mici,1,8.5,8.5
ORD-202608-02434,Restaurantul Nostru,Ciorbă de Perișoare,Ciorbe & Supe,1,24.0,24.0
ORD-202608-02434,Restaurantul Nostru,Salată Caesar cu Pui la Grătar,Salate,1,38.0,38.0
ORD-202608-02434,Restaurantul Nostru,Mici Românești de Vită-Porc (1 buc),Preparate la Grătar & Mici,1,7.5,7.5
ORD-202608-02434,Restaurantul Nostru,Mămăliguță Caldă,Garnituri,1,8.0,8.0
ORD-202608-02435,Restaurantul Nostru,Ciorbă de Perișoare,Ciorbe & Supe,2,24.0,48.0
ORD-202608-02435,Restaurantul Nostru,Ștrudel de Mere cu Sos de Vanilie,Desert,1,25.0,25.0
ORD-202608-02436,Restaurantul Nostru,Pastramă de Oaie la Tigaie cu Mămăligă,Mâncăruri Gătite & Specialități,3,56.0,168.0
ORD-202608-02436,Restaurantul Nostru,Cappuccino cu Spumă de Lapte,Băuturi Răcoritoare & Cafea,1,15.0,15.0
ORD-202608-02436,Restaurantul Nostru,Ciorbă Rădăuțeană de Pui,Ciorbe & Supe,1,26.0,26.0
ORD-202608-02436,Restaurantul Nostru,Coș de Pâine de Casă,Sosuri & Extra,2,7.0,14.0
ORD-202608-02436,Restaurantul Nostru,Platou Cârnați Asortați,Cârnați & Platouri,2,95.0,190.0
ORD-202608-02437,Restaurantul Nostru,Ciorbă de Burtiță Tradițională,Ciorbe & Supe,1,28.0,28.0
ORD-202608-02437,Restaurantul Nostru,Limonadă Proaspătă cu Miere și Mentă 0.5L,Băuturi Răcoritoare & Cafea,1,20.0,20.0
ORD-202608-02438,Restaurantul Nostru,Pachet Vinul Casei Fetească Regală 1L,Băuturi Alcoolice & Bere,3,55.0,165.0
ORD-202608-02438,Restaurantul Nostru,Țuică de Prune Ardelenească 50ml,Băuturi Alcoolice & Bere,1,18.0,18.0
ORD-202608-02439,Restaurantul Nostru,Mici de Oaie și Vită (1 buc),Preparate la Grătar & Mici,1,8.5,8.5
ORD-202608-02439,Restaurantul Nostru,Pachet Vinul Casei Fetească Regală 1L,Băuturi Alcoolice & Bere,2,55.0,110.0
ORD-202608-02439,Restaurantul Nostru,Salată de Ardei Copți,Salate,1,16.0,16.0
ORD-202608-02440,Restaurantul Nostru,Ciorbă de Perișoare,Ciorbe & Supe,2,24.0,48.0
ORD-202608-02440,Restaurantul Nostru,Salată Grecească,Salate,1,34.0,34.0
ORD-202608-02441,Restaurantul Nostru,Bere Nepasteurizată Zăganu 0.5L,Băuturi Alcoolice & Bere,1,22.0,22.0
ORD-202608-02441,Restaurantul Nostru,Ciorbă de Văcuță,Ciorbe & Supe,1,25.0,25.0
ORD-202608-02442,Restaurantul Nostru,Frigărui de Berbecuț,Preparate la Grătar & Mici,2,58.0,116.0
ORD-202608-02442,Restaurantul Nostru,Mici de Oaie și Vită (1 buc),Preparate la Grătar & Mici,1,8.5,8.5
ORD-202608-02443,Restaurantul Nostru,Iahnie de Fasole cu Bacon,Garnituri,1,16.0,16.0
ORD-202608-02443,Restaurantul Nostru,Piure de Cartofi cu Unt,Garnituri,1,16.0,16.0
ORD-202608-02444,Restaurantul Nostru,Bulz Ardelenesc la Grătar,Aperitive & Gustări,1,32.0,32.0
ORD-202608-02444,Restaurantul Nostru,Ceafă de Porc la Grătar,Preparate la Grătar & Mici,1,38.0,38.0
ORD-202608-02445,Restaurantul Nostru,Ciolan de Porc Rumexit la Cuptor,Mâncăruri Gătite & Specialități,1,78.0,78.0
ORD-202608-02445,Restaurantul Nostru,Clătite cu Finetti și Banane (2 buc),Desert,1,22.0,22.0
ORD-202608-02446,Restaurantul Nostru,Ciorbă Rădăuțeană de Pui,Ciorbe & Supe,1,26.0,26.0
ORD-202608-02446,Restaurantul Nostru,Salată de Ardei Copți,Salate,1,16.0,16.0
ORD-202608-02446,Restaurantul Nostru,Piure de Cartofi cu Unt,Garnituri,1,16.0,16.0
ORD-202608-02446,Restaurantul Nostru,Ceafă de Porc la Grătar,Preparate la Grătar & Mici,2,38.0,76.0
ORD-202608-02447,Restaurantul Nostru,Coca-Cola / Coca-Cola Zero 0.33L,Băuturi Răcoritoare & Cafea,1,12.0,12.0
ORD-202608-02447,Restaurantul Nostru,Piept de Pui la Grătar,Preparate la Grătar & Mici,1,34.0,34.0
ORD-202608-02447,Restaurantul Nostru,Apă Minerală / Plată Borsec 0.5L,Băuturi Răcoritoare & Cafea,1,10.0,10.0
ORD-202608-02447,Restaurantul Nostru,Șnițel Gigant de Pui Pane,Mâncăruri Gătite & Specialități,1,36.0,36.0
ORD-202608-02447,Restaurantul Nostru,Ciorbă de Văcuță,Ciorbe & Supe,1,25.0,25.0
ORD-202608-02448,Restaurantul Nostru,Mămăliguță Caldă,Garnituri,1,8.0,8.0
ORD-202608-02448,Restaurantul Nostru,Apă Minerală / Plată Borsec 0.5L,Băuturi Răcoritoare & Cafea,1,10.0,10.0
ORD-202608-02449,Restaurantul Nostru,Cappuccino cu Spumă de Lapte,Băuturi Răcoritoare & Cafea,1,15.0,15.0
ORD-202608-02449,Restaurantul Nostru,Salată de Murături Asortate,Salate,1,14.0,14.0
ORD-202608-02449,Restaurantul Nostru,Iahnie de Fasole cu Bacon,Garnituri,1,16.0,16.0
ORD-202608-02449,Restaurantul Nostru,Ștrudel de Mere cu Sos de Vanilie,Desert,2,25.0,50.0
ORD-202608-02450,Restaurantul Nostru,Coca-Cola / Coca-Cola Zero 0.33L,Băuturi Răcoritoare & Cafea,1,12.0,12.0
ORD-202608-02450,Restaurantul Nostru,Supă Cremă de Legume cu Crutoane,Ciorbe & Supe,1,22.0,22.0
ORD-202608-02450,Restaurantul Nostru,Bere Nepasteurizată Zăganu 0.5L,Băuturi Alcoolice & Bere,1,22.0,22.0
ORD-202608-02451,Restaurantul Nostru,Bulz Ardelenesc la Grătar,Aperitive & Gustări,1,32.0,32.0
ORD-202608-02451,Restaurantul Nostru,Apă Minerală / Plată Borsec 0.5L,Băuturi Răcoritoare & Cafea,3,10.0,30.0
ORD-202608-02451,Restaurantul Nostru,Espresso Scurt / Lung Julius Meinl,Băuturi Răcoritoare & Cafea,1,12.0,12.0
ORD-202608-02452,Restaurantul Nostru,Apă Minerală / Plată Borsec 0.5L,Băuturi Răcoritoare & Cafea,1,10.0,10.0
ORD-202608-02452,Restaurantul Nostru,Mujdei de Usturoi Tradițional,Sosuri & Extra,1,5.0,5.0
ORD-202608-02452,Restaurantul Nostru,Cartofi Prăjiți cu Usturoi și Parmezan,Garnituri,1,18.0,18.0
ORD-202608-02452,Restaurantul Nostru,Muștar Clasic,Sosuri & Extra,1,4.0,4.0
ORD-202608-02453,Restaurantul Nostru,Supă Cremă de Legume cu Crutoane,Ciorbe & Supe,1,22.0,22.0
ORD-202608-02453,Restaurantul Nostru,Cașcaval Pane Crocant,Aperitive & Gustări,1,28.0,28.0
ORD-202608-02454,Restaurantul Nostru,Platou Boieresc (2-3 persoane),Cârnați & Platouri,1,145.0,145.0
ORD-202608-02454,Restaurantul Nostru,Lava Cake cu Înghețată de Vanilie,Desert,3,28.0,84.0
ORD-202608-02454,Restaurantul Nostru,Espresso Scurt / Lung Julius Meinl,Băuturi Răcoritoare & Cafea,1,12.0,12.0
ORD-202608-02454,Restaurantul Nostru,Bere Ciuc Premium la Draught 0.4L,Băuturi Alcoolice & Bere,1,14.0,14.0
ORD-202608-02454,Restaurantul Nostru,Vin Purcari Rară Neagră Sticlă 0.75L,Băuturi Alcoolice & Bere,1,95.0,95.0
ORD-202608-02455,Restaurantul Nostru,Frigărui de Berbecuț,Preparate la Grătar & Mici,1,58.0,58.0
ORD-202608-02455,Restaurantul Nostru,Frăție de Mici & Cârnați,Preparate la Grătar & Mici,1,54.0,54.0
ORD-202608-02455,Restaurantul Nostru,Bere Heineken 0.33L,Băuturi Alcoolice & Bere,1,16.0,16.0
ORD-202608-02456,Restaurantul Nostru,Țuică de Prune Ardelenească 50ml,Băuturi Alcoolice & Bere,1,18.0,18.0
ORD-202608-02456,Restaurantul Nostru,Pastramă de Oaie la Tigaie cu Mămăligă,Mâncăruri Gătite & Specialități,2,56.0,112.0
ORD-202608-02457,Restaurantul Nostru,Burger Casei cu Cartofi Prăjiți,Mâncăruri Gătite & Specialități,1,49.0,49.0
ORD-202608-02457,Restaurantul Nostru,Bere Heineken 0.33L,Băuturi Alcoolice & Bere,1,16.0,16.0
ORD-202608-02458,Restaurantul Nostru,Coca-Cola / Coca-Cola Zero 0.33L,Băuturi Răcoritoare & Cafea,1,12.0,12.0
ORD-202608-02458,Restaurantul Nostru,Ciolan de Porc Rumexit la Cuptor,Mâncăruri Gătite & Specialități,2,78.0,156.0
ORD-202608-02458,Restaurantul Nostru,Frigărui de Berbecuț,Preparate la Grătar & Mici,1,58.0,58.0
ORD-202608-02459,Restaurantul Nostru,Espresso Scurt / Lung Julius Meinl,Băuturi Răcoritoare & Cafea,2,12.0,24.0
ORD-202608-02459,Restaurantul Nostru,Salată de Murături Asortate,Salate,1,14.0,14.0
ORD-202608-02459,Restaurantul Nostru,Pachet Vinul Casei Fetească Regală 1L,Băuturi Alcoolice & Bere,1,55.0,55.0
ORD-202608-02459,Restaurantul Nostru,Mămăliguță Caldă,Garnituri,1,8.0,8.0
ORD-202608-02460,Restaurantul Nostru,Salată Caesar cu Pui la Grătar,Salate,1,38.0,38.0
ORD-202608-02460,Restaurantul Nostru,Bere Heineken 0.33L,Băuturi Alcoolice & Bere,1,16.0,16.0
ORD-202608-02460,Restaurantul Nostru,Salată Grecească,Salate,1,34.0,34.0
ORD-202608-02460,Restaurantul Nostru,Varză Călită în Vin cu Chimen,Garnituri,2,15.0,30.0
ORD-202608-02460,Restaurantul Nostru,Vin Purcari Rară Neagră Sticlă 0.75L,Băuturi Alcoolice & Bere,1,95.0,95.0
ORD-202608-02461,Restaurantul Nostru,Salată de Ardei Copți,Salate,1,16.0,16.0
ORD-202608-02461,Restaurantul Nostru,Platou Gustări Rece Tradiționale,Cârnați & Platouri,3,85.0,255.0
ORD-202608-02461,Restaurantul Nostru,Mici de Oaie și Vită (1 buc),Preparate la Grătar & Mici,3,8.5,25.5
ORD-202608-02461,Restaurantul Nostru,Pastramă de Oaie la Tigaie cu Mămăligă,Mâncăruri Gătite & Specialități,1,56.0,56.0
ORD-202608-02462,Restaurantul Nostru,Țuică de Prune Ardelenească 50ml,Băuturi Alcoolice & Bere,1,18.0,18.0
ORD-202608-02462,Restaurantul Nostru,Frigărui de Berbecuț,Preparate la Grătar & Mici,1,58.0,58.0
ORD-202608-02462,Restaurantul Nostru,Bere Nepasteurizată Zăganu 0.5L,Băuturi Alcoolice & Bere,1,22.0,22.0
ORD-202608-02462,Restaurantul Nostru,Smântână Proaspătă 20%,Sosuri & Extra,1,5.0,5.0
ORD-202608-02463,Restaurantul Nostru,Limonadă Proaspătă cu Miere și Mentă 0.5L,Băuturi Răcoritoare & Cafea,1,20.0,20.0
ORD-202608-02463,Restaurantul Nostru,Vin Purcari Rară Neagră Sticlă 0.75L,Băuturi Alcoolice & Bere,1,95.0,95.0
ORD-202608-02464,Restaurantul Nostru,Apă Minerală / Plată Borsec 0.5L,Băuturi Răcoritoare & Cafea,1,10.0,10.0
ORD-202608-02464,Restaurantul Nostru,Bere Heineken 0.33L,Băuturi Alcoolice & Bere,2,16.0,32.0
ORD-202608-02464,Restaurantul Nostru,Burger Casei cu Cartofi Prăjiți,Mâncăruri Gătite & Specialități,1,49.0,49.0
ORD-202608-02464,Restaurantul Nostru,Piure de Cartofi cu Unt,Garnituri,2,16.0,32.0
ORD-202608-02464,Restaurantul Nostru,Platou Gustări Rece Tradiționale,Cârnați & Platouri,1,85.0,85.0
ORD-202608-02465,Restaurantul Nostru,Coș de Pâine de Casă,Sosuri & Extra,1,7.0,7.0
ORD-202608-02465,Restaurantul Nostru,Ciorbă de Burtiță Tradițională,Ciorbe & Supe,1,28.0,28.0
ORD-202608-02466,Restaurantul Nostru,Ciorbă de Perișoare,Ciorbe & Supe,1,24.0,24.0
ORD-202608-02466,Restaurantul Nostru,Bere Ciuc Premium la Draught 0.4L,Băuturi Alcoolice & Bere,2,14.0,28.0
ORD-202608-02466,Restaurantul Nostru,Ciorbă de Văcuță,Ciorbe & Supe,1,25.0,25.0
ORD-202608-02466,Restaurantul Nostru,Mici de Oaie și Vită (1 buc),Preparate la Grătar & Mici,1,8.5,8.5
ORD-202608-02466,Restaurantul Nostru,Tochitură Moldovenească cu Mămăligă,Mâncăruri Gătite & Specialități,1,48.0,48.0
ORD-202608-02467,Restaurantul Nostru,Frigărui de Berbecuț,Preparate la Grătar & Mici,2,58.0,116.0
ORD-202608-02467,Restaurantul Nostru,Salată de Murături Asortate,Salate,1,14.0,14.0
ORD-202608-02468,Restaurantul Nostru,Sarmale Românești în Foi de Varză (4 buc),Mâncăruri Gătite & Specialități,1,44.0,44.0
ORD-202608-02468,Restaurantul Nostru,Platou Boieresc (2-3 persoane),Cârnați & Platouri,1,145.0,145.0
ORD-202608-02469,Restaurantul Nostru,Supă Cremă de Legume cu Crutoane,Ciorbe & Supe,1,22.0,22.0
ORD-202608-02469,Restaurantul Nostru,Ștrudel de Mere cu Sos de Vanilie,Desert,3,25.0,75.0
ORD-202608-02469,Restaurantul Nostru,Varză Călită în Vin cu Chimen,Garnituri,1,15.0,15.0
ORD-202608-02469,Restaurantul Nostru,Vin Purcari Rară Neagră Sticlă 0.75L,Băuturi Alcoolice & Bere,2,95.0,190.0
ORD-202608-02470,Restaurantul Nostru,Ștrudel de Mere cu Sos de Vanilie,Desert,1,25.0,25.0
ORD-202608-02470,Restaurantul Nostru,Ciorbă Rădăuțeană de Pui,Ciorbe & Supe,1,26.0,26.0
ORD-202608-02470,Restaurantul Nostru,Coș de Pâine de Casă,Sosuri & Extra,1,7.0,7.0
ORD-202608-02470,Restaurantul Nostru,Burger Casei cu Cartofi Prăjiți,Mâncăruri Gătite & Specialități,1,49.0,49.0
ORD-202608-02470,Restaurantul Nostru,Muștar Clasic,Sosuri & Extra,1,4.0,4.0
ORD-202608-02471,Restaurantul Nostru,Frăție de Mici & Cârnați,Preparate la Grătar & Mici,1,54.0,54.0
ORD-202608-02471,Restaurantul Nostru,Supă Cremă de Legume cu Crutoane,Ciorbe & Supe,1,22.0,22.0
ORD-202608-02471,Restaurantul Nostru,Cartofi Prăjiți cu Usturoi și Parmezan,Garnituri,2,18.0,36.0
ORD-202608-02472,Restaurantul Nostru,Mici Românești de Vită-Porc (1 buc),Preparate la Grătar & Mici,2,7.5,15.0
ORD-202608-02472,Restaurantul Nostru,Salată Grecească,Salate,1,34.0,34.0
ORD-202608-02472,Restaurantul Nostru,Ciorbă de Văcuță,Ciorbe & Supe,1,25.0,25.0
ORD-202608-02473,Restaurantul Nostru,Cappuccino cu Spumă de Lapte,Băuturi Răcoritoare & Cafea,1,15.0,15.0
ORD-202608-02473,Restaurantul Nostru,Bere Ciuc Premium la Draught 0.4L,Băuturi Alcoolice & Bere,1,14.0,14.0
ORD-202608-02473,Restaurantul Nostru,Frigărui de Berbecuț,Preparate la Grătar & Mici,1,58.0,58.0
ORD-202608-02473,Restaurantul Nostru,Ciorbă de Văcuță,Ciorbe & Supe,1,25.0,25.0
ORD-202608-02473,Restaurantul Nostru,Limonadă Proaspătă cu Miere și Mentă 0.5L,Băuturi Răcoritoare & Cafea,1,20.0,20.0
ORD-202608-02474,Restaurantul Nostru,Mici de Oaie și Vită (1 buc),Preparate la Grătar & Mici,1,8.5,8.5
ORD-202608-02474,Restaurantul Nostru,Varză Călită în Vin cu Chimen,Garnituri,1,15.0,15.0
ORD-202608-02475,Restaurantul Nostru,Piure de Cartofi cu Unt,Garnituri,1,16.0,16.0
ORD-202608-02475,Restaurantul Nostru,Limonadă Proaspătă cu Miere și Mentă 0.5L,Băuturi Răcoritoare & Cafea,1,20.0,20.0
ORD-202608-02475,Restaurantul Nostru,Bere Nepasteurizată Zăganu 0.5L,Băuturi Alcoolice & Bere,1,22.0,22.0
ORD-202608-02475,Restaurantul Nostru,Bulz Ardelenesc la Grătar,Aperitive & Gustări,1,32.0,32.0
ORD-202608-02476,Restaurantul Nostru,Cașcaval Pane Crocant,Aperitive & Gustări,1,28.0,28.0
ORD-202608-02476,Restaurantul Nostru,Platou Gustări Rece Tradiționale,Cârnați & Platouri,1,85.0,85.0
ORD-202608-02476,Restaurantul Nostru,Bere Heineken 0.33L,Băuturi Alcoolice & Bere,1,16.0,16.0
ORD-202608-02477,Restaurantul Nostru,Ciorbă de Perișoare,Ciorbe & Supe,2,24.0,48.0
ORD-202608-02477,Restaurantul Nostru,Cașcaval Pane Crocant,Aperitive & Gustări,2,28.0,56.0
ORD-202608-02477,Restaurantul Nostru,Muștar Clasic,Sosuri & Extra,2,4.0,8.0
ORD-202608-02477,Restaurantul Nostru,Cappuccino cu Spumă de Lapte,Băuturi Răcoritoare & Cafea,1,15.0,15.0
ORD-202608-02477,Restaurantul Nostru,Salată de Ardei Copți,Salate,1,16.0,16.0
ORD-202608-02478,Restaurantul Nostru,Piure de Cartofi cu Unt,Garnituri,1,16.0,16.0
ORD-202608-02478,Restaurantul Nostru,Vin Purcari Rară Neagră Sticlă 0.75L,Băuturi Alcoolice & Bere,2,95.0,190.0
ORD-202608-02478,Restaurantul Nostru,Cârnați Picanți de Pleșcoi,Cârnați & Platouri,1,42.0,42.0
ORD-202608-02478,Restaurantul Nostru,Salată Grecească,Salate,1,34.0,34.0
ORD-202608-02478,Restaurantul Nostru,Supă Cremă de Legume cu Crutoane,Ciorbe & Supe,2,22.0,44.0
ORD-202608-02479,Restaurantul Nostru,Lava Cake cu Înghețată de Vanilie,Desert,1,28.0,28.0
ORD-202608-02479,Restaurantul Nostru,Smântână Proaspătă 20%,Sosuri & Extra,2,5.0,10.0
ORD-202608-02479,Restaurantul Nostru,Platou Gustări Rece Tradiționale,Cârnați & Platouri,1,85.0,85.0
ORD-202608-02479,Restaurantul Nostru,Cappuccino cu Spumă de Lapte,Băuturi Răcoritoare & Cafea,1,15.0,15.0
ORD-202608-02480,Restaurantul Nostru,Mămăliguță Caldă,Garnituri,1,8.0,8.0
ORD-202608-02480,Restaurantul Nostru,Supă Cremă de Legume cu Crutoane,Ciorbe & Supe,1,22.0,22.0
ORD-202608-02480,Restaurantul Nostru,Ciorbă de Văcuță,Ciorbe & Supe,1,25.0,25.0
ORD-202608-02480,Restaurantul Nostru,Ceafă de Porc la Grătar,Preparate la Grătar & Mici,2,38.0,76.0
ORD-202608-02481,Restaurantul Nostru,Piure de Cartofi cu Unt,Garnituri,1,16.0,16.0
ORD-202608-02481,Restaurantul Nostru,Varză Călită în Vin cu Chimen,Garnituri,1,15.0,15.0
ORD-202608-02481,Restaurantul Nostru,Platou Boieresc (2-3 persoane),Cârnați & Platouri,1,145.0,145.0
ORD-202608-02481,Restaurantul Nostru,Pastramă de Oaie la Tigaie cu Mămăligă,Mâncăruri Gătite & Specialități,1,56.0,56.0
ORD-202608-02481,Restaurantul Nostru,Fasole Bătută cu Ceapă Călită,Aperitive & Gustări,1,20.0,20.0
ORD-202608-02482,Restaurantul Nostru,Salată de Murături Asortate,Salate,1,14.0,14.0
ORD-202608-02482,Restaurantul Nostru,Cappuccino cu Spumă de Lapte,Băuturi Răcoritoare & Cafea,1,15.0,15.0
ORD-202608-02483,Restaurantul Nostru,Vin Purcari Rară Neagră Sticlă 0.75L,Băuturi Alcoolice & Bere,1,95.0,95.0
ORD-202608-02483,Restaurantul Nostru,Piept de Pui la Grătar,Preparate la Grătar & Mici,1,34.0,34.0
ORD-202608-02483,Restaurantul Nostru,Cappuccino cu Spumă de Lapte,Băuturi Răcoritoare & Cafea,1,15.0,15.0
ORD-202608-02483,Restaurantul Nostru,Piure de Cartofi cu Unt,Garnituri,1,16.0,16.0
ORD-202608-02483,Restaurantul Nostru,Iahnie de Fasole cu Bacon,Garnituri,1,16.0,16.0
ORD-202608-02484,Restaurantul Nostru,Fasole Bătută cu Ceapă Călită,Aperitive & Gustări,1,20.0,20.0
ORD-202608-02484,Restaurantul Nostru,Apă Minerală / Plată Borsec 0.5L,Băuturi Răcoritoare & Cafea,1,10.0,10.0
ORD-202608-02484,Restaurantul Nostru,Pachet Vinul Casei Fetească Regală 1L,Băuturi Alcoolice & Bere,1,55.0,55.0
ORD-202608-02484,Restaurantul Nostru,Iahnie de Fasole cu Bacon,Garnituri,1,16.0,16.0
ORD-202608-02485,Restaurantul Nostru,Cașcaval Pane Crocant,Aperitive & Gustări,1,28.0,28.0
ORD-202608-02485,Restaurantul Nostru,Pachet Vinul Casei Fetească Regală 1L,Băuturi Alcoolice & Bere,2,55.0,110.0
ORD-202608-02485,Restaurantul Nostru,Mujdei de Usturoi Tradițional,Sosuri & Extra,1,5.0,5.0
ORD-202608-02486,Restaurantul Nostru,Fasole Bătută cu Ceapă Călită,Aperitive & Gustări,1,20.0,20.0
ORD-202608-02486,Restaurantul Nostru,Cașcaval Pane Crocant,Aperitive & Gustări,1,28.0,28.0
ORD-202608-02486,Restaurantul Nostru,Ceafă de Porc la Grătar,Preparate la Grătar & Mici,1,38.0,38.0
ORD-202608-02486,Restaurantul Nostru,Piure de Cartofi cu Unt,Garnituri,1,16.0,16.0
ORD-202608-02487,Restaurantul Nostru,Coca-Cola / Coca-Cola Zero 0.33L,Băuturi Răcoritoare & Cafea,1,12.0,12.0
ORD-202608-02487,Restaurantul Nostru,Platou Boieresc (2-3 persoane),Cârnați & Platouri,1,145.0,145.0
ORD-202608-02488,Restaurantul Nostru,Pachet Vinul Casei Fetească Regală 1L,Băuturi Alcoolice & Bere,2,55.0,110.0
ORD-202608-02488,Restaurantul Nostru,Cartofi Prăjiți cu Usturoi și Parmezan,Garnituri,1,18.0,18.0
ORD-202608-02489,Restaurantul Nostru,Tochitură Moldovenească cu Mămăligă,Mâncăruri Gătite & Specialități,1,48.0,48.0
ORD-202608-02489,Restaurantul Nostru,Lava Cake cu Înghețată de Vanilie,Desert,1,28.0,28.0
ORD-202608-02489,Restaurantul Nostru,Apă Minerală / Plată Borsec 0.5L,Băuturi Răcoritoare & Cafea,1,10.0,10.0
ORD-202608-02489,Restaurantul Nostru,Țuică de Prune Ardelenească 50ml,Băuturi Alcoolice & Bere,1,18.0,18.0
ORD-202608-02490,Restaurantul Nostru,Burger Casei cu Cartofi Prăjiți,Mâncăruri Gătite & Specialități,2,49.0,98.0
ORD-202608-02490,Restaurantul Nostru,Ștrudel de Mere cu Sos de Vanilie,Desert,3,25.0,75.0
ORD-202608-02490,Restaurantul Nostru,Pachet Vinul Casei Fetească Regală 1L,Băuturi Alcoolice & Bere,1,55.0,55.0
ORD-202608-02490,Restaurantul Nostru,Cașcaval Pane Crocant,Aperitive & Gustări,1,28.0,28.0
ORD-202608-02491,Restaurantul Nostru,Mujdei de Usturoi Tradițional,Sosuri & Extra,1,5.0,5.0
ORD-202608-02491,Restaurantul Nostru,Cârnați Picanți de Pleșcoi,Cârnați & Platouri,1,42.0,42.0
ORD-202608-02491,Restaurantul Nostru,Tochitură Moldovenească cu Mămăligă,Mâncăruri Gătite & Specialități,1,48.0,48.0
ORD-202608-02491,Restaurantul Nostru,Platou Gustări Rece Tradiționale,Cârnați & Platouri,2,85.0,170.0
ORD-202608-02491,Restaurantul Nostru,Ciorbă de Perișoare,Ciorbe & Supe,1,24.0,24.0
ORD-202608-02492,Restaurantul Nostru,Mujdei de Usturoi Tradițional,Sosuri & Extra,1,5.0,5.0
ORD-202608-02492,Restaurantul Nostru,Țuică de Prune Ardelenească 50ml,Băuturi Alcoolice & Bere,1,18.0,18.0
ORD-202608-02493,Restaurantul Nostru,Bere Ciuc Premium la Draught 0.4L,Băuturi Alcoolice & Bere,2,14.0,28.0
ORD-202608-02493,Restaurantul Nostru,Ciorbă de Burtiță Tradițională,Ciorbe & Supe,1,28.0,28.0
ORD-202608-02494,Restaurantul Nostru,Cârnați Picanți de Pleșcoi,Cârnați & Platouri,1,42.0,42.0
ORD-202608-02494,Restaurantul Nostru,Sarmale Românești în Foi de Varză (4 buc),Mâncăruri Gătite & Specialități,1,44.0,44.0
ORD-202608-02494,Restaurantul Nostru,Coș de Pâine de Casă,Sosuri & Extra,1,7.0,7.0
ORD-202608-02494,Restaurantul Nostru,Piept de Pui la Grătar,Preparate la Grătar & Mici,1,34.0,34.0
ORD-202608-02494,Restaurantul Nostru,Pachet Vinul Casei Fetească Regală 1L,Băuturi Alcoolice & Bere,1,55.0,55.0
ORD-202608-02495,Restaurantul Nostru,Ciorbă de Perișoare,Ciorbe & Supe,1,24.0,24.0
ORD-202608-02495,Restaurantul Nostru,Smântână Proaspătă 20%,Sosuri & Extra,1,5.0,5.0
ORD-202608-02496,Restaurantul Nostru,Platou Boieresc (2-3 persoane),Cârnați & Platouri,2,145.0,290.0
ORD-202608-02496,Restaurantul Nostru,Mămăliguță Caldă,Garnituri,2,8.0,16.0
ORD-202608-02496,Restaurantul Nostru,Mici de Oaie și Vită (1 buc),Preparate la Grătar & Mici,1,8.5,8.5
ORD-202608-02497,Restaurantul Nostru,Platou Gustări Rece Tradiționale,Cârnați & Platouri,2,85.0,170.0
ORD-202608-02497,Restaurantul Nostru,Frăție de Mici & Cârnați,Preparate la Grătar & Mici,1,54.0,54.0
ORD-202608-02498,Restaurantul Nostru,Ciorbă de Burtiță Tradițională,Ciorbe & Supe,1,28.0,28.0
ORD-202608-02498,Restaurantul Nostru,Bere Heineken 0.33L,Băuturi Alcoolice & Bere,1,16.0,16.0
ORD-202608-02498,Restaurantul Nostru,Vin Purcari Rară Neagră Sticlă 0.75L,Băuturi Alcoolice & Bere,1,95.0,95.0
ORD-202608-02499,Restaurantul Nostru,Piure de Cartofi cu Unt,Garnituri,1,16.0,16.0
ORD-202608-02499,Restaurantul Nostru,Șnițel Gigant de Pui Pane,Mâncăruri Gătite & Specialități,1,36.0,36.0
ORD-202608-02499,Restaurantul Nostru,Sarmale Românești în Foi de Varză (4 buc),Mâncăruri Gătite & Specialități,1,44.0,44.0
ORD-202608-02499,Restaurantul Nostru,Ciorbă de Perișoare,Ciorbe & Supe,1,24.0,24.0
ORD-202608-02499,Restaurantul Nostru,Pastramă de Oaie la Tigaie cu Mămăligă,Mâncăruri Gătite & Specialități,1,56.0,56.0
ORD-202608-02500,Restaurantul Nostru,Limonadă Proaspătă cu Miere și Mentă 0.5L,Băuturi Răcoritoare & Cafea,1,20.0,20.0
ORD-202608-02500,Restaurantul Nostru,Cartofi Prăjiți cu Usturoi și Parmezan,Garnituri,1,18.0,18.0
